# Blender 5.0.1
# www.blender.org
mtllib smiley_ball.mtl
o SmileyBall
v 0.000000 2.000000 0.000000
v 0.000000 1.995185 -0.098017
v 0.000000 1.980785 -0.195090
v 0.000000 1.956940 -0.290285
v 0.000000 1.881921 -0.471397
v 0.000000 1.471397 -0.881921
v 0.000000 1.382684 -0.923880
v 0.000000 1.290285 -0.956940
v 0.000000 1.098017 -0.995185
v 0.000000 1.000000 -1.000000
v 0.000000 0.901983 -0.995185
v 0.000000 0.709715 -0.956940
v 0.000000 0.528603 -0.881921
v 0.000000 0.118079 -0.471397
v 0.000000 0.076120 -0.382683
v 0.000000 0.043060 -0.290285
v 0.000000 0.019215 -0.195090
v 0.000000 0.004815 -0.098017
v 0.000000 0.000000 0.000000
v 0.009607 1.995185 -0.097545
v 0.019122 1.980785 -0.194151
v 0.028453 1.956940 -0.288887
v 0.037510 1.923880 -0.380841
v 0.046205 1.881921 -0.469127
v 0.054455 1.831470 -0.552895
v 0.062181 1.773010 -0.631339
v 0.069309 1.707107 -0.703702
v 0.075768 1.634393 -0.769288
v 0.081498 1.555570 -0.827466
v 0.086443 1.471397 -0.877675
v 0.090556 1.382684 -0.919431
v 0.093797 1.290285 -0.952332
v 0.096134 1.195090 -0.976062
v 0.097545 1.098017 -0.990393
v 0.098017 1.000000 -0.995185
v 0.097545 0.901983 -0.990393
v 0.096134 0.804910 -0.976062
v 0.093797 0.709715 -0.952332
v 0.090556 0.617317 -0.919431
v 0.086443 0.528603 -0.877675
v 0.081498 0.444430 -0.827466
v 0.075768 0.365607 -0.769288
v 0.069309 0.292893 -0.703702
v 0.062181 0.226990 -0.631339
v 0.054455 0.168530 -0.552895
v 0.046205 0.118079 -0.469127
v 0.037510 0.076120 -0.380841
v 0.028453 0.043060 -0.288887
v 0.019122 0.019215 -0.194151
v 0.009607 0.004815 -0.097545
v 0.019122 1.995185 -0.096134
v 0.038060 1.980785 -0.191342
v 0.056632 1.956940 -0.284707
v 0.074658 1.923880 -0.375330
v 0.091965 1.881921 -0.462339
v 0.108386 1.831470 -0.544895
v 0.123764 1.773010 -0.622204
v 0.137950 1.707107 -0.693520
v 0.150807 1.634393 -0.758157
v 0.162212 1.555570 -0.815493
v 0.172054 1.471397 -0.864975
v 0.180240 1.382684 -0.906127
v 0.186690 1.290285 -0.938553
v 0.191342 1.195090 -0.961940
v 0.194151 1.098017 -0.976062
v 0.195090 1.000000 -0.980785
v 0.194151 0.901983 -0.976062
v 0.191342 0.804910 -0.961940
v 0.186690 0.709715 -0.938553
v 0.180240 0.617317 -0.906127
v 0.172054 0.528603 -0.864975
v 0.162212 0.444430 -0.815493
v 0.150807 0.365607 -0.758157
v 0.137950 0.292893 -0.693520
v 0.123764 0.226990 -0.622204
v 0.108386 0.168530 -0.544895
v 0.091965 0.118079 -0.462339
v 0.074658 0.076120 -0.375330
v 0.056632 0.043060 -0.284707
v 0.038060 0.019215 -0.191342
v 0.019122 0.004815 -0.096134
v 0.028453 1.995185 -0.093797
v 0.056632 1.980785 -0.186690
v 0.084265 1.956940 -0.277785
v 0.111087 1.923880 -0.366205
v 0.136839 1.881921 -0.451099
v 0.161274 1.831470 -0.531648
v 0.184155 1.773010 -0.607077
v 0.205262 1.707107 -0.676659
v 0.224393 1.634393 -0.739725
v 0.241363 1.555570 -0.795667
v 0.256008 1.471397 -0.843946
v 0.268188 1.382684 -0.884098
v 0.277785 1.290285 -0.915735
v 0.284707 1.195090 -0.938553
v 0.288887 1.098017 -0.952332
v 0.290285 1.000000 -0.956940
v 0.288887 0.901983 -0.952332
v 0.284707 0.804910 -0.938553
v 0.277785 0.709715 -0.915735
v 0.268188 0.617317 -0.884098
v 0.256008 0.528603 -0.843946
v 0.241363 0.444430 -0.795667
v 0.224393 0.365607 -0.739725
v 0.205262 0.292893 -0.676659
v 0.184155 0.226990 -0.607077
v 0.161274 0.168530 -0.531648
v 0.136839 0.118079 -0.451099
v 0.111087 0.076120 -0.366205
v 0.084265 0.043060 -0.277785
v 0.056632 0.019215 -0.186690
v 0.028453 0.004815 -0.093797
v 0.037510 1.995185 -0.090556
v 0.074658 1.980785 -0.180240
v 0.111087 1.956940 -0.268188
v 0.146447 1.923880 -0.353553
v 0.180396 1.881921 -0.435514
v 0.212608 1.831470 -0.513280
v 0.242772 1.773010 -0.586103
v 0.270598 1.707107 -0.653281
v 0.295818 1.634393 -0.714169
v 0.318190 1.555570 -0.768178
v 0.337497 1.471397 -0.814789
v 0.353553 1.382684 -0.853553
v 0.366205 1.290285 -0.884098
v 0.375330 1.195090 -0.906127
v 0.380841 1.098017 -0.919431
v 0.382683 1.000000 -0.923880
v 0.380841 0.901983 -0.919431
v 0.375330 0.804910 -0.906127
v 0.366205 0.709715 -0.884098
v 0.353553 0.617317 -0.853553
v 0.337497 0.528603 -0.814789
v 0.318190 0.444430 -0.768178
v 0.295818 0.365607 -0.714169
v 0.270598 0.292893 -0.653281
v 0.242772 0.226990 -0.586103
v 0.212608 0.168530 -0.513280
v 0.180396 0.118079 -0.435514
v 0.146447 0.076120 -0.353553
v 0.111087 0.043060 -0.268188
v 0.074658 0.019215 -0.180240
v 0.037510 0.004815 -0.090556
v 0.046205 1.995185 -0.086443
v 0.091965 1.980785 -0.172054
v 0.136839 1.956940 -0.256008
v 0.180396 1.923880 -0.337497
v 0.222215 1.881921 -0.415735
v 0.261894 1.831470 -0.489969
v 0.299051 1.773010 -0.559485
v 0.333328 1.707107 -0.623612
v 0.364395 1.634393 -0.681734
v 0.391952 1.555570 -0.733291
v 0.415735 1.471397 -0.777785
v 0.435514 1.382684 -0.814789
v 0.451099 1.290285 -0.843946
v 0.462339 1.195090 -0.864975
v 0.469127 1.098017 -0.877675
v 0.471397 1.000000 -0.881921
v 0.469127 0.901983 -0.877675
v 0.462339 0.804910 -0.864975
v 0.451099 0.709715 -0.843946
v 0.435514 0.617317 -0.814789
v 0.415735 0.528603 -0.777785
v 0.391952 0.444430 -0.733291
v 0.364395 0.365607 -0.681734
v 0.333328 0.292893 -0.623612
v 0.299051 0.226990 -0.559485
v 0.261894 0.168530 -0.489969
v 0.222215 0.118079 -0.415735
v 0.180396 0.076120 -0.337497
v 0.136839 0.043060 -0.256008
v 0.091965 0.019215 -0.172054
v 0.046205 0.004815 -0.086443
v 0.054455 1.995185 -0.081498
v 0.108386 1.980785 -0.162212
v 0.161274 1.956940 -0.241363
v 0.212608 1.923880 -0.318190
v 0.261894 1.881921 -0.391952
v 0.308658 1.831470 -0.461940
v 0.352450 1.773010 -0.527479
v 0.392847 1.707107 -0.587938
v 0.429462 1.634393 -0.642735
v 0.461940 1.555570 -0.691342
v 0.489969 1.471397 -0.733291
v 0.513280 1.382684 -0.768178
v 0.531648 1.290285 -0.795667
v 0.544895 1.195090 -0.815493
v 0.552895 1.098017 -0.827466
v 0.555570 1.000000 -0.831470
v 0.552895 0.901983 -0.827466
v 0.544895 0.804910 -0.815493
v 0.531648 0.709715 -0.795667
v 0.513280 0.617317 -0.768178
v 0.489969 0.528603 -0.733291
v 0.461940 0.444430 -0.691342
v 0.429462 0.365607 -0.642735
v 0.392847 0.292893 -0.587938
v 0.352450 0.226990 -0.527479
v 0.308658 0.168530 -0.461940
v 0.261894 0.118079 -0.391952
v 0.212608 0.076120 -0.318190
v 0.161274 0.043060 -0.241363
v 0.108386 0.019215 -0.162212
v 0.054455 0.004815 -0.081498
v 0.062181 1.995185 -0.075768
v 0.123764 1.980785 -0.150807
v 0.184155 1.956940 -0.224393
v 0.242772 1.923880 -0.295818
v 0.299051 1.881921 -0.364395
v 0.352450 1.831470 -0.429462
v 0.402455 1.773010 -0.490393
v 0.448584 1.707107 -0.546601
v 0.490393 1.634393 -0.597545
v 0.527479 1.555570 -0.642735
v 0.559485 1.471397 -0.681734
v 0.586103 1.382684 -0.714168
v 0.607077 1.290285 -0.739725
v 0.622204 1.195090 -0.758157
v 0.631338 1.098017 -0.769288
v 0.634393 1.000000 -0.773010
v 0.631338 0.901983 -0.769288
v 0.622204 0.804910 -0.758157
v 0.607077 0.709715 -0.739725
v 0.586103 0.617317 -0.714168
v 0.559485 0.528603 -0.681734
v 0.527479 0.444430 -0.642735
v 0.490393 0.365607 -0.597545
v 0.448584 0.292893 -0.546601
v 0.402455 0.226990 -0.490393
v 0.352450 0.168530 -0.429462
v 0.299051 0.118079 -0.364395
v 0.242772 0.076120 -0.295818
v 0.184155 0.043060 -0.224393
v 0.123764 0.019215 -0.150807
v 0.062181 0.004815 -0.075768
v 0.069309 1.995185 -0.069309
v 0.137950 1.980785 -0.137950
v 0.205262 1.956940 -0.205262
v 0.270598 1.923880 -0.270598
v 0.333328 1.881921 -0.333328
v 0.392848 1.831470 -0.392848
v 0.448584 1.773010 -0.448584
v 0.500000 1.707107 -0.500000
v 0.546601 1.634393 -0.546601
v 0.587938 1.555570 -0.587938
v 0.623612 1.471397 -0.623612
v 0.653281 1.382684 -0.653281
v 0.676659 1.290285 -0.676659
v 0.693520 1.195090 -0.693520
v 0.703702 1.098017 -0.703702
v 0.707107 1.000000 -0.707107
v 0.703702 0.901983 -0.703702
v 0.693520 0.804910 -0.693520
v 0.676659 0.709715 -0.676659
v 0.653281 0.617317 -0.653281
v 0.623612 0.528603 -0.623612
v 0.587938 0.444430 -0.587938
v 0.546601 0.365607 -0.546601
v 0.500000 0.292893 -0.500000
v 0.448584 0.226990 -0.448584
v 0.392848 0.168530 -0.392848
v 0.333328 0.118079 -0.333328
v 0.270598 0.076120 -0.270598
v 0.205262 0.043060 -0.205262
v 0.137950 0.019215 -0.137950
v 0.069309 0.004815 -0.069309
v 0.075768 1.995185 -0.062181
v 0.150807 1.980785 -0.123764
v 0.224393 1.956940 -0.184155
v 0.295818 1.923880 -0.242772
v 0.364395 1.881921 -0.299051
v 0.429462 1.831470 -0.352450
v 0.490393 1.773010 -0.402455
v 0.546601 1.707107 -0.448584
v 0.597545 1.634393 -0.490393
v 0.642735 1.555570 -0.527479
v 0.681734 1.471397 -0.559485
v 0.714168 1.382684 -0.586103
v 0.739725 1.290285 -0.607077
v 0.758157 1.195090 -0.622203
v 0.769288 1.098017 -0.631338
v 0.773010 1.000000 -0.634393
v 0.769288 0.901983 -0.631338
v 0.758157 0.804910 -0.622203
v 0.739725 0.709715 -0.607077
v 0.714168 0.617317 -0.586103
v 0.681734 0.528603 -0.559485
v 0.642735 0.444430 -0.527479
v 0.597545 0.365607 -0.490393
v 0.546601 0.292893 -0.448584
v 0.490393 0.226990 -0.402455
v 0.429462 0.168530 -0.352450
v 0.364395 0.118079 -0.299051
v 0.295818 0.076120 -0.242772
v 0.224393 0.043060 -0.184155
v 0.150807 0.019215 -0.123764
v 0.075768 0.004815 -0.062181
v 0.081498 1.995185 -0.054455
v 0.162212 1.980785 -0.108386
v 0.241363 1.956940 -0.161274
v 0.318190 1.923880 -0.212607
v 0.391952 1.881921 -0.261894
v 0.461940 1.831470 -0.308658
v 0.527479 1.773010 -0.352450
v 0.587938 1.707107 -0.392847
v 0.642735 1.634393 -0.429462
v 0.691342 1.555570 -0.461940
v 0.733291 1.471397 -0.489969
v 0.768178 1.382684 -0.513280
v 0.795667 1.290285 -0.531648
v 0.815493 1.195090 -0.544895
v 0.827466 1.098017 -0.552895
v 0.831470 1.000000 -0.555570
v 0.827466 0.901983 -0.552895
v 0.815493 0.804910 -0.544895
v 0.795667 0.709715 -0.531648
v 0.768178 0.617317 -0.513280
v 0.733291 0.528603 -0.489969
v 0.691342 0.444430 -0.461940
v 0.642735 0.365607 -0.429462
v 0.587938 0.292893 -0.392847
v 0.527479 0.226990 -0.352450
v 0.461940 0.168530 -0.308658
v 0.391952 0.118079 -0.261894
v 0.318190 0.076120 -0.212607
v 0.241363 0.043060 -0.161274
v 0.162212 0.019215 -0.108386
v 0.081498 0.004815 -0.054455
v 0.086443 1.995185 -0.046205
v 0.172054 1.980785 -0.091965
v 0.256008 1.956940 -0.136839
v 0.337497 1.923880 -0.180396
v 0.415735 1.881921 -0.222215
v 0.489969 1.831470 -0.261894
v 0.559485 1.773010 -0.299051
v 0.623613 1.707107 -0.333328
v 0.681734 1.634393 -0.364395
v 0.733291 1.555570 -0.391952
v 0.777785 1.471397 -0.415735
v 0.814789 1.382684 -0.435514
v 0.843946 1.290285 -0.451099
v 0.864975 1.195090 -0.462339
v 0.877675 1.098017 -0.469127
v 0.881921 1.000000 -0.471397
v 0.877675 0.901983 -0.469127
v 0.864975 0.804910 -0.462339
v 0.843946 0.709715 -0.451099
v 0.814789 0.617317 -0.435514
v 0.777785 0.528603 -0.415735
v 0.733291 0.444430 -0.391952
v 0.681734 0.365607 -0.364395
v 0.623613 0.292893 -0.333328
v 0.559485 0.226990 -0.299051
v 0.489969 0.168530 -0.261894
v 0.415735 0.118079 -0.222215
v 0.337497 0.076120 -0.180396
v 0.256008 0.043060 -0.136839
v 0.172054 0.019215 -0.091965
v 0.086443 0.004815 -0.046205
v 0.090556 1.995185 -0.037510
v 0.180240 1.980785 -0.074658
v 0.268188 1.956940 -0.111087
v 0.353553 1.923880 -0.146447
v 0.435514 1.881921 -0.180396
v 0.513280 1.831470 -0.212608
v 0.586103 1.773010 -0.242772
v 0.653281 1.707107 -0.270598
v 0.714168 1.634393 -0.295818
v 0.768178 1.555570 -0.318190
v 0.814789 1.471397 -0.337497
v 0.853553 1.382684 -0.353553
v 0.884098 1.290285 -0.366205
v 0.906127 1.195090 -0.375330
v 0.919431 1.098017 -0.380841
v 0.923879 1.000000 -0.382683
v 0.919431 0.901983 -0.380841
v 0.906127 0.804910 -0.375330
v 0.884098 0.709715 -0.366205
v 0.853553 0.617317 -0.353553
v 0.814789 0.528603 -0.337497
v 0.768178 0.444430 -0.318190
v 0.714168 0.365607 -0.295818
v 0.653281 0.292893 -0.270598
v 0.586103 0.226990 -0.242772
v 0.513280 0.168530 -0.212608
v 0.435514 0.118079 -0.180396
v 0.353553 0.076120 -0.146447
v 0.268188 0.043060 -0.111087
v 0.180240 0.019215 -0.074658
v 0.090556 0.004815 -0.037510
v 0.093797 1.995185 -0.028453
v 0.186690 1.980785 -0.056632
v 0.277785 1.956940 -0.084265
v 0.366205 1.923880 -0.111087
v 0.451099 1.881921 -0.136839
v 0.531648 1.831470 -0.161274
v 0.607076 1.773010 -0.184155
v 0.676659 1.707107 -0.205262
v 0.739725 1.634393 -0.224393
v 0.795667 1.555570 -0.241363
v 0.843946 1.471397 -0.256008
v 0.884098 1.382684 -0.268188
v 0.915735 1.290285 -0.277785
v 0.938553 1.195090 -0.284707
v 0.952332 1.098017 -0.288887
v 0.956940 1.000000 -0.290285
v 0.952332 0.901983 -0.288887
v 0.938553 0.804910 -0.284707
v 0.915735 0.709715 -0.277785
v 0.884098 0.617317 -0.268188
v 0.843946 0.528603 -0.256008
v 0.795667 0.444430 -0.241363
v 0.739725 0.365607 -0.224393
v 0.676659 0.292893 -0.205262
v 0.607076 0.226990 -0.184155
v 0.531648 0.168530 -0.161274
v 0.451099 0.118079 -0.136839
v 0.366205 0.076120 -0.111087
v 0.277785 0.043060 -0.084265
v 0.186690 0.019215 -0.056632
v 0.093797 0.004815 -0.028453
v 0.096134 1.995185 -0.019122
v 0.191342 1.980785 -0.038060
v 0.284707 1.956940 -0.056632
v 0.375330 1.923880 -0.074658
v 0.462339 1.881921 -0.091965
v 0.544895 1.831470 -0.108386
v 0.622204 1.773010 -0.123764
v 0.693520 1.707107 -0.137950
v 0.758157 1.634393 -0.150807
v 0.815493 1.555570 -0.162212
v 0.864975 1.471397 -0.172054
v 0.906127 1.382684 -0.180240
v 0.938553 1.290285 -0.186690
v 0.961940 1.195090 -0.191342
v 0.976063 1.098017 -0.194151
v 0.980785 1.000000 -0.195090
v 0.976063 0.901983 -0.194151
v 0.961940 0.804910 -0.191342
v 0.938553 0.709715 -0.186690
v 0.906127 0.617317 -0.180240
v 0.864975 0.528603 -0.172054
v 0.815493 0.444430 -0.162212
v 0.758157 0.365607 -0.150807
v 0.693520 0.292893 -0.137950
v 0.622204 0.226990 -0.123764
v 0.544895 0.168530 -0.108386
v 0.462339 0.118079 -0.091965
v 0.375330 0.076120 -0.074658
v 0.284707 0.043060 -0.056632
v 0.191342 0.019215 -0.038060
v 0.096134 0.004815 -0.019122
v 0.097545 1.995185 -0.009607
v 0.194151 1.980785 -0.019122
v 0.288887 1.956940 -0.028453
v 0.380841 1.923880 -0.037510
v 0.469127 1.881921 -0.046205
v 0.552895 1.831470 -0.054455
v 0.631338 1.773010 -0.062181
v 0.703702 1.707107 -0.069308
v 0.769288 1.634393 -0.075768
v 0.827466 1.555570 -0.081498
v 0.877674 1.471397 -0.086443
v 0.919431 1.382684 -0.090556
v 0.952332 1.290285 -0.093797
v 0.976062 1.195090 -0.096134
v 0.990393 1.098017 -0.097545
v 0.995185 1.000000 -0.098017
v 0.990393 0.901983 -0.097545
v 0.976062 0.804910 -0.096134
v 0.952332 0.709715 -0.093797
v 0.919431 0.617317 -0.090556
v 0.877674 0.528603 -0.086443
v 0.827466 0.444430 -0.081498
v 0.769288 0.365607 -0.075768
v 0.703702 0.292893 -0.069308
v 0.631338 0.226990 -0.062181
v 0.552895 0.168530 -0.054455
v 0.469127 0.118079 -0.046205
v 0.380841 0.076120 -0.037510
v 0.288887 0.043060 -0.028453
v 0.194151 0.019215 -0.019122
v 0.097545 0.004815 -0.009607
v 0.098017 1.995185 0.000000
v 0.195090 1.980785 -0.000000
v 0.290285 1.956940 0.000000
v 0.382683 1.923880 0.000000
v 0.471397 1.881921 0.000000
v 0.555570 1.831470 -0.000000
v 0.634393 1.773010 -0.000000
v 0.707107 1.707107 0.000000
v 0.773010 1.634393 -0.000000
v 0.831470 1.555570 -0.000000
v 0.881921 1.471397 0.000000
v 0.923879 1.382684 0.000000
v 0.956940 1.290285 -0.000000
v 0.980785 1.195090 0.000000
v 0.995185 1.098017 0.000000
v 1.000000 1.000000 0.000000
v 0.995185 0.901983 0.000000
v 0.980785 0.804910 0.000000
v 0.956940 0.709715 -0.000000
v 0.923879 0.617317 0.000000
v 0.881921 0.528603 0.000000
v 0.831470 0.444430 -0.000000
v 0.773010 0.365607 -0.000000
v 0.707107 0.292893 0.000000
v 0.634393 0.226990 -0.000000
v 0.555570 0.168530 -0.000000
v 0.471397 0.118079 0.000000
v 0.382683 0.076120 0.000000
v 0.290285 0.043060 0.000000
v 0.195090 0.019215 -0.000000
v 0.098017 0.004815 0.000000
v 0.097545 1.995185 0.009607
v 0.194151 1.980785 0.019122
v 0.288887 1.956940 0.028453
v 0.380841 1.923880 0.037510
v 0.469127 1.881921 0.046205
v 0.552895 1.831470 0.054455
v 0.631338 1.773010 0.062181
v 0.703702 1.707107 0.069309
v 0.769288 1.634393 0.075768
v 0.827466 1.555570 0.081498
v 0.877674 1.471397 0.086443
v 0.919431 1.382684 0.090556
v 0.952332 1.290285 0.093797
v 0.976062 1.195090 0.096134
v 0.990393 1.098017 0.097545
v 0.995185 1.000000 0.098017
v 0.990393 0.901983 0.097545
v 0.976062 0.804910 0.096134
v 0.952332 0.709715 0.093797
v 0.919431 0.617317 0.090556
v 0.877674 0.528603 0.086443
v 0.827466 0.444430 0.081498
v 0.769288 0.365607 0.075768
v 0.703702 0.292893 0.069309
v 0.631338 0.226990 0.062181
v 0.552895 0.168530 0.054455
v 0.469127 0.118079 0.046205
v 0.380841 0.076120 0.037510
v 0.288887 0.043060 0.028453
v 0.194151 0.019215 0.019122
v 0.097545 0.004815 0.009607
v 0.096134 1.995185 0.019122
v 0.191342 1.980785 0.038060
v 0.284707 1.956940 0.056632
v 0.375330 1.923880 0.074658
v 0.462339 1.881921 0.091965
v 0.544895 1.831470 0.108386
v 0.622204 1.773010 0.123764
v 0.693520 1.707107 0.137950
v 0.758157 1.634393 0.150807
v 0.815493 1.555570 0.162212
v 0.864975 1.471397 0.172054
v 0.906127 1.382684 0.180240
v 0.938553 1.290285 0.186690
v 0.961940 1.195090 0.191342
v 0.976062 1.098017 0.194151
v 0.980785 1.000000 0.195090
v 0.976062 0.901983 0.194151
v 0.961940 0.804910 0.191342
v 0.938553 0.709715 0.186690
v 0.906127 0.617317 0.180240
v 0.864975 0.528603 0.172054
v 0.815493 0.444430 0.162212
v 0.758157 0.365607 0.150807
v 0.693520 0.292893 0.137950
v 0.622204 0.226990 0.123764
v 0.544895 0.168530 0.108386
v 0.462339 0.118079 0.091965
v 0.375330 0.076120 0.074658
v 0.284707 0.043060 0.056632
v 0.191342 0.019215 0.038060
v 0.096134 0.004815 0.019122
v 0.093797 1.995185 0.028453
v 0.186690 1.980785 0.056632
v 0.277785 1.956940 0.084265
v 0.366205 1.923880 0.111087
v 0.451098 1.881921 0.136839
v 0.531648 1.831470 0.161274
v 0.607076 1.773010 0.184155
v 0.676659 1.707107 0.205262
v 0.739725 1.634393 0.224393
v 0.795667 1.555570 0.241363
v 0.843946 1.471397 0.256008
v 0.884097 1.382684 0.268188
v 0.915735 1.290285 0.277785
v 0.938553 1.195090 0.284707
v 0.952332 1.098017 0.288887
v 0.956940 1.000000 0.290285
v 0.952332 0.901983 0.288887
v 0.938553 0.804910 0.284707
v 0.915735 0.709715 0.277785
v 0.884097 0.617317 0.268188
v 0.843946 0.528603 0.256008
v 0.795667 0.444430 0.241363
v 0.739725 0.365607 0.224393
v 0.676659 0.292893 0.205262
v 0.607076 0.226990 0.184155
v 0.531648 0.168530 0.161274
v 0.451098 0.118079 0.136839
v 0.366205 0.076120 0.111087
v 0.277785 0.043060 0.084265
v 0.186690 0.019215 0.056632
v 0.093797 0.004815 0.028453
v 0.090556 1.995185 0.037510
v 0.180240 1.980785 0.074658
v 0.268188 1.956940 0.111087
v 0.353553 1.923880 0.146447
v 0.435514 1.881921 0.180396
v 0.513280 1.831470 0.212608
v 0.586103 1.773010 0.242772
v 0.653281 1.707107 0.270598
v 0.714169 1.634393 0.295818
v 0.768178 1.555570 0.318190
v 0.814789 1.471397 0.337497
v 0.853553 1.382684 0.353553
v 0.884098 1.290285 0.366205
v 0.906127 1.195090 0.375330
v 0.919431 1.098017 0.380841
v 0.923879 1.000000 0.382683
v 0.919431 0.901983 0.380841
v 0.906127 0.804910 0.375330
v 0.884098 0.709715 0.366205
v 0.853553 0.617317 0.353553
v 0.814789 0.528603 0.337497
v 0.768178 0.444430 0.318190
v 0.714169 0.365607 0.295818
v 0.653281 0.292893 0.270598
v 0.586103 0.226990 0.242772
v 0.513280 0.168530 0.212608
v 0.435514 0.118079 0.180396
v 0.353553 0.076120 0.146447
v 0.268188 0.043060 0.111087
v 0.180240 0.019215 0.074658
v 0.090556 0.004815 0.037510
v 0.086443 1.995185 0.046205
v 0.172054 1.980785 0.091965
v 0.256008 1.956940 0.136839
v 0.337497 1.923880 0.180396
v 0.415735 1.881921 0.222215
v 0.489969 1.831470 0.261894
v 0.559485 1.773010 0.299051
v 0.623612 1.707107 0.333328
v 0.681734 1.634393 0.364395
v 0.733291 1.555570 0.391952
v 0.777785 1.471397 0.415735
v 0.814789 1.382684 0.435514
v 0.843946 1.290285 0.451099
v 0.864975 1.195090 0.462339
v 0.877674 1.098017 0.469127
v 0.881921 1.000000 0.471397
v 0.877674 0.901983 0.469127
v 0.864975 0.804910 0.462339
v 0.843946 0.709715 0.451099
v 0.814789 0.617317 0.435514
v 0.777785 0.528603 0.415735
v 0.733291 0.444430 0.391952
v 0.681734 0.365607 0.364395
v 0.623612 0.292893 0.333328
v 0.559485 0.226990 0.299051
v 0.489969 0.168530 0.261894
v 0.415735 0.118079 0.222215
v 0.337497 0.076120 0.180396
v 0.256008 0.043060 0.136839
v 0.172054 0.019215 0.091965
v 0.086443 0.004815 0.046205
v 0.081498 1.995185 0.054455
v 0.162212 1.980785 0.108386
v 0.241363 1.956940 0.161274
v 0.318190 1.923880 0.212607
v 0.391952 1.881921 0.261894
v 0.461940 1.831470 0.308658
v 0.527479 1.773010 0.352450
v 0.587938 1.707107 0.392848
v 0.642735 1.634393 0.429462
v 0.691342 1.555570 0.461940
v 0.733290 1.471397 0.489969
v 0.768178 1.382684 0.513280
v 0.795667 1.290285 0.531648
v 0.815493 1.195090 0.544895
v 0.827466 1.098017 0.552895
v 0.831469 1.000000 0.555570
v 0.827466 0.901983 0.552895
v 0.815493 0.804910 0.544895
v 0.795667 0.709715 0.531648
v 0.768178 0.617317 0.513280
v 0.733290 0.528603 0.489969
v 0.691342 0.444430 0.461940
v 0.642735 0.365607 0.429462
v 0.587938 0.292893 0.392848
v 0.527479 0.226990 0.352450
v 0.461940 0.168530 0.308658
v 0.391952 0.118079 0.261894
v 0.318190 0.076120 0.212607
v 0.241363 0.043060 0.161274
v 0.162212 0.019215 0.108386
v 0.081498 0.004815 0.054455
v 0.075768 1.995185 0.062181
v 0.150807 1.980785 0.123764
v 0.224393 1.956940 0.184155
v 0.295818 1.923880 0.242772
v 0.364394 1.881921 0.299051
v 0.429462 1.831470 0.352450
v 0.490393 1.773010 0.402455
v 0.546601 1.707107 0.448584
v 0.597545 1.634393 0.490393
v 0.642735 1.555570 0.527479
v 0.681734 1.471397 0.559485
v 0.714168 1.382684 0.586103
v 0.739725 1.290285 0.607076
v 0.758157 1.195090 0.622204
v 0.769288 1.098017 0.631338
v 0.773010 1.000000 0.634393
v 0.769288 0.901983 0.631338
v 0.758157 0.804910 0.622204
v 0.739725 0.709715 0.607076
v 0.714168 0.617317 0.586103
v 0.681734 0.528603 0.559485
v 0.642735 0.444430 0.527479
v 0.597545 0.365607 0.490393
v 0.546601 0.292893 0.448584
v 0.490393 0.226990 0.402455
v 0.429462 0.168530 0.352450
v 0.364394 0.118079 0.299051
v 0.295818 0.076120 0.242772
v 0.224393 0.043060 0.184155
v 0.150807 0.019215 0.123764
v 0.075768 0.004815 0.062181
v 0.069309 1.995185 0.069309
v 0.137950 1.980785 0.137950
v 0.205262 1.956940 0.205262
v 0.270598 1.923880 0.270598
v 0.333328 1.881921 0.333328
v 0.392848 1.831470 0.392848
v 0.448584 1.773010 0.448584
v 0.500000 1.707107 0.500000
v 0.546601 1.634393 0.546601
v 0.587938 1.555570 0.587938
v 0.623612 1.471397 0.623612
v 0.653281 1.382684 0.653281
v 0.676659 1.290285 0.676659
v 0.693520 1.195090 0.693520
v 0.703702 1.098017 0.703702
v 0.707107 1.000000 0.707107
v 0.703702 0.901983 0.703702
v 0.693520 0.804910 0.693520
v 0.676659 0.709715 0.676659
v 0.653281 0.617317 0.653281
v 0.623612 0.528603 0.623612
v 0.587938 0.444430 0.587938
v 0.546601 0.365607 0.546601
v 0.500000 0.292893 0.500000
v 0.448584 0.226990 0.448584
v 0.392848 0.168530 0.392848
v 0.333328 0.118079 0.333328
v 0.270598 0.076120 0.270598
v 0.205262 0.043060 0.205262
v 0.137950 0.019215 0.137950
v 0.069309 0.004815 0.069309
v 0.062181 1.995185 0.075768
v 0.123764 1.980785 0.150807
v 0.184155 1.956940 0.224393
v 0.242772 1.923880 0.295818
v 0.299051 1.881921 0.364395
v 0.352450 1.831470 0.429462
v 0.402455 1.773010 0.490393
v 0.448584 1.707107 0.546601
v 0.490393 1.634393 0.597545
v 0.527479 1.555570 0.642735
v 0.559485 1.471397 0.681734
v 0.586103 1.382684 0.714168
v 0.607076 1.290285 0.739725
v 0.622203 1.195090 0.758157
v 0.631338 1.098017 0.769288
v 0.634393 1.000000 0.773010
v 0.631338 0.901983 0.769288
v 0.622203 0.804910 0.758157
v 0.607076 0.709715 0.739725
v 0.586103 0.617317 0.714168
v 0.559485 0.528603 0.681734
v 0.527479 0.444430 0.642735
v 0.490393 0.365607 0.597545
v 0.448584 0.292893 0.546601
v 0.402455 0.226990 0.490393
v 0.352450 0.168530 0.429462
v 0.299051 0.118079 0.364395
v 0.242772 0.076120 0.295818
v 0.184155 0.043060 0.224393
v 0.123764 0.019215 0.150807
v 0.062181 0.004815 0.075768
v 0.054455 1.995185 0.081498
v 0.108386 1.980785 0.162212
v 0.161274 1.956940 0.241363
v 0.212607 1.923880 0.318190
v 0.261894 1.881921 0.391952
v 0.308658 1.831470 0.461940
v 0.352450 1.773010 0.527479
v 0.392847 1.707107 0.587938
v 0.429462 1.634393 0.642735
v 0.461940 1.555570 0.691342
v 0.489969 1.471397 0.733291
v 0.513280 1.382684 0.768178
v 0.531647 1.290285 0.795667
v 0.544895 1.195090 0.815493
v 0.552895 1.098017 0.827466
v 0.555570 1.000000 0.831470
v 0.552895 0.901983 0.827466
v 0.544895 0.804910 0.815493
v 0.531647 0.709715 0.795667
v 0.513280 0.617317 0.768178
v 0.489969 0.528603 0.733291
v 0.461940 0.444430 0.691342
v 0.429462 0.365607 0.642735
v 0.392847 0.292893 0.587938
v 0.352450 0.226990 0.527479
v 0.308658 0.168530 0.461940
v 0.261894 0.118079 0.391952
v 0.212607 0.076120 0.318190
v 0.161274 0.043060 0.241363
v 0.108386 0.019215 0.162212
v 0.054455 0.004815 0.081498
v 0.046205 1.995185 0.086443
v 0.091965 1.980785 0.172054
v 0.136839 1.956940 0.256008
v 0.180396 1.923880 0.337497
v 0.222215 1.881921 0.415735
v 0.261894 1.831470 0.489969
v 0.299051 1.773010 0.559485
v 0.333328 1.707107 0.623612
v 0.364395 1.634393 0.681734
v 0.391952 1.555570 0.733291
v 0.415735 1.471397 0.777785
v 0.435514 1.382684 0.814789
v 0.451098 1.290285 0.843946
v 0.462339 1.195090 0.864975
v 0.469127 1.098017 0.877674
v 0.471397 1.000000 0.881921
v 0.469127 0.901983 0.877674
v 0.462339 0.804910 0.864975
v 0.451098 0.709715 0.843946
v 0.435514 0.617317 0.814789
v 0.415735 0.528603 0.777785
v 0.391952 0.444430 0.733291
v 0.364395 0.365607 0.681734
v 0.333328 0.292893 0.623612
v 0.299051 0.226990 0.559485
v 0.261894 0.168530 0.489969
v 0.222215 0.118079 0.415735
v 0.180396 0.076120 0.337497
v 0.136839 0.043060 0.256008
v 0.091965 0.019215 0.172054
v 0.046205 0.004815 0.086443
v 0.037510 1.995185 0.090556
v 0.074658 1.980785 0.180240
v 0.111087 1.956940 0.268188
v 0.146447 1.923880 0.353553
v 0.180396 1.881921 0.435514
v 0.212608 1.831470 0.513280
v 0.242772 1.773010 0.586103
v 0.270598 1.707107 0.653281
v 0.295818 1.634393 0.714168
v 0.318190 1.555570 0.768178
v 0.337497 1.471397 0.814789
v 0.353553 1.382684 0.853553
v 0.366205 1.290285 0.884097
v 0.375330 1.195090 0.906127
v 0.380841 1.098017 0.919431
v 0.382683 1.000000 0.923879
v 0.380841 0.901983 0.919431
v 0.375330 0.804910 0.906127
v 0.366205 0.709715 0.884097
v 0.353553 0.617317 0.853553
v 0.337497 0.528603 0.814789
v 0.318190 0.444430 0.768178
v 0.295818 0.365607 0.714168
v 0.270598 0.292893 0.653281
v 0.242772 0.226990 0.586103
v 0.212608 0.168530 0.513280
v 0.180396 0.118079 0.435514
v 0.146447 0.076120 0.353553
v 0.111087 0.043060 0.268188
v 0.074658 0.019215 0.180240
v 0.037510 0.004815 0.090556
v 0.028453 1.995185 0.093797
v 0.056632 1.980785 0.186690
v 0.084265 1.956940 0.277785
v 0.111087 1.923880 0.366205
v 0.136839 1.881921 0.451098
v 0.161274 1.831470 0.531648
v 0.184155 1.773010 0.607076
v 0.205262 1.707107 0.676659
v 0.224393 1.634393 0.739725
v 0.241363 1.555570 0.795667
v 0.256008 1.471397 0.843946
v 0.268188 1.382684 0.884097
v 0.277785 1.290285 0.915735
v 0.284707 1.195090 0.938553
v 0.288887 1.098017 0.952332
v 0.290284 1.000000 0.956940
v 0.288887 0.901983 0.952332
v 0.284707 0.804910 0.938553
v 0.277785 0.709715 0.915735
v 0.268188 0.617317 0.884097
v 0.256008 0.528603 0.843946
v 0.241363 0.444430 0.795667
v 0.224393 0.365607 0.739725
v 0.205262 0.292893 0.676659
v 0.184155 0.226990 0.607076
v 0.161274 0.168530 0.531648
v 0.136839 0.118079 0.451098
v 0.111087 0.076120 0.366205
v 0.084265 0.043060 0.277785
v 0.056632 0.019215 0.186690
v 0.028453 0.004815 0.093797
v 0.019122 1.995185 0.096134
v 0.038060 1.980785 0.191342
v 0.056632 1.956940 0.284707
v 0.074658 1.923880 0.375330
v 0.091965 1.881921 0.462339
v 0.108386 1.831470 0.544895
v 0.123764 1.773010 0.622204
v 0.137950 1.707107 0.693520
v 0.150807 1.634393 0.758157
v 0.162212 1.555570 0.815493
v 0.172054 1.471397 0.864975
v 0.180240 1.382684 0.906127
v 0.186690 1.290285 0.938553
v 0.191342 1.195090 0.961940
v 0.194151 1.098017 0.976062
v 0.195090 1.000000 0.980785
v 0.194151 0.901983 0.976062
v 0.191342 0.804910 0.961940
v 0.186690 0.709715 0.938553
v 0.180240 0.617317 0.906127
v 0.172054 0.528603 0.864975
v 0.162212 0.444430 0.815493
v 0.150807 0.365607 0.758157
v 0.137950 0.292893 0.693520
v 0.123764 0.226990 0.622204
v 0.108386 0.168530 0.544895
v 0.091965 0.118079 0.462339
v 0.074658 0.076120 0.375330
v 0.056632 0.043060 0.284707
v 0.038060 0.019215 0.191342
v 0.019122 0.004815 0.096134
v 0.009607 1.995185 0.097545
v 0.019122 1.980785 0.194151
v 0.028453 1.956940 0.288887
v 0.037510 1.923880 0.380841
v 0.046205 1.881921 0.469127
v 0.054455 1.831470 0.552895
v 0.062181 1.773010 0.631338
v 0.069308 1.707107 0.703702
v 0.075768 1.634393 0.769288
v 0.081498 1.555570 0.827466
v 0.086443 1.471397 0.877674
v 0.090556 1.382684 0.919430
v 0.093796 1.290285 0.952332
v 0.096134 1.195090 0.976062
v 0.097545 1.098017 0.990392
v 0.098017 1.000000 0.995185
v 0.097545 0.901983 0.990392
v 0.096134 0.804910 0.976062
v 0.093796 0.709715 0.952332
v 0.090556 0.617317 0.919430
v 0.086443 0.528603 0.877674
v 0.081498 0.444430 0.827466
v 0.075768 0.365607 0.769288
v 0.069308 0.292893 0.703702
v 0.062181 0.226990 0.631338
v 0.054455 0.168530 0.552895
v 0.046205 0.118079 0.469127
v 0.037510 0.076120 0.380841
v 0.028453 0.043060 0.288887
v 0.019122 0.019215 0.194151
v 0.009607 0.004815 0.097545
v -0.000000 1.995185 0.098017
v 0.000000 1.980785 0.195090
v -0.000000 1.956940 0.290285
v -0.000000 1.923880 0.382683
v -0.000000 1.881921 0.471397
v 0.000000 1.831470 0.555571
v 0.000000 1.773010 0.634393
v -0.000000 1.707107 0.707107
v 0.000000 1.634393 0.773010
v 0.000000 1.555570 0.831470
v -0.000000 1.471397 0.881921
v -0.000000 1.382684 0.923879
v -0.000000 1.290285 0.956940
v -0.000000 1.195090 0.980785
v -0.000000 1.098017 0.995184
v -0.000000 1.000000 1.000000
v -0.000000 0.901983 0.995184
v -0.000000 0.804910 0.980785
v -0.000000 0.709715 0.956940
v -0.000000 0.617317 0.923879
v -0.000000 0.528603 0.881921
v 0.000000 0.444430 0.831470
v 0.000000 0.365607 0.773010
v -0.000000 0.292893 0.707107
v 0.000000 0.226990 0.634393
v 0.000000 0.168530 0.555571
v -0.000000 0.118079 0.471397
v -0.000000 0.076120 0.382683
v -0.000000 0.043060 0.290285
v 0.000000 0.019215 0.195090
v -0.000000 0.004815 0.098017
v -0.009607 1.995185 0.097545
v -0.019122 1.980785 0.194151
v -0.028453 1.956940 0.288887
v -0.037510 1.923880 0.380840
v -0.046205 1.881921 0.469127
v -0.054455 1.831470 0.552895
v -0.062181 1.773010 0.631338
v -0.069309 1.707107 0.703702
v -0.075768 1.634393 0.769288
v -0.081498 1.555570 0.827466
v -0.086443 1.471397 0.877674
v -0.090556 1.382684 0.919430
v -0.093797 1.290285 0.952332
v -0.096134 1.195090 0.976062
v -0.097545 1.098017 0.990392
v -0.098017 1.000000 0.995184
v -0.097545 0.901983 0.990392
v -0.096134 0.804910 0.976062
v -0.093797 0.709715 0.952332
v -0.090556 0.617317 0.919430
v -0.086443 0.528603 0.877674
v -0.081498 0.444430 0.827466
v -0.075768 0.365607 0.769288
v -0.069309 0.292893 0.703702
v -0.062181 0.226990 0.631338
v -0.054455 0.168530 0.552895
v -0.046205 0.118079 0.469127
v -0.037510 0.076120 0.380840
v -0.028453 0.043060 0.288887
v -0.019122 0.019215 0.194151
v -0.009607 0.004815 0.097545
v -0.019122 1.995185 0.096134
v -0.038060 1.980785 0.191342
v -0.056632 1.956940 0.284707
v -0.074658 1.923880 0.375330
v -0.091965 1.881921 0.462339
v -0.108386 1.831470 0.544895
v -0.123764 1.773010 0.622204
v -0.137950 1.707107 0.693520
v -0.150807 1.634393 0.758157
v -0.162212 1.555570 0.815493
v -0.172054 1.471397 0.864975
v -0.180240 1.382684 0.906127
v -0.186690 1.290285 0.938553
v -0.191342 1.195090 0.961940
v -0.194151 1.098017 0.976062
v -0.195090 1.000000 0.980785
v -0.194151 0.901983 0.976062
v -0.191342 0.804910 0.961940
v -0.186690 0.709715 0.938553
v -0.180240 0.617317 0.906127
v -0.172054 0.528603 0.864975
v -0.162212 0.444430 0.815493
v -0.150807 0.365607 0.758157
v -0.137950 0.292893 0.693520
v -0.123764 0.226990 0.622204
v -0.108386 0.168530 0.544895
v -0.091965 0.118079 0.462339
v -0.074658 0.076120 0.375330
v -0.056632 0.043060 0.284707
v -0.038060 0.019215 0.191342
v -0.019122 0.004815 0.096134
v -0.028453 1.995185 0.093797
v -0.056632 1.980785 0.186690
v -0.084265 1.956940 0.277785
v -0.111087 1.923880 0.366205
v -0.136839 1.881921 0.451098
v -0.161274 1.831470 0.531648
v -0.184155 1.773010 0.607076
v -0.205262 1.707107 0.676659
v -0.224393 1.634393 0.739725
v -0.241363 1.555570 0.795667
v -0.256008 1.471397 0.843946
v -0.268188 1.382684 0.884097
v -0.277785 1.290285 0.915735
v -0.284707 1.195090 0.938553
v -0.288887 1.098017 0.952332
v -0.290285 1.000000 0.956940
v -0.288887 0.901983 0.952332
v -0.284707 0.804910 0.938553
v -0.277785 0.709715 0.915735
v -0.268188 0.617317 0.884097
v -0.256008 0.528603 0.843946
v -0.241363 0.444430 0.795667
v -0.224393 0.365607 0.739725
v -0.205262 0.292893 0.676659
v -0.184155 0.226990 0.607076
v -0.161274 0.168530 0.531648
v -0.136839 0.118079 0.451098
v -0.111087 0.076120 0.366205
v -0.084265 0.043060 0.277785
v -0.056632 0.019215 0.186690
v -0.028453 0.004815 0.093797
v -0.037510 1.995185 0.090556
v -0.074658 1.980785 0.180240
v -0.111087 1.956940 0.268188
v -0.146447 1.923880 0.353553
v -0.180396 1.881921 0.435514
v -0.212608 1.831470 0.513280
v -0.242772 1.773010 0.586103
v -0.270598 1.707107 0.653281
v -0.295818 1.634393 0.714168
v -0.318190 1.555570 0.768178
v -0.337497 1.471397 0.814789
v -0.353553 1.382684 0.853553
v -0.366205 1.290285 0.884097
v -0.375330 1.195090 0.906127
v -0.380841 1.098017 0.919430
v -0.382684 1.000000 0.923879
v -0.380841 0.901983 0.919430
v -0.375330 0.804910 0.906127
v -0.366205 0.709715 0.884097
v -0.353553 0.617317 0.853553
v -0.337497 0.528603 0.814789
v -0.318190 0.444430 0.768178
v -0.295818 0.365607 0.714168
v -0.270598 0.292893 0.653281
v -0.242772 0.226990 0.586103
v -0.212608 0.168530 0.513280
v -0.180396 0.118079 0.435514
v -0.146447 0.076120 0.353553
v -0.111087 0.043060 0.268188
v -0.074658 0.019215 0.180240
v -0.037510 0.004815 0.090556
v -0.046205 1.995185 0.086443
v -0.091965 1.980785 0.172054
v -0.136839 1.956940 0.256008
v -0.180396 1.923880 0.337496
v -0.222215 1.881921 0.415735
v -0.261894 1.831470 0.489970
v -0.299051 1.773010 0.559485
v -0.333328 1.707107 0.623612
v -0.364394 1.634393 0.681734
v -0.391952 1.555570 0.733291
v -0.415735 1.471397 0.777785
v -0.435514 1.382684 0.814789
v -0.451099 1.290285 0.843946
v -0.462339 1.195090 0.864975
v -0.469127 1.098017 0.877674
v -0.471397 1.000000 0.881921
v -0.469127 0.901983 0.877674
v -0.462339 0.804910 0.864975
v -0.451099 0.709715 0.843946
v -0.435514 0.617317 0.814789
v -0.415735 0.528603 0.777785
v -0.391952 0.444430 0.733291
v -0.364394 0.365607 0.681734
v -0.333328 0.292893 0.623612
v -0.299051 0.226990 0.559485
v -0.261894 0.168530 0.489970
v -0.222215 0.118079 0.415735
v -0.180396 0.076120 0.337496
v -0.136839 0.043060 0.256008
v -0.091965 0.019215 0.172054
v -0.046205 0.004815 0.086443
v -0.054455 1.995185 0.081498
v -0.108386 1.980785 0.162212
v -0.161274 1.956940 0.241363
v -0.212607 1.923880 0.318189
v -0.261894 1.881921 0.391952
v -0.308658 1.831470 0.461940
v -0.352450 1.773010 0.527479
v -0.392848 1.707107 0.587938
v -0.429461 1.634393 0.642735
v -0.461940 1.555570 0.691342
v -0.489969 1.471397 0.733290
v -0.513280 1.382684 0.768177
v -0.531648 1.290285 0.795667
v -0.544895 1.195090 0.815493
v -0.552895 1.098017 0.827466
v -0.555570 1.000000 0.831469
v -0.552895 0.901983 0.827466
v -0.544895 0.804910 0.815493
v -0.531648 0.709715 0.795667
v -0.513280 0.617317 0.768177
v -0.489969 0.528603 0.733290
v -0.461940 0.444430 0.691342
v -0.429461 0.365607 0.642735
v -0.392848 0.292893 0.587938
v -0.352450 0.226990 0.527479
v -0.308658 0.168530 0.461940
v -0.261894 0.118079 0.391952
v -0.212607 0.076120 0.318189
v -0.161274 0.043060 0.241363
v -0.108386 0.019215 0.162212
v -0.054455 0.004815 0.081498
v -0.062181 1.995185 0.075768
v -0.123764 1.980785 0.150807
v -0.184155 1.956940 0.224393
v -0.242772 1.923880 0.295818
v -0.299051 1.881921 0.364394
v -0.352450 1.831470 0.429462
v -0.402455 1.773010 0.490393
v -0.448584 1.707107 0.546601
v -0.490392 1.634393 0.597545
v -0.527479 1.555570 0.642735
v -0.559485 1.471397 0.681734
v -0.586103 1.382684 0.714168
v -0.607077 1.290285 0.739725
v -0.622204 1.195090 0.758157
v -0.631338 1.098017 0.769288
v -0.634393 1.000000 0.773010
v -0.631338 0.901983 0.769288
v -0.622204 0.804910 0.758157
v -0.607077 0.709715 0.739725
v -0.586103 0.617317 0.714168
v -0.559485 0.528603 0.681734
v -0.527479 0.444430 0.642735
v -0.490392 0.365607 0.597545
v -0.448584 0.292893 0.546601
v -0.402455 0.226990 0.490393
v -0.352450 0.168530 0.429462
v -0.299051 0.118079 0.364394
v -0.242772 0.076120 0.295818
v -0.184155 0.043060 0.224393
v -0.123764 0.019215 0.150807
v -0.062181 0.004815 0.075768
v -0.069309 1.995185 0.069309
v -0.137950 1.980785 0.137950
v -0.205262 1.956940 0.205262
v -0.270598 1.923880 0.270598
v -0.333328 1.881921 0.333328
v -0.392848 1.831470 0.392848
v -0.448584 1.773010 0.448584
v -0.500000 1.707107 0.500000
v -0.546601 1.634393 0.546601
v -0.587938 1.555570 0.587938
v -0.623612 1.471397 0.623612
v -0.653281 1.382684 0.653281
v -0.676659 1.290285 0.676659
v -0.693520 1.195090 0.693520
v -0.703702 1.098017 0.703702
v -0.707107 1.000000 0.707106
v -0.703702 0.901983 0.703702
v -0.693520 0.804910 0.693520
v -0.676659 0.709715 0.676659
v -0.653281 0.617317 0.653281
v -0.623612 0.528603 0.623612
v -0.587938 0.444430 0.587938
v -0.546601 0.365607 0.546601
v -0.500000 0.292893 0.500000
v -0.448584 0.226990 0.448584
v -0.392848 0.168530 0.392848
v -0.333328 0.118079 0.333328
v -0.270598 0.076120 0.270598
v -0.205262 0.043060 0.205262
v -0.137950 0.019215 0.137950
v -0.069309 0.004815 0.069309
v -0.075768 1.995185 0.062181
v -0.150807 1.980785 0.123764
v -0.224393 1.956940 0.184155
v -0.295818 1.923880 0.242772
v -0.364394 1.881921 0.299051
v -0.429462 1.831470 0.352450
v -0.490393 1.773010 0.402455
v -0.546601 1.707107 0.448584
v -0.597545 1.634393 0.490393
v -0.642735 1.555570 0.527479
v -0.681734 1.471397 0.559485
v -0.714168 1.382684 0.586103
v -0.739725 1.290285 0.607076
v -0.758157 1.195090 0.622203
v -0.769288 1.098017 0.631338
v -0.773010 1.000000 0.634393
v -0.769288 0.901983 0.631338
v -0.758157 0.804910 0.622203
v -0.739725 0.709715 0.607076
v -0.714168 0.617317 0.586103
v -0.681734 0.528603 0.559485
v -0.642735 0.444430 0.527479
v -0.597545 0.365607 0.490393
v -0.546601 0.292893 0.448584
v -0.490393 0.226990 0.402455
v -0.429462 0.168530 0.352450
v -0.364394 0.118079 0.299051
v -0.295818 0.076120 0.242772
v -0.224393 0.043060 0.184155
v -0.150807 0.019215 0.123764
v -0.075768 0.004815 0.062181
v -0.081498 1.995185 0.054455
v -0.162212 1.980785 0.108386
v -0.241363 1.956940 0.161274
v -0.318189 1.923880 0.212607
v -0.391952 1.881921 0.261894
v -0.461940 1.831470 0.308659
v -0.527479 1.773010 0.352450
v -0.587938 1.707107 0.392847
v -0.642734 1.634393 0.429462
v -0.691342 1.555570 0.461940
v -0.733290 1.471397 0.489969
v -0.768177 1.382684 0.513280
v -0.795667 1.290285 0.531647
v -0.815493 1.195090 0.544895
v -0.827466 1.098017 0.552895
v -0.831470 1.000000 0.555570
v -0.827466 0.901983 0.552895
v -0.815493 0.804910 0.544895
v -0.795667 0.709715 0.531647
v -0.768177 0.617317 0.513280
v -0.733290 0.528603 0.489969
v -0.691342 0.444430 0.461940
v -0.642734 0.365607 0.429462
v -0.587938 0.292893 0.392847
v -0.527479 0.226990 0.352450
v -0.461940 0.168530 0.308659
v -0.391952 0.118079 0.261894
v -0.318189 0.076120 0.212607
v -0.241363 0.043060 0.161274
v -0.162212 0.019215 0.108386
v -0.081498 0.004815 0.054455
v -0.086443 1.995185 0.046205
v -0.172054 1.980785 0.091965
v -0.256008 1.956940 0.136839
v -0.337496 1.923880 0.180396
v -0.415735 1.881921 0.222215
v -0.489969 1.831470 0.261894
v -0.559485 1.773010 0.299051
v -0.623612 1.707107 0.333328
v -0.681734 1.634393 0.364395
v -0.733291 1.555570 0.391952
v -0.777785 1.471397 0.415735
v -0.814789 1.382684 0.435513
v -0.843946 1.290285 0.451098
v -0.864975 1.195090 0.462339
v -0.877674 1.098017 0.469127
v -0.881921 1.000000 0.471396
v -0.877674 0.901983 0.469127
v -0.864975 0.804910 0.462339
v -0.843946 0.709715 0.451098
v -0.814789 0.617317 0.435513
v -0.777785 0.528603 0.415735
v -0.733291 0.444430 0.391952
v -0.681734 0.365607 0.364395
v -0.623612 0.292893 0.333328
v -0.559485 0.226990 0.299051
v -0.489969 0.168530 0.261894
v -0.415735 0.118079 0.222215
v -0.337496 0.076120 0.180396
v -0.256008 0.043060 0.136839
v -0.172054 0.019215 0.091965
v -0.086443 0.004815 0.046205
v -0.090556 1.995185 0.037509
v -0.180240 1.980785 0.074658
v -0.268188 1.956940 0.111087
v -0.353553 1.923880 0.146446
v -0.435514 1.881921 0.180396
v -0.513280 1.831470 0.212608
v -0.586103 1.773010 0.242772
v -0.653281 1.707107 0.270598
v -0.714168 1.634393 0.295818
v -0.768178 1.555570 0.318190
v -0.814789 1.471397 0.337496
v -0.853553 1.382684 0.353553
v -0.884098 1.290285 0.366205
v -0.906127 1.195090 0.375330
v -0.919431 1.098017 0.380840
v -0.923879 1.000000 0.382683
v -0.919431 0.901983 0.380840
v -0.906127 0.804910 0.375330
v -0.884098 0.709715 0.366205
v -0.853553 0.617317 0.353553
v -0.814789 0.528603 0.337496
v -0.768178 0.444430 0.318190
v -0.714168 0.365607 0.295818
v -0.653281 0.292893 0.270598
v -0.586103 0.226990 0.242772
v -0.513280 0.168530 0.212608
v -0.435514 0.118079 0.180396
v -0.353553 0.076120 0.146446
v -0.268188 0.043060 0.111087
v -0.180240 0.019215 0.074658
v -0.090556 0.004815 0.037509
v -0.093796 1.995185 0.028453
v -0.186690 1.980785 0.056632
v -0.277785 1.956940 0.084265
v -0.366205 1.923880 0.111087
v -0.451098 1.881921 0.136839
v -0.531648 1.831470 0.161274
v -0.607076 1.773010 0.184155
v -0.676659 1.707107 0.205262
v -0.739725 1.634393 0.224393
v -0.795667 1.555570 0.241363
v -0.843946 1.471397 0.256008
v -0.884097 1.382684 0.268188
v -0.915735 1.290285 0.277785
v -0.938553 1.195090 0.284707
v -0.952332 1.098017 0.288887
v -0.956940 1.000000 0.290284
v -0.952332 0.901983 0.288887
v -0.938553 0.804910 0.284707
v -0.915735 0.709715 0.277785
v -0.884097 0.617317 0.268188
v -0.843946 0.528603 0.256008
v -0.795667 0.444430 0.241363
v -0.739725 0.365607 0.224393
v -0.676659 0.292893 0.205262
v -0.607076 0.226990 0.184155
v -0.531648 0.168530 0.161274
v -0.451098 0.118079 0.136839
v -0.366205 0.076120 0.111087
v -0.277785 0.043060 0.084265
v -0.186690 0.019215 0.056632
v -0.093796 0.004815 0.028453
v -0.096134 1.995185 0.019122
v -0.191342 1.980785 0.038060
v -0.284707 1.956940 0.056632
v -0.375330 1.923880 0.074658
v -0.462339 1.881921 0.091965
v -0.544895 1.831470 0.108386
v -0.622204 1.773010 0.123764
v -0.693520 1.707107 0.137949
v -0.758157 1.634393 0.150807
v -0.815493 1.555570 0.162212
v -0.864975 1.471397 0.172054
v -0.906127 1.382684 0.180240
v -0.938553 1.290285 0.186690
v -0.961940 1.195090 0.191342
v -0.976062 1.098017 0.194151
v -0.980785 1.000000 0.195090
v -0.976062 0.901983 0.194151
v -0.961940 0.804910 0.191342
v -0.938553 0.709715 0.186690
v -0.906127 0.617317 0.180240
v -0.864975 0.528603 0.172054
v -0.815493 0.444430 0.162212
v -0.758157 0.365607 0.150807
v -0.693520 0.292893 0.137949
v -0.622204 0.226990 0.123764
v -0.544895 0.168530 0.108386
v -0.462339 0.118079 0.091965
v -0.375330 0.076120 0.074658
v -0.284707 0.043060 0.056632
v -0.191342 0.019215 0.038060
v -0.096134 0.004815 0.019122
v -0.097545 1.995185 0.009607
v -0.194151 1.980785 0.019122
v -0.288887 1.956940 0.028453
v -0.380840 1.923880 0.037509
v -0.469127 1.881921 0.046205
v -0.552895 1.831470 0.054455
v -0.631338 1.773010 0.062181
v -0.703702 1.707107 0.069308
v -0.769288 1.634393 0.075768
v -0.827466 1.555570 0.081498
v -0.877674 1.471397 0.086443
v -0.919430 1.382684 0.090556
v -0.952332 1.290285 0.093796
v -0.976062 1.195090 0.096134
v -0.990392 1.098017 0.097545
v -0.995184 1.000000 0.098017
v -0.990392 0.901983 0.097545
v -0.976062 0.804910 0.096134
v -0.952332 0.709715 0.093796
v -0.919430 0.617317 0.090556
v -0.877674 0.528603 0.086443
v -0.827466 0.444430 0.081498
v -0.769288 0.365607 0.075768
v -0.703702 0.292893 0.069308
v -0.631338 0.226990 0.062181
v -0.552895 0.168530 0.054455
v -0.469127 0.118079 0.046205
v -0.380840 0.076120 0.037509
v -0.288887 0.043060 0.028453
v -0.194151 0.019215 0.019122
v -0.097545 0.004815 0.009607
v -0.098017 1.995185 -0.000000
v -0.195090 1.980785 0.000000
v -0.290285 1.956940 -0.000000
v -0.382683 1.923880 -0.000000
v -0.471396 1.881921 -0.000000
v -0.555571 1.831470 0.000000
v -0.634393 1.773010 0.000000
v -0.707107 1.707107 -0.000000
v -0.773010 1.634393 0.000000
v -0.831470 1.555570 0.000000
v -0.881921 1.471397 -0.000000
v -0.923879 1.382684 -0.000000
v -0.956940 1.290285 -0.000000
v -0.980785 1.195090 -0.000000
v -0.995184 1.098017 -0.000000
v -1.000000 1.000000 -0.000000
v -0.995184 0.901983 -0.000000
v -0.980785 0.804910 -0.000000
v -0.956940 0.709715 -0.000000
v -0.923879 0.617317 -0.000000
v -0.881921 0.528603 -0.000000
v -0.831470 0.444430 0.000000
v -0.773010 0.365607 0.000000
v -0.707107 0.292893 -0.000000
v -0.634393 0.226990 0.000000
v -0.555571 0.168530 0.000000
v -0.471396 0.118079 -0.000000
v -0.382683 0.076120 -0.000000
v -0.290285 0.043060 -0.000000
v -0.195090 0.019215 0.000000
v -0.098017 0.004815 -0.000000
v -0.097545 1.995185 -0.009607
v -0.194151 1.980785 -0.019122
v -0.288887 1.956940 -0.028453
v -0.380840 1.923880 -0.037510
v -0.469127 1.881921 -0.046205
v -0.552895 1.831470 -0.054455
v -0.631338 1.773010 -0.062181
v -0.703702 1.707107 -0.069309
v -0.769288 1.634393 -0.075768
v -0.827466 1.555570 -0.081498
v -0.877674 1.471397 -0.086443
v -0.919430 1.382684 -0.090556
v -0.952332 1.290285 -0.093797
v -0.976062 1.195090 -0.096134
v -0.990392 1.098017 -0.097545
v -0.995184 1.000000 -0.098017
v -0.990392 0.901983 -0.097545
v -0.976062 0.804910 -0.096134
v -0.952332 0.709715 -0.093797
v -0.919430 0.617317 -0.090556
v -0.877674 0.528603 -0.086443
v -0.827466 0.444430 -0.081498
v -0.769288 0.365607 -0.075768
v -0.703702 0.292893 -0.069309
v -0.631338 0.226990 -0.062181
v -0.552895 0.168530 -0.054455
v -0.469127 0.118079 -0.046205
v -0.380840 0.076120 -0.037510
v -0.288887 0.043060 -0.028453
v -0.194151 0.019215 -0.019122
v -0.097545 0.004815 -0.009607
v -0.096134 1.995185 -0.019122
v -0.191342 1.980785 -0.038060
v -0.284707 1.956940 -0.056632
v -0.375330 1.923880 -0.074658
v -0.462339 1.881921 -0.091965
v -0.544896 1.831470 -0.108386
v -0.622204 1.773010 -0.123764
v -0.693520 1.707107 -0.137950
v -0.758157 1.634393 -0.150807
v -0.815493 1.555570 -0.162212
v -0.864975 1.471397 -0.172054
v -0.906127 1.382684 -0.180240
v -0.938553 1.290285 -0.186690
v -0.961940 1.195090 -0.191342
v -0.976062 1.098017 -0.194151
v -0.980785 1.000000 -0.195091
v -0.976062 0.901983 -0.194151
v -0.961940 0.804910 -0.191342
v -0.938553 0.709715 -0.186690
v -0.906127 0.617317 -0.180240
v -0.864975 0.528603 -0.172054
v -0.815493 0.444430 -0.162212
v -0.758157 0.365607 -0.150807
v -0.693520 0.292893 -0.137950
v -0.622204 0.226990 -0.123764
v -0.544896 0.168530 -0.108386
v -0.462339 0.118079 -0.091965
v -0.375330 0.076120 -0.074658
v -0.284707 0.043060 -0.056632
v -0.191342 0.019215 -0.038060
v -0.096134 0.004815 -0.019122
v -0.093796 1.995185 -0.028453
v -0.186690 1.980785 -0.056632
v -0.277785 1.956940 -0.084265
v -0.366205 1.923880 -0.111087
v -0.451098 1.881921 -0.136839
v -0.531648 1.831470 -0.161274
v -0.607076 1.773010 -0.184155
v -0.676659 1.707107 -0.205262
v -0.739725 1.634393 -0.224393
v -0.795667 1.555570 -0.241363
v -0.843946 1.471397 -0.256008
v -0.884097 1.382684 -0.268188
v -0.915735 1.290285 -0.277785
v -0.938553 1.195090 -0.284707
v -0.952332 1.098017 -0.288887
v -0.956940 1.000000 -0.290285
v -0.952332 0.901983 -0.288887
v -0.938553 0.804910 -0.284707
v -0.915735 0.709715 -0.277785
v -0.884097 0.617317 -0.268188
v -0.843946 0.528603 -0.256008
v -0.795667 0.444430 -0.241363
v -0.739725 0.365607 -0.224393
v -0.676659 0.292893 -0.205262
v -0.607076 0.226990 -0.184155
v -0.531648 0.168530 -0.161274
v -0.451098 0.118079 -0.136839
v -0.366205 0.076120 -0.111087
v -0.277785 0.043060 -0.084265
v -0.186690 0.019215 -0.056632
v -0.093796 0.004815 -0.028453
v -0.090556 1.995185 -0.037510
v -0.180240 1.980785 -0.074658
v -0.268188 1.956940 -0.111087
v -0.353553 1.923880 -0.146446
v -0.435514 1.881921 -0.180396
v -0.513280 1.831470 -0.212608
v -0.586103 1.773010 -0.242772
v -0.653281 1.707107 -0.270598
v -0.714168 1.634393 -0.295818
v -0.768178 1.555570 -0.318190
v -0.814789 1.471397 -0.337497
v -0.853553 1.382684 -0.353553
v -0.884098 1.290285 -0.366205
v -0.906127 1.195090 -0.375330
v -0.919430 1.098017 -0.380841
v -0.923879 1.000000 -0.382684
v -0.919430 0.901983 -0.380841
v -0.906127 0.804910 -0.375330
v -0.884098 0.709715 -0.366205
v -0.853553 0.617317 -0.353553
v -0.814789 0.528603 -0.337497
v -0.768178 0.444430 -0.318190
v -0.714168 0.365607 -0.295818
v -0.653281 0.292893 -0.270598
v -0.586103 0.226990 -0.242772
v -0.513280 0.168530 -0.212608
v -0.435514 0.118079 -0.180396
v -0.353553 0.076120 -0.146446
v -0.268188 0.043060 -0.111087
v -0.180240 0.019215 -0.074658
v -0.090556 0.004815 -0.037510
v -0.086443 1.995185 -0.046205
v -0.172054 1.980785 -0.091965
v -0.256008 1.956940 -0.136839
v -0.337496 1.923880 -0.180396
v -0.415735 1.881921 -0.222215
v -0.489970 1.831470 -0.261894
v -0.559485 1.773010 -0.299051
v -0.623612 1.707107 -0.333328
v -0.681734 1.634393 -0.364394
v -0.733291 1.555570 -0.391952
v -0.777785 1.471397 -0.415735
v -0.814788 1.382684 -0.435514
v -0.843946 1.290285 -0.451099
v -0.864975 1.195090 -0.462339
v -0.877674 1.098017 -0.469127
v -0.881921 1.000000 -0.471397
v -0.877674 0.901983 -0.469127
v -0.864975 0.804910 -0.462339
v -0.843946 0.709715 -0.451099
v -0.814788 0.617317 -0.435514
v -0.777785 0.528603 -0.415735
v -0.733291 0.444430 -0.391952
v -0.681734 0.365607 -0.364394
v -0.623612 0.292893 -0.333328
v -0.559485 0.226990 -0.299051
v -0.489970 0.168530 -0.261894
v -0.415735 0.118079 -0.222215
v -0.337496 0.076120 -0.180396
v -0.256008 0.043060 -0.136839
v -0.172054 0.019215 -0.091965
v -0.086443 0.004815 -0.046205
v -0.081498 1.995185 -0.054455
v -0.162212 1.980785 -0.108386
v -0.241363 1.956940 -0.161274
v -0.318189 1.923880 -0.212607
v -0.391952 1.881921 -0.261894
v -0.461940 1.831470 -0.308659
v -0.527479 1.773010 -0.352450
v -0.587938 1.707107 -0.392847
v -0.642735 1.634393 -0.429461
v -0.691342 1.555570 -0.461940
v -0.733290 1.471397 -0.489969
v -0.768177 1.382684 -0.513280
v -0.795667 1.290285 -0.531648
v -0.815493 1.195090 -0.544895
v -0.827465 1.098017 -0.552895
v -0.831469 1.000000 -0.555570
v -0.827465 0.901983 -0.552895
v -0.815493 0.804910 -0.544895
v -0.795667 0.709715 -0.531648
v -0.768177 0.617317 -0.513280
v -0.733290 0.528603 -0.489969
v -0.691342 0.444430 -0.461940
v -0.642735 0.365607 -0.429461
v -0.587938 0.292893 -0.392847
v -0.527479 0.226990 -0.352450
v -0.461940 0.168530 -0.308659
v -0.391952 0.118079 -0.261894
v -0.318189 0.076120 -0.212607
v -0.241363 0.043060 -0.161274
v -0.162212 0.019215 -0.108386
v -0.081498 0.004815 -0.054455
v -0.075768 1.995185 -0.062181
v -0.150807 1.980785 -0.123764
v -0.224393 1.956940 -0.184155
v -0.295818 1.923880 -0.242772
v -0.364394 1.881921 -0.299051
v -0.429462 1.831470 -0.352450
v -0.490393 1.773010 -0.402455
v -0.546601 1.707107 -0.448584
v -0.597545 1.634393 -0.490392
v -0.642735 1.555570 -0.527479
v -0.681734 1.471397 -0.559485
v -0.714168 1.382684 -0.586103
v -0.739725 1.290285 -0.607077
v -0.758157 1.195090 -0.622204
v -0.769288 1.098017 -0.631338
v -0.773010 1.000000 -0.634393
v -0.769288 0.901983 -0.631338
v -0.758157 0.804910 -0.622204
v -0.739725 0.709715 -0.607077
v -0.714168 0.617317 -0.586103
v -0.681734 0.528603 -0.559485
v -0.642735 0.444430 -0.527479
v -0.597545 0.365607 -0.490392
v -0.546601 0.292893 -0.448584
v -0.490393 0.226990 -0.402455
v -0.429462 0.168530 -0.352450
v -0.364394 0.118079 -0.299051
v -0.295818 0.076120 -0.242772
v -0.224393 0.043060 -0.184155
v -0.150807 0.019215 -0.123764
v -0.075768 0.004815 -0.062181
v -0.069309 1.995185 -0.069309
v -0.137950 1.980785 -0.137950
v -0.205262 1.956940 -0.205262
v -0.270598 1.923880 -0.270598
v -0.333328 1.881921 -0.333328
v -0.392848 1.831470 -0.392848
v -0.448584 1.773010 -0.448584
v -0.500000 1.707107 -0.500000
v -0.546601 1.634393 -0.546601
v -0.587938 1.555570 -0.587938
v -0.623612 1.471397 -0.623612
v -0.653281 1.382684 -0.653281
v -0.676659 1.290285 -0.676659
v -0.693520 1.195090 -0.693520
v -0.703702 1.098017 -0.703702
v -0.707106 1.000000 -0.707107
v -0.703702 0.901983 -0.703702
v -0.693520 0.804910 -0.693520
v -0.676659 0.709715 -0.676659
v -0.653281 0.617317 -0.653281
v -0.623612 0.528603 -0.623612
v -0.587938 0.444430 -0.587938
v -0.546601 0.365607 -0.546601
v -0.500000 0.292893 -0.500000
v -0.448584 0.226990 -0.448584
v -0.392848 0.168530 -0.392848
v -0.333328 0.118079 -0.333328
v -0.270598 0.076120 -0.270598
v -0.205262 0.043060 -0.205262
v -0.137950 0.019215 -0.137950
v -0.069309 0.004815 -0.069309
v -0.062181 1.995185 -0.075768
v -0.123764 1.980785 -0.150807
v -0.184155 1.956940 -0.224393
v -0.242772 1.923880 -0.295818
v -0.299051 1.881921 -0.364394
v -0.352450 1.831470 -0.429462
v -0.402455 1.773010 -0.490393
v -0.448584 1.707107 -0.546601
v -0.490393 1.634393 -0.597545
v -0.527479 1.555570 -0.642735
v -0.559485 1.471397 -0.681734
v -0.586102 1.382684 -0.714168
v -0.607076 1.290285 -0.739725
v -0.622203 1.195090 -0.758157
v -0.631338 1.098017 -0.769288
v -0.634393 1.000000 -0.773010
v -0.631338 0.901983 -0.769288
v -0.622203 0.804910 -0.758157
v -0.607076 0.709715 -0.739725
v -0.586102 0.617317 -0.714168
v -0.559485 0.528603 -0.681734
v -0.527479 0.444430 -0.642735
v -0.490393 0.365607 -0.597545
v -0.448584 0.292893 -0.546601
v -0.402455 0.226990 -0.490393
v -0.352450 0.168530 -0.429462
v -0.299051 0.118079 -0.364394
v -0.242772 0.076120 -0.295818
v -0.184155 0.043060 -0.224393
v -0.123764 0.019215 -0.150807
v -0.062181 0.004815 -0.075768
v -0.054455 1.995185 -0.081498
v -0.108386 1.980785 -0.162212
v -0.161274 1.956940 -0.241363
v -0.212607 1.923880 -0.318189
v -0.261894 1.881921 -0.391952
v -0.308659 1.831470 -0.461940
v -0.352450 1.773010 -0.527479
v -0.392847 1.707107 -0.587938
v -0.429461 1.634393 -0.642734
v -0.461940 1.555570 -0.691342
v -0.489969 1.471397 -0.733290
v -0.513280 1.382684 -0.768177
v -0.531647 1.290285 -0.795667
v -0.544895 1.195090 -0.815493
v -0.552895 1.098017 -0.827466
v -0.555570 1.000000 -0.831469
v -0.552895 0.901983 -0.827466
v -0.544895 0.804910 -0.815493
v -0.531647 0.709715 -0.795667
v -0.513280 0.617317 -0.768177
v -0.489969 0.528603 -0.733290
v -0.461940 0.444430 -0.691342
v -0.429461 0.365607 -0.642734
v -0.392847 0.292893 -0.587938
v -0.352450 0.226990 -0.527479
v -0.308659 0.168530 -0.461940
v -0.261894 0.118079 -0.391952
v -0.212607 0.076120 -0.318189
v -0.161274 0.043060 -0.241363
v -0.108386 0.019215 -0.162212
v -0.054455 0.004815 -0.081498
v -0.046205 1.995185 -0.086443
v -0.091965 1.980785 -0.172054
v -0.136839 1.956940 -0.256008
v -0.180396 1.923880 -0.337496
v -0.222215 1.881921 -0.415735
v -0.261894 1.831470 -0.489970
v -0.299051 1.773010 -0.559485
v -0.333328 1.707107 -0.623612
v -0.364395 1.634393 -0.681734
v -0.391952 1.555570 -0.733291
v -0.415735 1.471397 -0.777785
v -0.435513 1.382684 -0.814789
v -0.451098 1.290285 -0.843946
v -0.462339 1.195090 -0.864975
v -0.469127 1.098017 -0.877674
v -0.471396 1.000000 -0.881921
v -0.469127 0.901983 -0.877674
v -0.462339 0.804910 -0.864975
v -0.451098 0.709715 -0.843946
v -0.435513 0.617317 -0.814789
v -0.415735 0.528603 -0.777785
v -0.391952 0.444430 -0.733291
v -0.364395 0.365607 -0.681734
v -0.333328 0.292893 -0.623612
v -0.299051 0.226990 -0.559485
v -0.261894 0.168530 -0.489970
v -0.222215 0.118079 -0.415735
v -0.180396 0.076120 -0.337496
v -0.136839 0.043060 -0.256008
v -0.091965 0.019215 -0.172054
v -0.046205 0.004815 -0.086443
v -0.037509 1.995185 -0.090556
v -0.074658 1.980785 -0.180240
v -0.111087 1.956940 -0.268188
v -0.146446 1.923880 -0.353553
v -0.180396 1.881921 -0.435514
v -0.212608 1.831470 -0.513280
v -0.242772 1.773010 -0.586103
v -0.270598 1.707107 -0.653281
v -0.295818 1.634393 -0.714168
v -0.318190 1.555570 -0.768178
v -0.337496 1.471397 -0.814789
v -0.353553 1.382684 -0.853553
v -0.366205 1.290285 -0.884098
v -0.375330 1.195090 -0.906127
v -0.380840 1.098017 -0.919430
v -0.382683 1.000000 -0.923879
v -0.380840 0.901983 -0.919430
v -0.375330 0.804910 -0.906127
v -0.366205 0.709715 -0.884098
v -0.353553 0.617317 -0.853553
v -0.337496 0.528603 -0.814789
v -0.318190 0.444430 -0.768178
v -0.295818 0.365607 -0.714168
v -0.270598 0.292893 -0.653281
v -0.242772 0.226990 -0.586103
v -0.212608 0.168530 -0.513280
v -0.180396 0.118079 -0.435514
v -0.146446 0.076120 -0.353553
v -0.111087 0.043060 -0.268188
v -0.074658 0.019215 -0.180240
v -0.037509 0.004815 -0.090556
v -0.028453 1.995185 -0.093796
v -0.056632 1.980785 -0.186690
v -0.084265 1.956940 -0.277785
v -0.111087 1.923880 -0.366205
v -0.136839 1.881921 -0.451098
v -0.161274 1.831470 -0.531648
v -0.184155 1.773010 -0.607076
v -0.205262 1.707107 -0.676659
v -0.224393 1.634393 -0.739724
v -0.241363 1.555570 -0.795667
v -0.256008 1.471397 -0.843946
v -0.268188 1.382684 -0.884097
v -0.277785 1.290285 -0.915735
v -0.284707 1.195090 -0.938553
v -0.288887 1.098017 -0.952332
v -0.290284 1.000000 -0.956940
v -0.288887 0.901983 -0.952332
v -0.284707 0.804910 -0.938553
v -0.277785 0.709715 -0.915735
v -0.268188 0.617317 -0.884097
v -0.256008 0.528603 -0.843946
v -0.241363 0.444430 -0.795667
v -0.224393 0.365607 -0.739724
v -0.205262 0.292893 -0.676659
v -0.184155 0.226990 -0.607076
v -0.161274 0.168530 -0.531648
v -0.136839 0.118079 -0.451098
v -0.111087 0.076120 -0.366205
v -0.084265 0.043060 -0.277785
v -0.056632 0.019215 -0.186690
v -0.028453 0.004815 -0.093796
v -0.019122 1.995185 -0.096134
v -0.038060 1.980785 -0.191342
v -0.056632 1.956940 -0.284707
v -0.074658 1.923880 -0.375330
v -0.091965 1.881921 -0.462339
v -0.108386 1.831470 -0.544896
v -0.123764 1.773010 -0.622204
v -0.137950 1.707107 -0.693520
v -0.150807 1.634393 -0.758157
v -0.162212 1.555570 -0.815493
v -0.172054 1.471397 -0.864975
v -0.180240 1.382684 -0.906127
v -0.186690 1.290285 -0.938553
v -0.191342 1.195090 -0.961940
v -0.194151 1.098017 -0.976062
v -0.195090 1.000000 -0.980785
v -0.194151 0.901983 -0.976062
v -0.191342 0.804910 -0.961940
v -0.186690 0.709715 -0.938553
v -0.180240 0.617317 -0.906127
v -0.172054 0.528603 -0.864975
v -0.162212 0.444430 -0.815493
v -0.150807 0.365607 -0.758157
v -0.137950 0.292893 -0.693520
v -0.123764 0.226990 -0.622204
v -0.108386 0.168530 -0.544896
v -0.091965 0.118079 -0.462339
v -0.074658 0.076120 -0.375330
v -0.056632 0.043060 -0.284707
v -0.038060 0.019215 -0.191342
v -0.019122 0.004815 -0.096134
v -0.009607 1.995185 -0.097545
v -0.019122 1.980785 -0.194151
v -0.028453 1.956940 -0.288887
v -0.037509 1.923880 -0.380840
v -0.046205 1.881921 -0.469127
v -0.054455 1.831470 -0.552896
v -0.062181 1.773010 -0.631338
v -0.069308 1.707107 -0.703702
v -0.075768 1.634393 -0.769288
v -0.081499 1.555570 -0.827466
v -0.086443 1.471397 -0.877674
v -0.090556 1.382684 -0.919430
v -0.093796 1.290285 -0.952332
v -0.096134 1.195090 -0.976062
v -0.097545 1.098017 -0.990392
v -0.098017 1.000000 -0.995184
v -0.097545 0.901983 -0.990392
v -0.096134 0.804910 -0.976062
v -0.093796 0.709715 -0.952332
v -0.090556 0.617317 -0.919430
v -0.086443 0.528603 -0.877674
v -0.081499 0.444430 -0.827466
v -0.075768 0.365607 -0.769288
v -0.069308 0.292893 -0.703702
v -0.062181 0.226990 -0.631338
v -0.054455 0.168530 -0.552896
v -0.046205 0.118079 -0.469127
v -0.037509 0.076120 -0.380840
v -0.028453 0.043060 -0.288887
v -0.019122 0.019215 -0.194151
v -0.009607 0.004815 -0.097545
v 0.000000 1.923880 -0.382683
v -0.000000 1.831470 -0.555571
v -0.000000 1.773010 -0.634393
v 0.000000 1.707107 -0.707106
v -0.000000 1.634393 -0.773010
v -0.000000 1.555570 -0.831470
v 0.000000 1.195090 -0.980785
v 0.000000 0.804910 -0.980785
v 0.000000 0.617317 -0.923879
v -0.000000 0.444430 -0.831470
v -0.000000 0.365607 -0.773010
v 0.000000 0.292893 -0.707106
v -0.000000 0.226990 -0.634393
v -0.000000 0.168530 -0.555571
vn -0.0000 1.0000 -0.0000
vn -0.0000 0.9950 -0.0995
vn -0.0000 0.9805 -0.1966
vn -0.0000 0.9565 -0.2917
vn -0.0000 0.8813 -0.4726
vn -0.0000 0.4708 -0.8823
vn -0.0000 0.3821 -0.9241
vn -0.0000 0.2899 -0.9571
vn -0.0000 0.0979 -0.9952
vn -0.0000 -0.0000 -1.0000
vn -0.0000 -0.0979 -0.9952
vn -0.0000 -0.2899 -0.9571
vn -0.0000 -0.4708 -0.8823
vn -0.0000 -0.8813 -0.4726
vn -0.0000 -0.9233 -0.3840
vn -0.0000 -0.9565 -0.2917
vn -0.0000 -0.9805 -0.1966
vn -0.0000 -0.9950 -0.0995
vn -0.0000 -1.0000 -0.0000
vn 0.0098 0.9950 -0.0991
vn 0.0193 0.9805 -0.1956
vn 0.0286 0.9565 -0.2903
vn 0.0376 0.9233 -0.3821
vn 0.0463 0.8813 -0.4703
vn 0.0546 0.8308 -0.5539
vn 0.0623 0.7723 -0.6322
vn 0.0694 0.7063 -0.7045
vn 0.0758 0.6336 -0.7699
vn 0.0815 0.5549 -0.8279
vn 0.0865 0.4708 -0.8780
vn 0.0906 0.3821 -0.9197
vn 0.0938 0.2899 -0.9525
vn 0.0961 0.1948 -0.9761
vn 0.0975 0.0979 -0.9904
vn 0.0980 -0.0000 -0.9952
vn 0.0975 -0.0979 -0.9904
vn 0.0961 -0.1948 -0.9761
vn 0.0938 -0.2899 -0.9525
vn 0.0906 -0.3821 -0.9197
vn 0.0865 -0.4708 -0.8780
vn 0.0815 -0.5549 -0.8279
vn 0.0758 -0.6336 -0.7699
vn 0.0694 -0.7063 -0.7045
vn 0.0623 -0.7723 -0.6322
vn 0.0546 -0.8308 -0.5539
vn 0.0463 -0.8813 -0.4703
vn 0.0376 -0.9233 -0.3821
vn 0.0286 -0.9565 -0.2903
vn 0.0193 -0.9805 -0.1956
vn 0.0098 -0.9950 -0.0991
vn 0.0194 0.9950 -0.0976
vn 0.0383 0.9805 -0.1928
vn 0.0569 0.9565 -0.2861
vn 0.0749 0.9233 -0.3766
vn 0.0922 0.8813 -0.4635
vn 0.1086 0.8308 -0.5459
vn 0.1239 0.7723 -0.6231
vn 0.1381 0.7063 -0.6943
vn 0.1509 0.6336 -0.7588
vn 0.1623 0.5549 -0.8160
vn 0.1721 0.4708 -0.8653
vn 0.1803 0.3821 -0.9063
vn 0.1867 0.2899 -0.9387
vn 0.1914 0.1948 -0.9620
vn 0.1942 0.0979 -0.9761
vn 0.1951 -0.0000 -0.9808
vn 0.1942 -0.0979 -0.9761
vn 0.1914 -0.1948 -0.9620
vn 0.1867 -0.2899 -0.9387
vn 0.1803 -0.3821 -0.9063
vn 0.1721 -0.4708 -0.8653
vn 0.1623 -0.5549 -0.8160
vn 0.1509 -0.6336 -0.7588
vn 0.1381 -0.7063 -0.6943
vn 0.1239 -0.7723 -0.6231
vn 0.1086 -0.8308 -0.5459
vn 0.0922 -0.8813 -0.4635
vn 0.0749 -0.9233 -0.3766
vn 0.0569 -0.9565 -0.2861
vn 0.0383 -0.9805 -0.1928
vn 0.0194 -0.9950 -0.0976
vn 0.0289 0.9950 -0.0952
vn 0.0571 0.9805 -0.1881
vn 0.0847 0.9565 -0.2791
vn 0.1115 0.9233 -0.3675
vn 0.1372 0.8813 -0.4522
vn 0.1616 0.8308 -0.5327
vn 0.1844 0.7723 -0.6080
vn 0.2055 0.7063 -0.6774
vn 0.2246 0.6336 -0.7403
vn 0.2415 0.5549 -0.7961
vn 0.2561 0.4708 -0.8443
vn 0.2683 0.3821 -0.8843
vn 0.2778 0.2899 -0.9159
vn 0.2847 0.1948 -0.9386
vn 0.2889 0.0979 -0.9523
vn 0.2903 -0.0000 -0.9569
vn 0.2889 -0.0979 -0.9523
vn 0.2847 -0.1948 -0.9386
vn 0.2778 -0.2899 -0.9159
vn 0.2683 -0.3821 -0.8843
vn 0.2561 -0.4708 -0.8443
vn 0.2415 -0.5549 -0.7961
vn 0.2246 -0.6336 -0.7403
vn 0.2055 -0.7063 -0.6774
vn 0.1844 -0.7723 -0.6080
vn 0.1616 -0.8308 -0.5327
vn 0.1372 -0.8813 -0.4522
vn 0.1115 -0.9233 -0.3675
vn 0.0847 -0.9565 -0.2791
vn 0.0571 -0.9805 -0.1881
vn 0.0289 -0.9950 -0.0952
vn 0.0381 0.9950 -0.0920
vn 0.0752 0.9805 -0.1816
vn 0.1116 0.9565 -0.2695
vn 0.1469 0.9233 -0.3548
vn 0.1809 0.8813 -0.4366
vn 0.2130 0.8308 -0.5143
vn 0.2431 0.7723 -0.5869
vn 0.2709 0.7063 -0.6540
vn 0.2961 0.6336 -0.7147
vn 0.3184 0.5549 -0.7686
vn 0.3376 0.4708 -0.8151
vn 0.3536 0.3821 -0.8538
vn 0.3663 0.2899 -0.8842
vn 0.3754 0.1948 -0.9062
vn 0.3808 0.0979 -0.9194
vn 0.3827 -0.0000 -0.9239
vn 0.3808 -0.0979 -0.9194
vn 0.3754 -0.1948 -0.9062
vn 0.3663 -0.2899 -0.8842
vn 0.3536 -0.3821 -0.8538
vn 0.3376 -0.4708 -0.8151
vn 0.3184 -0.5549 -0.7686
vn 0.2961 -0.6336 -0.7147
vn 0.2709 -0.7063 -0.6540
vn 0.2431 -0.7723 -0.5869
vn 0.2130 -0.8308 -0.5143
vn 0.1809 -0.8813 -0.4366
vn 0.1469 -0.9233 -0.3548
vn 0.1116 -0.9565 -0.2695
vn 0.0752 -0.9805 -0.1816
vn 0.0381 -0.9950 -0.0920
vn 0.0469 0.9950 -0.0878
vn 0.0927 0.9805 -0.1734
vn 0.1375 0.9565 -0.2572
vn 0.1810 0.9233 -0.3386
vn 0.2228 0.8813 -0.4168
vn 0.2624 0.8308 -0.4909
vn 0.2995 0.7723 -0.5603
vn 0.3337 0.7063 -0.6243
vn 0.3647 0.6336 -0.6823
vn 0.3922 0.5549 -0.7337
vn 0.4159 0.4708 -0.7781
vn 0.4356 0.3821 -0.8150
vn 0.4512 0.2899 -0.8441
vn 0.4624 0.1948 -0.8650
vn 0.4691 0.0979 -0.8777
vn 0.4714 -0.0000 -0.8819
vn 0.4691 -0.0979 -0.8777
vn 0.4624 -0.1948 -0.8650
vn 0.4512 -0.2899 -0.8441
vn 0.4356 -0.3821 -0.8150
vn 0.4159 -0.4708 -0.7781
vn 0.3922 -0.5549 -0.7337
vn 0.3647 -0.6336 -0.6823
vn 0.3337 -0.7063 -0.6243
vn 0.2995 -0.7723 -0.5603
vn 0.2624 -0.8308 -0.4909
vn 0.2228 -0.8813 -0.4168
vn 0.1810 -0.9233 -0.3386
vn 0.1375 -0.9565 -0.2572
vn 0.0927 -0.9805 -0.1734
vn 0.0469 -0.9950 -0.0878
vn 0.0553 0.9950 -0.0828
vn 0.1092 0.9805 -0.1634
vn 0.1621 0.9565 -0.2425
vn 0.2133 0.9233 -0.3193
vn 0.2626 0.8813 -0.3929
vn 0.3092 0.8308 -0.4628
vn 0.3530 0.7723 -0.5282
vn 0.3933 0.7063 -0.5886
vn 0.4298 0.6336 -0.6432
vn 0.4622 0.5549 -0.6917
vn 0.4902 0.4708 -0.7336
vn 0.5134 0.3821 -0.7684
vn 0.5317 0.2899 -0.7958
vn 0.5449 0.1948 -0.8155
vn 0.5529 0.0979 -0.8275
vn 0.5556 -0.0000 -0.8315
vn 0.5529 -0.0979 -0.8275
vn 0.5449 -0.1948 -0.8155
vn 0.5317 -0.2899 -0.7958
vn 0.5134 -0.3821 -0.7684
vn 0.4902 -0.4708 -0.7336
vn 0.4622 -0.5549 -0.6917
vn 0.4298 -0.6336 -0.6432
vn 0.3933 -0.7063 -0.5886
vn 0.3530 -0.7723 -0.5282
vn 0.3092 -0.8308 -0.4628
vn 0.2626 -0.8813 -0.3929
vn 0.2133 -0.9233 -0.3193
vn 0.1621 -0.9565 -0.2425
vn 0.1092 -0.9805 -0.1634
vn 0.0553 -0.9950 -0.0828
vn 0.0631 0.9950 -0.0769
vn 0.1247 0.9805 -0.1519
vn 0.1850 0.9565 -0.2255
vn 0.2436 0.9233 -0.2968
vn 0.2998 0.8813 -0.3653
vn 0.3531 0.8308 -0.4303
vn 0.4030 0.7723 -0.4911
vn 0.4491 0.7063 -0.5472
vn 0.4908 0.6336 -0.5980
vn 0.5278 0.5549 -0.6431
vn 0.5597 0.4708 -0.6820
vn 0.5862 0.3821 -0.7143
vn 0.6072 0.2899 -0.7398
vn 0.6222 0.1948 -0.7582
vn 0.6313 0.0979 -0.7693
vn 0.6344 -0.0000 -0.7730
vn 0.6313 -0.0979 -0.7693
vn 0.6222 -0.1948 -0.7582
vn 0.6072 -0.2899 -0.7398
vn 0.5862 -0.3821 -0.7143
vn 0.5597 -0.4708 -0.6820
vn 0.5278 -0.5549 -0.6431
vn 0.4908 -0.6336 -0.5980
vn 0.4491 -0.7063 -0.5472
vn 0.4030 -0.7723 -0.4911
vn 0.3531 -0.8308 -0.4303
vn 0.2998 -0.8813 -0.3653
vn 0.2436 -0.9233 -0.2968
vn 0.1850 -0.9565 -0.2255
vn 0.1247 -0.9805 -0.1519
vn 0.0631 -0.9950 -0.0769
vn 0.0704 0.9950 -0.0704
vn 0.1390 0.9805 -0.1390
vn 0.2063 0.9565 -0.2063
vn 0.2715 0.9233 -0.2715
vn 0.3342 0.8813 -0.3342
vn 0.3936 0.8308 -0.3936
vn 0.4492 0.7723 -0.4492
vn 0.5005 0.7063 -0.5005
vn 0.5470 0.6336 -0.5470
vn 0.5883 0.5549 -0.5883
vn 0.6239 0.4708 -0.6239
vn 0.6534 0.3821 -0.6534
vn 0.6768 0.2899 -0.6768
vn 0.6936 0.1948 -0.6936
vn 0.7037 0.0979 -0.7037
vn 0.7071 -0.0000 -0.7071
vn 0.7037 -0.0979 -0.7037
vn 0.6936 -0.1948 -0.6936
vn 0.6767 -0.2899 -0.6768
vn 0.6534 -0.3821 -0.6534
vn 0.6239 -0.4708 -0.6239
vn 0.5883 -0.5549 -0.5883
vn 0.5470 -0.6336 -0.5470
vn 0.5005 -0.7063 -0.5005
vn 0.4492 -0.7723 -0.4492
vn 0.3936 -0.8308 -0.3936
vn 0.3342 -0.8813 -0.3342
vn 0.2715 -0.9233 -0.2715
vn 0.2063 -0.9565 -0.2063
vn 0.1390 -0.9805 -0.1390
vn 0.0704 -0.9950 -0.0704
vn 0.0769 0.9950 -0.0631
vn 0.1519 0.9805 -0.1247
vn 0.2255 0.9565 -0.1850
vn 0.2968 0.9233 -0.2436
vn 0.3653 0.8813 -0.2998
vn 0.4303 0.8308 -0.3531
vn 0.4911 0.7723 -0.4030
vn 0.5472 0.7063 -0.4491
vn 0.5980 0.6336 -0.4908
vn 0.6431 0.5549 -0.5278
vn 0.6820 0.4708 -0.5597
vn 0.7143 0.3821 -0.5862
vn 0.7398 0.2899 -0.6072
vn 0.7582 0.1948 -0.6222
vn 0.7693 0.0979 -0.6313
vn 0.7730 -0.0000 -0.6344
vn 0.7693 -0.0979 -0.6313
vn 0.7582 -0.1948 -0.6222
vn 0.7398 -0.2899 -0.6072
vn 0.7143 -0.3821 -0.5862
vn 0.6820 -0.4708 -0.5597
vn 0.6431 -0.5549 -0.5278
vn 0.5980 -0.6336 -0.4908
vn 0.5472 -0.7063 -0.4491
vn 0.4911 -0.7723 -0.4030
vn 0.4303 -0.8308 -0.3531
vn 0.3653 -0.8813 -0.2998
vn 0.2968 -0.9233 -0.2436
vn 0.2255 -0.9565 -0.1850
vn 0.1519 -0.9805 -0.1247
vn 0.0769 -0.9950 -0.0631
vn 0.0828 0.9950 -0.0553
vn 0.1634 0.9805 -0.1092
vn 0.2425 0.9565 -0.1621
vn 0.3193 0.9233 -0.2133
vn 0.3929 0.8813 -0.2626
vn 0.4628 0.8308 -0.3092
vn 0.5282 0.7723 -0.3530
vn 0.5886 0.7063 -0.3933
vn 0.6432 0.6336 -0.4298
vn 0.6917 0.5549 -0.4622
vn 0.7336 0.4708 -0.4902
vn 0.7684 0.3821 -0.5134
vn 0.7958 0.2899 -0.5317
vn 0.8155 0.1948 -0.5449
vn 0.8275 0.0979 -0.5529
vn 0.8315 -0.0000 -0.5556
vn 0.8275 -0.0979 -0.5529
vn 0.8155 -0.1948 -0.5449
vn 0.7958 -0.2899 -0.5317
vn 0.7684 -0.3821 -0.5134
vn 0.7336 -0.4708 -0.4902
vn 0.6917 -0.5549 -0.4622
vn 0.6432 -0.6336 -0.4298
vn 0.5886 -0.7063 -0.3933
vn 0.5282 -0.7723 -0.3530
vn 0.4628 -0.8308 -0.3092
vn 0.3929 -0.8813 -0.2626
vn 0.3193 -0.9233 -0.2133
vn 0.2425 -0.9565 -0.1621
vn 0.1634 -0.9805 -0.1092
vn 0.0828 -0.9950 -0.0553
vn 0.0878 0.9950 -0.0469
vn 0.1734 0.9805 -0.0927
vn 0.2572 0.9565 -0.1375
vn 0.3386 0.9233 -0.1810
vn 0.4168 0.8813 -0.2228
vn 0.4909 0.8308 -0.2624
vn 0.5603 0.7723 -0.2995
vn 0.6243 0.7063 -0.3337
vn 0.6823 0.6336 -0.3647
vn 0.7337 0.5549 -0.3922
vn 0.7781 0.4708 -0.4159
vn 0.8150 0.3821 -0.4356
vn 0.8441 0.2899 -0.4512
vn 0.8650 0.1948 -0.4624
vn 0.8777 0.0979 -0.4691
vn 0.8819 -0.0000 -0.4714
vn 0.8777 -0.0979 -0.4691
vn 0.8650 -0.1948 -0.4624
vn 0.8441 -0.2899 -0.4512
vn 0.8150 -0.3821 -0.4356
vn 0.7781 -0.4708 -0.4159
vn 0.7337 -0.5549 -0.3922
vn 0.6823 -0.6336 -0.3647
vn 0.6243 -0.7063 -0.3337
vn 0.5603 -0.7723 -0.2995
vn 0.4909 -0.8308 -0.2624
vn 0.4168 -0.8813 -0.2228
vn 0.3386 -0.9233 -0.1810
vn 0.2572 -0.9565 -0.1375
vn 0.1734 -0.9805 -0.0927
vn 0.0878 -0.9950 -0.0469
vn 0.0920 0.9950 -0.0381
vn 0.1816 0.9805 -0.0752
vn 0.2695 0.9565 -0.1116
vn 0.3548 0.9233 -0.1469
vn 0.4366 0.8813 -0.1809
vn 0.5143 0.8308 -0.2130
vn 0.5869 0.7723 -0.2431
vn 0.6540 0.7063 -0.2709
vn 0.7147 0.6336 -0.2961
vn 0.7686 0.5549 -0.3184
vn 0.8151 0.4708 -0.3376
vn 0.8538 0.3821 -0.3536
vn 0.8842 0.2899 -0.3663
vn 0.9062 0.1948 -0.3754
vn 0.9194 0.0979 -0.3808
vn 0.9239 -0.0000 -0.3827
vn 0.9194 -0.0979 -0.3808
vn 0.9062 -0.1948 -0.3754
vn 0.8842 -0.2899 -0.3663
vn 0.8538 -0.3821 -0.3536
vn 0.8151 -0.4708 -0.3376
vn 0.7686 -0.5549 -0.3184
vn 0.7147 -0.6336 -0.2961
vn 0.6540 -0.7063 -0.2709
vn 0.5869 -0.7723 -0.2431
vn 0.5143 -0.8308 -0.2130
vn 0.4366 -0.8813 -0.1809
vn 0.3548 -0.9233 -0.1469
vn 0.2695 -0.9565 -0.1116
vn 0.1816 -0.9805 -0.0752
vn 0.0920 -0.9950 -0.0381
vn 0.0952 0.9950 -0.0289
vn 0.1881 0.9805 -0.0571
vn 0.2791 0.9565 -0.0847
vn 0.3675 0.9233 -0.1115
vn 0.4522 0.8813 -0.1372
vn 0.5327 0.8308 -0.1616
vn 0.6080 0.7723 -0.1844
vn 0.6774 0.7063 -0.2055
vn 0.7403 0.6336 -0.2246
vn 0.7961 0.5549 -0.2415
vn 0.8443 0.4708 -0.2561
vn 0.8843 0.3821 -0.2683
vn 0.9159 0.2899 -0.2778
vn 0.9386 0.1948 -0.2847
vn 0.9523 0.0979 -0.2889
vn 0.9569 -0.0000 -0.2903
vn 0.9523 -0.0979 -0.2889
vn 0.9386 -0.1948 -0.2847
vn 0.9159 -0.2899 -0.2778
vn 0.8843 -0.3821 -0.2683
vn 0.8443 -0.4708 -0.2561
vn 0.7961 -0.5549 -0.2415
vn 0.7403 -0.6336 -0.2246
vn 0.6774 -0.7063 -0.2055
vn 0.6080 -0.7723 -0.1844
vn 0.5327 -0.8308 -0.1616
vn 0.4522 -0.8813 -0.1372
vn 0.3675 -0.9233 -0.1115
vn 0.2791 -0.9565 -0.0847
vn 0.1881 -0.9805 -0.0571
vn 0.0952 -0.9950 -0.0289
vn 0.0976 0.9950 -0.0194
vn 0.1928 0.9805 -0.0383
vn 0.2861 0.9565 -0.0569
vn 0.3766 0.9233 -0.0749
vn 0.4635 0.8813 -0.0922
vn 0.5459 0.8308 -0.1086
vn 0.6231 0.7723 -0.1239
vn 0.6943 0.7063 -0.1381
vn 0.7588 0.6336 -0.1509
vn 0.8160 0.5549 -0.1623
vn 0.8653 0.4708 -0.1721
vn 0.9063 0.3821 -0.1803
vn 0.9387 0.2899 -0.1867
vn 0.9620 0.1948 -0.1914
vn 0.9761 0.0979 -0.1942
vn 0.9808 -0.0000 -0.1951
vn 0.9761 -0.0979 -0.1942
vn 0.9620 -0.1948 -0.1914
vn 0.9387 -0.2899 -0.1867
vn 0.9063 -0.3821 -0.1803
vn 0.8653 -0.4708 -0.1721
vn 0.8160 -0.5549 -0.1623
vn 0.7588 -0.6336 -0.1509
vn 0.6943 -0.7063 -0.1381
vn 0.6231 -0.7723 -0.1239
vn 0.5459 -0.8308 -0.1086
vn 0.4635 -0.8813 -0.0922
vn 0.3766 -0.9233 -0.0749
vn 0.2861 -0.9565 -0.0569
vn 0.1928 -0.9805 -0.0383
vn 0.0976 -0.9950 -0.0194
vn 0.0991 0.9950 -0.0098
vn 0.1956 0.9805 -0.0193
vn 0.2903 0.9565 -0.0286
vn 0.3821 0.9233 -0.0376
vn 0.4703 0.8813 -0.0463
vn 0.5539 0.8308 -0.0546
vn 0.6322 0.7723 -0.0623
vn 0.7045 0.7063 -0.0694
vn 0.7699 0.6336 -0.0758
vn 0.8279 0.5549 -0.0815
vn 0.8780 0.4708 -0.0865
vn 0.9197 0.3821 -0.0906
vn 0.9525 0.2899 -0.0938
vn 0.9761 0.1948 -0.0961
vn 0.9904 0.0979 -0.0975
vn 0.9952 -0.0000 -0.0980
vn 0.9904 -0.0979 -0.0975
vn 0.9761 -0.1948 -0.0961
vn 0.9525 -0.2899 -0.0938
vn 0.9197 -0.3821 -0.0906
vn 0.8780 -0.4708 -0.0865
vn 0.8279 -0.5549 -0.0815
vn 0.7699 -0.6336 -0.0758
vn 0.7045 -0.7063 -0.0694
vn 0.6322 -0.7723 -0.0623
vn 0.5539 -0.8308 -0.0546
vn 0.4703 -0.8813 -0.0463
vn 0.3821 -0.9233 -0.0376
vn 0.2903 -0.9565 -0.0286
vn 0.1956 -0.9805 -0.0193
vn 0.0991 -0.9950 -0.0098
vn 0.0995 0.9950 -0.0000
vn 0.1966 0.9805 -0.0000
vn 0.2917 0.9565 -0.0000
vn 0.3840 0.9233 -0.0000
vn 0.4726 0.8813 -0.0000
vn 0.5566 0.8308 -0.0000
vn 0.6353 0.7723 -0.0000
vn 0.7079 0.7063 -0.0000
vn 0.7736 0.6336 -0.0000
vn 0.8319 0.5549 -0.0000
vn 0.8823 0.4708 -0.0000
vn 0.9241 0.3821 -0.0000
vn 0.9571 0.2899 -0.0000
vn 0.9808 0.1948 -0.0000
vn 0.9952 0.0979 -0.0000
vn 1.0000 -0.0000 -0.0000
vn 0.9952 -0.0979 -0.0000
vn 0.9808 -0.1948 -0.0000
vn 0.9571 -0.2899 -0.0000
vn 0.9241 -0.3821 -0.0000
vn 0.8823 -0.4708 -0.0000
vn 0.8319 -0.5549 -0.0000
vn 0.7736 -0.6336 -0.0000
vn 0.7079 -0.7063 -0.0000
vn 0.6353 -0.7723 -0.0000
vn 0.5566 -0.8308 -0.0000
vn 0.4726 -0.8813 -0.0000
vn 0.3840 -0.9233 -0.0000
vn 0.2917 -0.9565 -0.0000
vn 0.1966 -0.9805 -0.0000
vn 0.0995 -0.9950 -0.0000
vn 0.0991 0.9950 0.0098
vn 0.1956 0.9805 0.0193
vn 0.2903 0.9565 0.0286
vn 0.3821 0.9233 0.0376
vn 0.4703 0.8813 0.0463
vn 0.5539 0.8308 0.0546
vn 0.6322 0.7723 0.0623
vn 0.7045 0.7063 0.0694
vn 0.7699 0.6336 0.0758
vn 0.8279 0.5549 0.0815
vn 0.8780 0.4708 0.0865
vn 0.9197 0.3821 0.0906
vn 0.9525 0.2899 0.0938
vn 0.9761 0.1948 0.0961
vn 0.9904 0.0979 0.0975
vn 0.9952 -0.0000 0.0980
vn 0.9904 -0.0979 0.0975
vn 0.9761 -0.1948 0.0961
vn 0.9525 -0.2899 0.0938
vn 0.9197 -0.3821 0.0906
vn 0.8780 -0.4708 0.0865
vn 0.8279 -0.5549 0.0815
vn 0.7699 -0.6336 0.0758
vn 0.7045 -0.7063 0.0694
vn 0.6322 -0.7723 0.0623
vn 0.5539 -0.8308 0.0546
vn 0.4703 -0.8813 0.0463
vn 0.3821 -0.9233 0.0376
vn 0.2903 -0.9565 0.0286
vn 0.1956 -0.9805 0.0193
vn 0.0991 -0.9950 0.0098
vn 0.0976 0.9950 0.0194
vn 0.1928 0.9805 0.0383
vn 0.2861 0.9565 0.0569
vn 0.3766 0.9233 0.0749
vn 0.4635 0.8813 0.0922
vn 0.5459 0.8308 0.1086
vn 0.6231 0.7723 0.1239
vn 0.6943 0.7063 0.1381
vn 0.7588 0.6336 0.1509
vn 0.8160 0.5549 0.1623
vn 0.8653 0.4708 0.1721
vn 0.9063 0.3821 0.1803
vn 0.9387 0.2899 0.1867
vn 0.9620 0.1948 0.1914
vn 0.9761 0.0979 0.1942
vn 0.9808 -0.0000 0.1951
vn 0.9761 -0.0979 0.1942
vn 0.9620 -0.1948 0.1914
vn 0.9387 -0.2899 0.1867
vn 0.9063 -0.3821 0.1803
vn 0.8653 -0.4708 0.1721
vn 0.8160 -0.5549 0.1623
vn 0.7588 -0.6336 0.1509
vn 0.6943 -0.7063 0.1381
vn 0.6231 -0.7723 0.1239
vn 0.5459 -0.8308 0.1086
vn 0.4635 -0.8813 0.0922
vn 0.3766 -0.9233 0.0749
vn 0.2861 -0.9565 0.0569
vn 0.1928 -0.9805 0.0383
vn 0.0976 -0.9950 0.0194
vn 0.0952 0.9950 0.0289
vn 0.1881 0.9805 0.0571
vn 0.2791 0.9565 0.0847
vn 0.3675 0.9233 0.1115
vn 0.4522 0.8813 0.1372
vn 0.5327 0.8308 0.1616
vn 0.6080 0.7723 0.1844
vn 0.6774 0.7063 0.2055
vn 0.7403 0.6336 0.2246
vn 0.7961 0.5549 0.2415
vn 0.8443 0.4708 0.2561
vn 0.8843 0.3821 0.2683
vn 0.9159 0.2899 0.2778
vn 0.9386 0.1948 0.2847
vn 0.9523 0.0979 0.2889
vn 0.9569 -0.0000 0.2903
vn 0.9523 -0.0979 0.2889
vn 0.9386 -0.1948 0.2847
vn 0.9159 -0.2899 0.2778
vn 0.8843 -0.3821 0.2683
vn 0.8443 -0.4708 0.2561
vn 0.7961 -0.5549 0.2415
vn 0.7403 -0.6336 0.2246
vn 0.6774 -0.7063 0.2055
vn 0.6080 -0.7723 0.1844
vn 0.5327 -0.8308 0.1616
vn 0.4522 -0.8813 0.1372
vn 0.3675 -0.9233 0.1115
vn 0.2791 -0.9565 0.0847
vn 0.1881 -0.9805 0.0571
vn 0.0952 -0.9950 0.0289
vn 0.0920 0.9950 0.0381
vn 0.1816 0.9805 0.0752
vn 0.2695 0.9565 0.1116
vn 0.3548 0.9233 0.1469
vn 0.4366 0.8813 0.1809
vn 0.5143 0.8308 0.2130
vn 0.5869 0.7723 0.2431
vn 0.6540 0.7063 0.2709
vn 0.7147 0.6336 0.2961
vn 0.7686 0.5549 0.3184
vn 0.8151 0.4708 0.3376
vn 0.8538 0.3821 0.3536
vn 0.8842 0.2899 0.3663
vn 0.9062 0.1948 0.3754
vn 0.9194 0.0979 0.3808
vn 0.9239 -0.0000 0.3827
vn 0.9194 -0.0979 0.3808
vn 0.9062 -0.1948 0.3754
vn 0.8842 -0.2899 0.3663
vn 0.8538 -0.3821 0.3536
vn 0.8151 -0.4708 0.3376
vn 0.7686 -0.5549 0.3184
vn 0.7147 -0.6336 0.2961
vn 0.6540 -0.7063 0.2709
vn 0.5869 -0.7723 0.2431
vn 0.5143 -0.8308 0.2130
vn 0.4366 -0.8813 0.1809
vn 0.3548 -0.9233 0.1469
vn 0.2695 -0.9565 0.1116
vn 0.1816 -0.9805 0.0752
vn 0.0920 -0.9950 0.0381
vn 0.0878 0.9950 0.0469
vn 0.1734 0.9805 0.0927
vn 0.2572 0.9565 0.1375
vn 0.3386 0.9233 0.1810
vn 0.4168 0.8813 0.2228
vn 0.4909 0.8308 0.2624
vn 0.5603 0.7723 0.2995
vn 0.6243 0.7063 0.3337
vn 0.6823 0.6336 0.3647
vn 0.7337 0.5549 0.3922
vn 0.7781 0.4708 0.4159
vn 0.8150 0.3821 0.4356
vn 0.8441 0.2899 0.4512
vn 0.8650 0.1948 0.4624
vn 0.8777 0.0979 0.4691
vn 0.8819 -0.0000 0.4714
vn 0.8777 -0.0979 0.4691
vn 0.8650 -0.1948 0.4624
vn 0.8441 -0.2899 0.4512
vn 0.8150 -0.3821 0.4356
vn 0.7781 -0.4708 0.4159
vn 0.7337 -0.5549 0.3922
vn 0.6823 -0.6336 0.3647
vn 0.6243 -0.7063 0.3337
vn 0.5603 -0.7723 0.2995
vn 0.4909 -0.8308 0.2624
vn 0.4168 -0.8813 0.2228
vn 0.3386 -0.9233 0.1810
vn 0.2572 -0.9565 0.1375
vn 0.1734 -0.9805 0.0927
vn 0.0878 -0.9950 0.0469
vn 0.0828 0.9950 0.0553
vn 0.1634 0.9805 0.1092
vn 0.2425 0.9565 0.1621
vn 0.3193 0.9233 0.2133
vn 0.3929 0.8813 0.2626
vn 0.4628 0.8308 0.3092
vn 0.5282 0.7723 0.3530
vn 0.5886 0.7063 0.3933
vn 0.6432 0.6336 0.4298
vn 0.6917 0.5549 0.4622
vn 0.7336 0.4708 0.4902
vn 0.7684 0.3821 0.5134
vn 0.7958 0.2899 0.5317
vn 0.8155 0.1948 0.5449
vn 0.8275 0.0979 0.5529
vn 0.8315 -0.0000 0.5556
vn 0.8275 -0.0979 0.5529
vn 0.8155 -0.1948 0.5449
vn 0.7958 -0.2899 0.5317
vn 0.7684 -0.3821 0.5134
vn 0.7336 -0.4708 0.4902
vn 0.6917 -0.5549 0.4622
vn 0.6432 -0.6336 0.4298
vn 0.5886 -0.7063 0.3933
vn 0.5282 -0.7723 0.3530
vn 0.4628 -0.8308 0.3092
vn 0.3929 -0.8813 0.2626
vn 0.3193 -0.9233 0.2133
vn 0.2425 -0.9565 0.1621
vn 0.1634 -0.9805 0.1092
vn 0.0828 -0.9950 0.0553
vn 0.0769 0.9950 0.0631
vn 0.1519 0.9805 0.1247
vn 0.2255 0.9565 0.1850
vn 0.2968 0.9233 0.2436
vn 0.3653 0.8813 0.2998
vn 0.4303 0.8308 0.3531
vn 0.4911 0.7723 0.4030
vn 0.5472 0.7063 0.4491
vn 0.5980 0.6336 0.4908
vn 0.6431 0.5549 0.5278
vn 0.6820 0.4708 0.5597
vn 0.7143 0.3821 0.5862
vn 0.7398 0.2899 0.6072
vn 0.7582 0.1948 0.6222
vn 0.7693 0.0979 0.6313
vn 0.7730 -0.0000 0.6344
vn 0.7693 -0.0979 0.6313
vn 0.7582 -0.1948 0.6222
vn 0.7398 -0.2899 0.6072
vn 0.7143 -0.3821 0.5862
vn 0.6820 -0.4708 0.5597
vn 0.6431 -0.5549 0.5278
vn 0.5980 -0.6336 0.4908
vn 0.5472 -0.7063 0.4491
vn 0.4911 -0.7723 0.4030
vn 0.4303 -0.8308 0.3531
vn 0.3653 -0.8813 0.2998
vn 0.2968 -0.9233 0.2436
vn 0.2255 -0.9565 0.1850
vn 0.1519 -0.9805 0.1247
vn 0.0769 -0.9950 0.0631
vn 0.0704 0.9950 0.0704
vn 0.1390 0.9805 0.1390
vn 0.2063 0.9565 0.2063
vn 0.2715 0.9233 0.2715
vn 0.3342 0.8813 0.3342
vn 0.3936 0.8308 0.3936
vn 0.4492 0.7723 0.4492
vn 0.5005 0.7063 0.5005
vn 0.5470 0.6336 0.5470
vn 0.5883 0.5549 0.5883
vn 0.6239 0.4708 0.6239
vn 0.6534 0.3821 0.6534
vn 0.6767 0.2899 0.6767
vn 0.6936 0.1948 0.6936
vn 0.7037 0.0979 0.7037
vn 0.7071 -0.0000 0.7071
vn 0.7037 -0.0979 0.7037
vn 0.6936 -0.1948 0.6936
vn 0.6767 -0.2899 0.6767
vn 0.6534 -0.3821 0.6534
vn 0.6239 -0.4708 0.6239
vn 0.5883 -0.5549 0.5883
vn 0.5470 -0.6336 0.5470
vn 0.5005 -0.7063 0.5005
vn 0.4492 -0.7723 0.4492
vn 0.3936 -0.8308 0.3936
vn 0.3342 -0.8813 0.3342
vn 0.2715 -0.9233 0.2715
vn 0.2063 -0.9565 0.2063
vn 0.1390 -0.9805 0.1390
vn 0.0704 -0.9950 0.0704
vn 0.0631 0.9950 0.0769
vn 0.1247 0.9805 0.1519
vn 0.1850 0.9565 0.2255
vn 0.2436 0.9233 0.2968
vn 0.2998 0.8813 0.3653
vn 0.3531 0.8308 0.4303
vn 0.4030 0.7723 0.4911
vn 0.4491 0.7063 0.5472
vn 0.4908 0.6336 0.5980
vn 0.5278 0.5549 0.6431
vn 0.5597 0.4708 0.6820
vn 0.5862 0.3821 0.7143
vn 0.6072 0.2899 0.7398
vn 0.6222 0.1948 0.7582
vn 0.6313 0.0979 0.7693
vn 0.6344 -0.0000 0.7730
vn 0.6313 -0.0979 0.7693
vn 0.6222 -0.1948 0.7582
vn 0.6072 -0.2899 0.7398
vn 0.5862 -0.3821 0.7143
vn 0.5597 -0.4708 0.6820
vn 0.5278 -0.5549 0.6431
vn 0.4908 -0.6336 0.5980
vn 0.4491 -0.7063 0.5472
vn 0.4030 -0.7723 0.4911
vn 0.3531 -0.8308 0.4303
vn 0.2998 -0.8813 0.3653
vn 0.2436 -0.9233 0.2968
vn 0.1850 -0.9565 0.2255
vn 0.1247 -0.9805 0.1519
vn 0.0631 -0.9950 0.0769
vn 0.0553 0.9950 0.0828
vn 0.1092 0.9805 0.1634
vn 0.1621 0.9565 0.2425
vn 0.2133 0.9233 0.3193
vn 0.2626 0.8813 0.3929
vn 0.3092 0.8308 0.4628
vn 0.3530 0.7723 0.5282
vn 0.3933 0.7063 0.5886
vn 0.4298 0.6336 0.6432
vn 0.4622 0.5549 0.6917
vn 0.4902 0.4708 0.7336
vn 0.5134 0.3821 0.7684
vn 0.5317 0.2899 0.7958
vn 0.5449 0.1948 0.8155
vn 0.5529 0.0979 0.8275
vn 0.5556 -0.0000 0.8315
vn 0.5529 -0.0979 0.8275
vn 0.5449 -0.1948 0.8155
vn 0.5317 -0.2899 0.7958
vn 0.5134 -0.3821 0.7684
vn 0.4902 -0.4708 0.7336
vn 0.4622 -0.5549 0.6917
vn 0.4298 -0.6336 0.6432
vn 0.3933 -0.7063 0.5886
vn 0.3530 -0.7723 0.5282
vn 0.3092 -0.8308 0.4628
vn 0.2626 -0.8813 0.3929
vn 0.2133 -0.9233 0.3193
vn 0.1621 -0.9565 0.2425
vn 0.1092 -0.9805 0.1634
vn 0.0553 -0.9950 0.0828
vn 0.0469 0.9950 0.0878
vn 0.0927 0.9805 0.1734
vn 0.1375 0.9565 0.2572
vn 0.1810 0.9233 0.3386
vn 0.2228 0.8813 0.4168
vn 0.2624 0.8308 0.4909
vn 0.2995 0.7723 0.5603
vn 0.3337 0.7063 0.6243
vn 0.3647 0.6336 0.6823
vn 0.3922 0.5549 0.7337
vn 0.4159 0.4708 0.7781
vn 0.4356 0.3821 0.8150
vn 0.4512 0.2899 0.8441
vn 0.4624 0.1948 0.8650
vn 0.4691 0.0979 0.8777
vn 0.4714 -0.0000 0.8819
vn 0.4691 -0.0979 0.8777
vn 0.4624 -0.1948 0.8650
vn 0.4512 -0.2899 0.8441
vn 0.4356 -0.3821 0.8150
vn 0.4159 -0.4708 0.7781
vn 0.3922 -0.5549 0.7337
vn 0.3647 -0.6336 0.6823
vn 0.3337 -0.7063 0.6243
vn 0.2995 -0.7723 0.5603
vn 0.2624 -0.8308 0.4909
vn 0.2228 -0.8813 0.4168
vn 0.1810 -0.9233 0.3386
vn 0.1375 -0.9565 0.2572
vn 0.0927 -0.9805 0.1734
vn 0.0469 -0.9950 0.0878
vn 0.0381 0.9950 0.0920
vn 0.0752 0.9805 0.1816
vn 0.1116 0.9565 0.2695
vn 0.1469 0.9233 0.3548
vn 0.1809 0.8813 0.4366
vn 0.2130 0.8308 0.5143
vn 0.2431 0.7723 0.5869
vn 0.2709 0.7063 0.6540
vn 0.2961 0.6336 0.7147
vn 0.3184 0.5549 0.7686
vn 0.3376 0.4708 0.8151
vn 0.3536 0.3821 0.8538
vn 0.3663 0.2899 0.8842
vn 0.3754 0.1948 0.9062
vn 0.3808 0.0979 0.9194
vn 0.3827 -0.0000 0.9239
vn 0.3808 -0.0979 0.9194
vn 0.3754 -0.1948 0.9062
vn 0.3663 -0.2899 0.8842
vn 0.3536 -0.3821 0.8538
vn 0.3376 -0.4708 0.8151
vn 0.3184 -0.5549 0.7686
vn 0.2961 -0.6336 0.7147
vn 0.2709 -0.7063 0.6540
vn 0.2431 -0.7723 0.5869
vn 0.2130 -0.8308 0.5143
vn 0.1809 -0.8813 0.4366
vn 0.1469 -0.9233 0.3548
vn 0.1116 -0.9565 0.2695
vn 0.0752 -0.9805 0.1816
vn 0.0381 -0.9950 0.0920
vn 0.0289 0.9950 0.0952
vn 0.0571 0.9805 0.1881
vn 0.0847 0.9565 0.2791
vn 0.1115 0.9233 0.3675
vn 0.1372 0.8813 0.4522
vn 0.1616 0.8308 0.5327
vn 0.1844 0.7723 0.6080
vn 0.2055 0.7063 0.6774
vn 0.2246 0.6336 0.7403
vn 0.2415 0.5549 0.7961
vn 0.2561 0.4708 0.8443
vn 0.2683 0.3821 0.8843
vn 0.2778 0.2899 0.9159
vn 0.2847 0.1948 0.9386
vn 0.2889 0.0979 0.9523
vn 0.2903 -0.0000 0.9569
vn 0.2889 -0.0979 0.9523
vn 0.2847 -0.1948 0.9386
vn 0.2778 -0.2899 0.9159
vn 0.2683 -0.3821 0.8843
vn 0.2561 -0.4708 0.8443
vn 0.2415 -0.5549 0.7961
vn 0.2246 -0.6336 0.7403
vn 0.2055 -0.7063 0.6774
vn 0.1844 -0.7723 0.6080
vn 0.1616 -0.8308 0.5327
vn 0.1372 -0.8813 0.4522
vn 0.1115 -0.9233 0.3675
vn 0.0847 -0.9565 0.2791
vn 0.0571 -0.9805 0.1881
vn 0.0289 -0.9950 0.0952
vn 0.0194 0.9950 0.0976
vn 0.0383 0.9805 0.1928
vn 0.0569 0.9565 0.2861
vn 0.0749 0.9233 0.3766
vn 0.0922 0.8813 0.4635
vn 0.1086 0.8308 0.5459
vn 0.1239 0.7723 0.6231
vn 0.1381 0.7063 0.6943
vn 0.1509 0.6336 0.7588
vn 0.1623 0.5549 0.8160
vn 0.1721 0.4708 0.8653
vn 0.1803 0.3821 0.9063
vn 0.1867 0.2899 0.9387
vn 0.1914 0.1948 0.9620
vn 0.1942 0.0979 0.9761
vn 0.1951 -0.0000 0.9808
vn 0.1942 -0.0979 0.9761
vn 0.1914 -0.1948 0.9620
vn 0.1867 -0.2899 0.9387
vn 0.1803 -0.3821 0.9063
vn 0.1721 -0.4708 0.8653
vn 0.1623 -0.5549 0.8160
vn 0.1509 -0.6336 0.7588
vn 0.1381 -0.7063 0.6943
vn 0.1239 -0.7723 0.6231
vn 0.1086 -0.8308 0.5459
vn 0.0922 -0.8813 0.4635
vn 0.0749 -0.9233 0.3766
vn 0.0569 -0.9565 0.2861
vn 0.0383 -0.9805 0.1928
vn 0.0194 -0.9950 0.0976
vn 0.0098 0.9950 0.0991
vn 0.0193 0.9805 0.1956
vn 0.0286 0.9565 0.2903
vn 0.0376 0.9233 0.3821
vn 0.0463 0.8813 0.4703
vn 0.0546 0.8308 0.5539
vn 0.0623 0.7723 0.6322
vn 0.0694 0.7063 0.7045
vn 0.0758 0.6336 0.7699
vn 0.0815 0.5549 0.8279
vn 0.0865 0.4708 0.8780
vn 0.0906 0.3821 0.9197
vn 0.0938 0.2899 0.9525
vn 0.0961 0.1948 0.9761
vn 0.0975 0.0979 0.9904
vn 0.0980 -0.0000 0.9952
vn 0.0975 -0.0979 0.9904
vn 0.0961 -0.1948 0.9761
vn 0.0938 -0.2899 0.9525
vn 0.0906 -0.3821 0.9197
vn 0.0865 -0.4708 0.8780
vn 0.0815 -0.5549 0.8279
vn 0.0758 -0.6336 0.7699
vn 0.0694 -0.7063 0.7045
vn 0.0623 -0.7723 0.6322
vn 0.0546 -0.8308 0.5539
vn 0.0463 -0.8813 0.4703
vn 0.0376 -0.9233 0.3821
vn 0.0286 -0.9565 0.2903
vn 0.0193 -0.9805 0.1956
vn 0.0098 -0.9950 0.0991
vn -0.0000 0.9950 0.0995
vn -0.0000 0.9805 0.1966
vn -0.0000 0.9565 0.2917
vn -0.0000 0.9233 0.3840
vn -0.0000 0.8813 0.4726
vn -0.0000 0.8308 0.5566
vn -0.0000 0.7723 0.6353
vn -0.0000 0.7063 0.7079
vn -0.0000 0.6336 0.7736
vn -0.0000 0.5549 0.8319
vn -0.0000 0.4708 0.8823
vn -0.0000 0.3821 0.9241
vn -0.0000 0.2899 0.9571
vn -0.0000 0.1948 0.9808
vn -0.0000 0.0979 0.9952
vn -0.0000 -0.0000 1.0000
vn -0.0000 -0.0979 0.9952
vn -0.0000 -0.1948 0.9808
vn -0.0000 -0.2899 0.9571
vn -0.0000 -0.3821 0.9241
vn -0.0000 -0.4708 0.8823
vn -0.0000 -0.5549 0.8319
vn -0.0000 -0.6336 0.7736
vn -0.0000 -0.7063 0.7079
vn -0.0000 -0.7723 0.6353
vn -0.0000 -0.8308 0.5566
vn -0.0000 -0.8813 0.4726
vn -0.0000 -0.9233 0.3840
vn -0.0000 -0.9565 0.2917
vn -0.0000 -0.9805 0.1966
vn -0.0000 -0.9950 0.0995
vn -0.0098 0.9950 0.0991
vn -0.0193 0.9805 0.1956
vn -0.0286 0.9565 0.2903
vn -0.0376 0.9233 0.3821
vn -0.0463 0.8813 0.4703
vn -0.0546 0.8308 0.5539
vn -0.0623 0.7723 0.6322
vn -0.0694 0.7063 0.7045
vn -0.0758 0.6336 0.7699
vn -0.0815 0.5549 0.8279
vn -0.0865 0.4708 0.8780
vn -0.0906 0.3821 0.9197
vn -0.0938 0.2899 0.9525
vn -0.0961 0.1948 0.9761
vn -0.0975 0.0979 0.9904
vn -0.0980 -0.0000 0.9952
vn -0.0975 -0.0979 0.9904
vn -0.0961 -0.1948 0.9761
vn -0.0938 -0.2899 0.9525
vn -0.0906 -0.3821 0.9197
vn -0.0865 -0.4708 0.8780
vn -0.0815 -0.5549 0.8279
vn -0.0758 -0.6336 0.7699
vn -0.0694 -0.7063 0.7045
vn -0.0623 -0.7723 0.6322
vn -0.0546 -0.8308 0.5539
vn -0.0463 -0.8813 0.4703
vn -0.0376 -0.9233 0.3821
vn -0.0286 -0.9565 0.2903
vn -0.0193 -0.9805 0.1956
vn -0.0098 -0.9950 0.0991
vn -0.0194 0.9950 0.0976
vn -0.0383 0.9805 0.1928
vn -0.0569 0.9565 0.2861
vn -0.0749 0.9233 0.3766
vn -0.0922 0.8813 0.4635
vn -0.1086 0.8308 0.5459
vn -0.1239 0.7723 0.6231
vn -0.1381 0.7063 0.6943
vn -0.1509 0.6336 0.7588
vn -0.1623 0.5549 0.8160
vn -0.1721 0.4708 0.8653
vn -0.1803 0.3821 0.9063
vn -0.1867 0.2899 0.9387
vn -0.1914 0.1948 0.9620
vn -0.1942 0.0979 0.9761
vn -0.1951 -0.0000 0.9808
vn -0.1942 -0.0979 0.9761
vn -0.1914 -0.1948 0.9620
vn -0.1867 -0.2899 0.9387
vn -0.1803 -0.3821 0.9063
vn -0.1721 -0.4708 0.8653
vn -0.1623 -0.5549 0.8160
vn -0.1509 -0.6336 0.7588
vn -0.1381 -0.7063 0.6943
vn -0.1239 -0.7723 0.6231
vn -0.1086 -0.8308 0.5459
vn -0.0922 -0.8813 0.4635
vn -0.0749 -0.9233 0.3766
vn -0.0569 -0.9565 0.2861
vn -0.0383 -0.9805 0.1928
vn -0.0194 -0.9950 0.0976
vn -0.0289 0.9950 0.0952
vn -0.0571 0.9805 0.1881
vn -0.0847 0.9565 0.2791
vn -0.1115 0.9233 0.3675
vn -0.1372 0.8813 0.4522
vn -0.1616 0.8308 0.5327
vn -0.1844 0.7723 0.6080
vn -0.2055 0.7063 0.6774
vn -0.2246 0.6336 0.7403
vn -0.2415 0.5549 0.7961
vn -0.2561 0.4708 0.8443
vn -0.2683 0.3821 0.8843
vn -0.2778 0.2899 0.9159
vn -0.2847 0.1948 0.9386
vn -0.2889 0.0979 0.9523
vn -0.2903 -0.0000 0.9569
vn -0.2889 -0.0979 0.9523
vn -0.2847 -0.1948 0.9386
vn -0.2778 -0.2899 0.9159
vn -0.2683 -0.3821 0.8843
vn -0.2561 -0.4708 0.8443
vn -0.2415 -0.5549 0.7961
vn -0.2246 -0.6336 0.7403
vn -0.2055 -0.7063 0.6774
vn -0.1844 -0.7723 0.6080
vn -0.1616 -0.8308 0.5327
vn -0.1372 -0.8813 0.4522
vn -0.1115 -0.9233 0.3675
vn -0.0847 -0.9565 0.2791
vn -0.0571 -0.9805 0.1881
vn -0.0289 -0.9950 0.0952
vn -0.0381 0.9950 0.0920
vn -0.0752 0.9805 0.1816
vn -0.1116 0.9565 0.2695
vn -0.1469 0.9233 0.3548
vn -0.1808 0.8813 0.4366
vn -0.2130 0.8308 0.5143
vn -0.2431 0.7723 0.5869
vn -0.2709 0.7063 0.6540
vn -0.2961 0.6336 0.7147
vn -0.3184 0.5549 0.7686
vn -0.3376 0.4708 0.8151
vn -0.3536 0.3821 0.8538
vn -0.3663 0.2899 0.8842
vn -0.3754 0.1948 0.9062
vn -0.3808 0.0979 0.9194
vn -0.3827 -0.0000 0.9239
vn -0.3808 -0.0979 0.9194
vn -0.3754 -0.1948 0.9062
vn -0.3663 -0.2899 0.8842
vn -0.3536 -0.3821 0.8538
vn -0.3376 -0.4708 0.8151
vn -0.3184 -0.5549 0.7686
vn -0.2961 -0.6336 0.7147
vn -0.2709 -0.7063 0.6540
vn -0.2431 -0.7723 0.5869
vn -0.2130 -0.8308 0.5143
vn -0.1809 -0.8813 0.4366
vn -0.1469 -0.9233 0.3548
vn -0.1116 -0.9565 0.2695
vn -0.0752 -0.9805 0.1816
vn -0.0381 -0.9950 0.0920
vn -0.0469 0.9950 0.0878
vn -0.0927 0.9805 0.1734
vn -0.1375 0.9565 0.2572
vn -0.1810 0.9233 0.3386
vn -0.2228 0.8813 0.4168
vn -0.2624 0.8308 0.4909
vn -0.2995 0.7723 0.5603
vn -0.3337 0.7063 0.6243
vn -0.3647 0.6336 0.6823
vn -0.3922 0.5549 0.7337
vn -0.4159 0.4708 0.7781
vn -0.4356 0.3821 0.8150
vn -0.4512 0.2899 0.8441
vn -0.4624 0.1948 0.8650
vn -0.4691 0.0979 0.8777
vn -0.4714 -0.0000 0.8819
vn -0.4691 -0.0979 0.8777
vn -0.4624 -0.1948 0.8650
vn -0.4512 -0.2899 0.8441
vn -0.4356 -0.3821 0.8150
vn -0.4159 -0.4708 0.7781
vn -0.3922 -0.5549 0.7337
vn -0.3647 -0.6336 0.6823
vn -0.3337 -0.7063 0.6243
vn -0.2995 -0.7723 0.5603
vn -0.2624 -0.8308 0.4909
vn -0.2228 -0.8813 0.4168
vn -0.1810 -0.9233 0.3386
vn -0.1375 -0.9565 0.2572
vn -0.0927 -0.9805 0.1734
vn -0.0469 -0.9950 0.0878
vn -0.0553 0.9950 0.0828
vn -0.1092 0.9805 0.1634
vn -0.1621 0.9565 0.2425
vn -0.2133 0.9233 0.3193
vn -0.2626 0.8813 0.3929
vn -0.3092 0.8308 0.4628
vn -0.3530 0.7723 0.5282
vn -0.3933 0.7063 0.5886
vn -0.4298 0.6336 0.6432
vn -0.4622 0.5549 0.6917
vn -0.4902 0.4708 0.7336
vn -0.5134 0.3821 0.7684
vn -0.5317 0.2899 0.7958
vn -0.5449 0.1948 0.8155
vn -0.5529 0.0979 0.8275
vn -0.5556 -0.0000 0.8315
vn -0.5529 -0.0979 0.8275
vn -0.5449 -0.1948 0.8155
vn -0.5317 -0.2899 0.7958
vn -0.5134 -0.3821 0.7684
vn -0.4902 -0.4708 0.7336
vn -0.4622 -0.5549 0.6917
vn -0.4298 -0.6336 0.6432
vn -0.3933 -0.7063 0.5886
vn -0.3530 -0.7723 0.5282
vn -0.3092 -0.8308 0.4628
vn -0.2626 -0.8813 0.3929
vn -0.2133 -0.9233 0.3193
vn -0.1621 -0.9565 0.2425
vn -0.1092 -0.9805 0.1634
vn -0.0553 -0.9950 0.0828
vn -0.0631 0.9950 0.0769
vn -0.1247 0.9805 0.1519
vn -0.1850 0.9565 0.2255
vn -0.2436 0.9233 0.2968
vn -0.2998 0.8813 0.3653
vn -0.3531 0.8308 0.4303
vn -0.4030 0.7723 0.4911
vn -0.4491 0.7063 0.5472
vn -0.4908 0.6336 0.5980
vn -0.5278 0.5549 0.6431
vn -0.5597 0.4708 0.6820
vn -0.5862 0.3821 0.7143
vn -0.6072 0.2899 0.7398
vn -0.6222 0.1948 0.7582
vn -0.6313 0.0979 0.7693
vn -0.6344 -0.0000 0.7730
vn -0.6313 -0.0979 0.7693
vn -0.6222 -0.1948 0.7582
vn -0.6072 -0.2899 0.7398
vn -0.5862 -0.3821 0.7143
vn -0.5597 -0.4708 0.6820
vn -0.5278 -0.5549 0.6431
vn -0.4908 -0.6336 0.5980
vn -0.4491 -0.7063 0.5472
vn -0.4030 -0.7723 0.4911
vn -0.3531 -0.8308 0.4303
vn -0.2998 -0.8813 0.3653
vn -0.2436 -0.9233 0.2968
vn -0.1850 -0.9565 0.2255
vn -0.1247 -0.9805 0.1519
vn -0.0631 -0.9950 0.0769
vn -0.0704 0.9950 0.0704
vn -0.1390 0.9805 0.1390
vn -0.2063 0.9565 0.2063
vn -0.2715 0.9233 0.2715
vn -0.3342 0.8813 0.3342
vn -0.3936 0.8308 0.3936
vn -0.4492 0.7723 0.4492
vn -0.5005 0.7063 0.5005
vn -0.5470 0.6336 0.5470
vn -0.5883 0.5549 0.5883
vn -0.6239 0.4708 0.6239
vn -0.6534 0.3821 0.6534
vn -0.6768 0.2899 0.6767
vn -0.6936 0.1948 0.6936
vn -0.7037 0.0979 0.7037
vn -0.7071 -0.0000 0.7071
vn -0.7037 -0.0979 0.7037
vn -0.6936 -0.1948 0.6936
vn -0.6767 -0.2899 0.6767
vn -0.6534 -0.3821 0.6534
vn -0.6239 -0.4708 0.6239
vn -0.5883 -0.5549 0.5883
vn -0.5470 -0.6336 0.5470
vn -0.5005 -0.7063 0.5005
vn -0.4492 -0.7723 0.4492
vn -0.3936 -0.8308 0.3936
vn -0.3342 -0.8813 0.3342
vn -0.2715 -0.9233 0.2715
vn -0.2063 -0.9565 0.2063
vn -0.1390 -0.9805 0.1390
vn -0.0704 -0.9950 0.0704
vn -0.0769 0.9950 0.0631
vn -0.1519 0.9805 0.1247
vn -0.2255 0.9565 0.1850
vn -0.2968 0.9233 0.2436
vn -0.3653 0.8813 0.2998
vn -0.4303 0.8308 0.3531
vn -0.4911 0.7723 0.4030
vn -0.5472 0.7063 0.4491
vn -0.5980 0.6336 0.4908
vn -0.6431 0.5549 0.5278
vn -0.6820 0.4708 0.5597
vn -0.7143 0.3821 0.5862
vn -0.7398 0.2899 0.6072
vn -0.7582 0.1948 0.6222
vn -0.7693 0.0979 0.6313
vn -0.7730 -0.0000 0.6344
vn -0.7693 -0.0979 0.6313
vn -0.7582 -0.1948 0.6222
vn -0.7398 -0.2899 0.6072
vn -0.7143 -0.3821 0.5862
vn -0.6820 -0.4708 0.5597
vn -0.6431 -0.5549 0.5278
vn -0.5980 -0.6336 0.4908
vn -0.5472 -0.7063 0.4491
vn -0.4911 -0.7723 0.4030
vn -0.4303 -0.8308 0.3531
vn -0.3653 -0.8813 0.2998
vn -0.2968 -0.9233 0.2436
vn -0.2255 -0.9565 0.1850
vn -0.1519 -0.9805 0.1247
vn -0.0769 -0.9950 0.0631
vn -0.0828 0.9950 0.0553
vn -0.1634 0.9805 0.1092
vn -0.2425 0.9565 0.1621
vn -0.3193 0.9233 0.2133
vn -0.3929 0.8813 0.2626
vn -0.4628 0.8308 0.3092
vn -0.5282 0.7723 0.3530
vn -0.5886 0.7063 0.3933
vn -0.6432 0.6336 0.4298
vn -0.6917 0.5549 0.4622
vn -0.7336 0.4708 0.4902
vn -0.7684 0.3821 0.5134
vn -0.7958 0.2899 0.5317
vn -0.8155 0.1948 0.5449
vn -0.8275 0.0979 0.5529
vn -0.8315 -0.0000 0.5556
vn -0.8275 -0.0979 0.5529
vn -0.8155 -0.1948 0.5449
vn -0.7958 -0.2899 0.5317
vn -0.7684 -0.3821 0.5134
vn -0.7336 -0.4708 0.4902
vn -0.6917 -0.5549 0.4622
vn -0.6432 -0.6336 0.4298
vn -0.5886 -0.7063 0.3933
vn -0.5282 -0.7723 0.3530
vn -0.4628 -0.8308 0.3092
vn -0.3929 -0.8813 0.2626
vn -0.3193 -0.9233 0.2133
vn -0.2425 -0.9565 0.1621
vn -0.1634 -0.9805 0.1092
vn -0.0828 -0.9950 0.0553
vn -0.0878 0.9950 0.0469
vn -0.1734 0.9805 0.0927
vn -0.2572 0.9565 0.1375
vn -0.3386 0.9233 0.1810
vn -0.4168 0.8813 0.2228
vn -0.4909 0.8308 0.2624
vn -0.5603 0.7723 0.2995
vn -0.6243 0.7063 0.3337
vn -0.6823 0.6336 0.3647
vn -0.7337 0.5549 0.3922
vn -0.7781 0.4708 0.4159
vn -0.8150 0.3821 0.4356
vn -0.8441 0.2899 0.4512
vn -0.8650 0.1948 0.4624
vn -0.8777 0.0979 0.4691
vn -0.8819 -0.0000 0.4714
vn -0.8777 -0.0979 0.4691
vn -0.8650 -0.1948 0.4624
vn -0.8441 -0.2899 0.4512
vn -0.8150 -0.3821 0.4356
vn -0.7781 -0.4708 0.4159
vn -0.7337 -0.5549 0.3922
vn -0.6823 -0.6336 0.3647
vn -0.6243 -0.7063 0.3337
vn -0.5603 -0.7723 0.2995
vn -0.4909 -0.8308 0.2624
vn -0.4168 -0.8813 0.2228
vn -0.3386 -0.9233 0.1810
vn -0.2572 -0.9565 0.1375
vn -0.1734 -0.9805 0.0927
vn -0.0878 -0.9950 0.0469
vn -0.0920 0.9950 0.0381
vn -0.1816 0.9805 0.0752
vn -0.2695 0.9565 0.1116
vn -0.3548 0.9233 0.1469
vn -0.4366 0.8813 0.1809
vn -0.5143 0.8308 0.2130
vn -0.5869 0.7723 0.2431
vn -0.6540 0.7063 0.2709
vn -0.7147 0.6336 0.2961
vn -0.7686 0.5549 0.3184
vn -0.8151 0.4708 0.3376
vn -0.8538 0.3821 0.3536
vn -0.8842 0.2899 0.3663
vn -0.9062 0.1948 0.3754
vn -0.9194 0.0979 0.3808
vn -0.9239 -0.0000 0.3827
vn -0.9194 -0.0979 0.3808
vn -0.9062 -0.1948 0.3754
vn -0.8842 -0.2899 0.3663
vn -0.8538 -0.3821 0.3536
vn -0.8151 -0.4708 0.3376
vn -0.7686 -0.5549 0.3184
vn -0.7147 -0.6336 0.2961
vn -0.6540 -0.7063 0.2709
vn -0.5869 -0.7723 0.2431
vn -0.5143 -0.8308 0.2130
vn -0.4366 -0.8813 0.1809
vn -0.3548 -0.9233 0.1469
vn -0.2695 -0.9565 0.1116
vn -0.1816 -0.9805 0.0752
vn -0.0920 -0.9950 0.0381
vn -0.0952 0.9950 0.0289
vn -0.1881 0.9805 0.0571
vn -0.2791 0.9565 0.0847
vn -0.3675 0.9233 0.1115
vn -0.4522 0.8813 0.1372
vn -0.5327 0.8308 0.1616
vn -0.6080 0.7723 0.1844
vn -0.6774 0.7063 0.2055
vn -0.7403 0.6336 0.2246
vn -0.7961 0.5549 0.2415
vn -0.8443 0.4708 0.2561
vn -0.8843 0.3821 0.2683
vn -0.9159 0.2899 0.2778
vn -0.9386 0.1948 0.2847
vn -0.9523 0.0979 0.2889
vn -0.9569 -0.0000 0.2903
vn -0.9523 -0.0979 0.2889
vn -0.9386 -0.1948 0.2847
vn -0.9159 -0.2899 0.2778
vn -0.8843 -0.3821 0.2683
vn -0.8443 -0.4708 0.2561
vn -0.7961 -0.5549 0.2415
vn -0.7403 -0.6336 0.2246
vn -0.6774 -0.7063 0.2055
vn -0.6080 -0.7723 0.1844
vn -0.5327 -0.8308 0.1616
vn -0.4522 -0.8813 0.1372
vn -0.3675 -0.9233 0.1115
vn -0.2791 -0.9565 0.0847
vn -0.1881 -0.9805 0.0571
vn -0.0952 -0.9950 0.0289
vn -0.0976 0.9950 0.0194
vn -0.1928 0.9805 0.0383
vn -0.2861 0.9565 0.0569
vn -0.3766 0.9233 0.0749
vn -0.4635 0.8813 0.0922
vn -0.5459 0.8308 0.1086
vn -0.6231 0.7723 0.1239
vn -0.6943 0.7063 0.1381
vn -0.7588 0.6336 0.1509
vn -0.8160 0.5549 0.1623
vn -0.8653 0.4708 0.1721
vn -0.9063 0.3821 0.1803
vn -0.9387 0.2899 0.1867
vn -0.9620 0.1948 0.1914
vn -0.9761 0.0979 0.1942
vn -0.9808 -0.0000 0.1951
vn -0.9761 -0.0979 0.1942
vn -0.9620 -0.1948 0.1914
vn -0.9387 -0.2899 0.1867
vn -0.9063 -0.3821 0.1803
vn -0.8653 -0.4708 0.1721
vn -0.8160 -0.5549 0.1623
vn -0.7588 -0.6336 0.1509
vn -0.6943 -0.7063 0.1381
vn -0.6231 -0.7723 0.1239
vn -0.5459 -0.8308 0.1086
vn -0.4635 -0.8813 0.0922
vn -0.3766 -0.9233 0.0749
vn -0.2861 -0.9565 0.0569
vn -0.1928 -0.9805 0.0383
vn -0.0976 -0.9950 0.0194
vn -0.0991 0.9950 0.0098
vn -0.1956 0.9805 0.0193
vn -0.2903 0.9565 0.0286
vn -0.3821 0.9233 0.0376
vn -0.4703 0.8813 0.0463
vn -0.5539 0.8308 0.0546
vn -0.6322 0.7723 0.0623
vn -0.7045 0.7063 0.0694
vn -0.7699 0.6336 0.0758
vn -0.8279 0.5549 0.0815
vn -0.8780 0.4708 0.0865
vn -0.9197 0.3821 0.0906
vn -0.9525 0.2899 0.0938
vn -0.9761 0.1948 0.0961
vn -0.9904 0.0979 0.0975
vn -0.9952 -0.0000 0.0980
vn -0.9904 -0.0979 0.0975
vn -0.9761 -0.1948 0.0961
vn -0.9525 -0.2899 0.0938
vn -0.9197 -0.3821 0.0906
vn -0.8780 -0.4708 0.0865
vn -0.8279 -0.5549 0.0815
vn -0.7699 -0.6336 0.0758
vn -0.7045 -0.7063 0.0694
vn -0.6322 -0.7723 0.0623
vn -0.5539 -0.8308 0.0546
vn -0.4703 -0.8813 0.0463
vn -0.3821 -0.9233 0.0376
vn -0.2903 -0.9565 0.0286
vn -0.1956 -0.9805 0.0193
vn -0.0991 -0.9950 0.0098
vn -0.0995 0.9950 -0.0000
vn -0.1966 0.9805 -0.0000
vn -0.2917 0.9565 -0.0000
vn -0.3840 0.9233 -0.0000
vn -0.4726 0.8813 -0.0000
vn -0.5566 0.8308 -0.0000
vn -0.6353 0.7723 -0.0000
vn -0.7079 0.7063 -0.0000
vn -0.7736 0.6336 -0.0000
vn -0.8319 0.5549 -0.0000
vn -0.8823 0.4708 -0.0000
vn -0.9241 0.3821 -0.0000
vn -0.9571 0.2899 -0.0000
vn -0.9808 0.1948 -0.0000
vn -0.9952 0.0979 -0.0000
vn -1.0000 -0.0000 -0.0000
vn -0.9952 -0.0979 -0.0000
vn -0.9808 -0.1948 -0.0000
vn -0.9571 -0.2899 -0.0000
vn -0.9241 -0.3821 -0.0000
vn -0.8823 -0.4708 -0.0000
vn -0.8319 -0.5549 -0.0000
vn -0.7736 -0.6336 -0.0000
vn -0.7079 -0.7063 -0.0000
vn -0.6353 -0.7723 -0.0000
vn -0.5566 -0.8308 -0.0000
vn -0.4726 -0.8813 -0.0000
vn -0.3840 -0.9233 -0.0000
vn -0.2917 -0.9565 -0.0000
vn -0.1966 -0.9805 -0.0000
vn -0.0995 -0.9950 -0.0000
vn -0.0991 0.9950 -0.0098
vn -0.1956 0.9805 -0.0193
vn -0.2903 0.9565 -0.0286
vn -0.3821 0.9233 -0.0376
vn -0.4703 0.8813 -0.0463
vn -0.5539 0.8308 -0.0546
vn -0.6322 0.7723 -0.0623
vn -0.7045 0.7063 -0.0694
vn -0.7699 0.6336 -0.0758
vn -0.8279 0.5549 -0.0815
vn -0.8780 0.4708 -0.0865
vn -0.9197 0.3821 -0.0906
vn -0.9525 0.2899 -0.0938
vn -0.9761 0.1948 -0.0961
vn -0.9904 0.0979 -0.0975
vn -0.9952 -0.0000 -0.0980
vn -0.9904 -0.0979 -0.0975
vn -0.9761 -0.1948 -0.0961
vn -0.9525 -0.2899 -0.0938
vn -0.9197 -0.3821 -0.0906
vn -0.8780 -0.4708 -0.0865
vn -0.8279 -0.5549 -0.0815
vn -0.7699 -0.6336 -0.0758
vn -0.7045 -0.7063 -0.0694
vn -0.6322 -0.7723 -0.0623
vn -0.5539 -0.8308 -0.0546
vn -0.4703 -0.8813 -0.0463
vn -0.3821 -0.9233 -0.0376
vn -0.2903 -0.9565 -0.0286
vn -0.1956 -0.9805 -0.0193
vn -0.0991 -0.9950 -0.0098
vn -0.0976 0.9950 -0.0194
vn -0.1928 0.9805 -0.0383
vn -0.2861 0.9565 -0.0569
vn -0.3766 0.9233 -0.0749
vn -0.4635 0.8813 -0.0922
vn -0.5459 0.8308 -0.1086
vn -0.6231 0.7723 -0.1239
vn -0.6943 0.7063 -0.1381
vn -0.7588 0.6336 -0.1509
vn -0.8160 0.5549 -0.1623
vn -0.8653 0.4708 -0.1721
vn -0.9063 0.3821 -0.1803
vn -0.9387 0.2899 -0.1867
vn -0.9620 0.1948 -0.1914
vn -0.9761 0.0979 -0.1942
vn -0.9808 -0.0000 -0.1951
vn -0.9761 -0.0979 -0.1942
vn -0.9620 -0.1948 -0.1914
vn -0.9387 -0.2899 -0.1867
vn -0.9063 -0.3821 -0.1803
vn -0.8653 -0.4708 -0.1721
vn -0.8160 -0.5549 -0.1623
vn -0.7588 -0.6336 -0.1509
vn -0.6943 -0.7063 -0.1381
vn -0.6231 -0.7723 -0.1239
vn -0.5459 -0.8308 -0.1086
vn -0.4635 -0.8813 -0.0922
vn -0.3766 -0.9233 -0.0749
vn -0.2861 -0.9565 -0.0569
vn -0.1928 -0.9805 -0.0383
vn -0.0976 -0.9950 -0.0194
vn -0.0952 0.9950 -0.0289
vn -0.1881 0.9805 -0.0571
vn -0.2791 0.9565 -0.0847
vn -0.3675 0.9233 -0.1115
vn -0.4522 0.8813 -0.1372
vn -0.5327 0.8308 -0.1616
vn -0.6080 0.7723 -0.1844
vn -0.6774 0.7063 -0.2055
vn -0.7403 0.6336 -0.2246
vn -0.7961 0.5549 -0.2415
vn -0.8443 0.4708 -0.2561
vn -0.8843 0.3821 -0.2683
vn -0.9159 0.2899 -0.2778
vn -0.9386 0.1948 -0.2847
vn -0.9523 0.0979 -0.2889
vn -0.9569 -0.0000 -0.2903
vn -0.9523 -0.0979 -0.2889
vn -0.9386 -0.1948 -0.2847
vn -0.9159 -0.2899 -0.2778
vn -0.8843 -0.3821 -0.2683
vn -0.8443 -0.4708 -0.2561
vn -0.7961 -0.5549 -0.2415
vn -0.7403 -0.6336 -0.2246
vn -0.6774 -0.7063 -0.2055
vn -0.6080 -0.7723 -0.1844
vn -0.5327 -0.8308 -0.1616
vn -0.4522 -0.8813 -0.1372
vn -0.3675 -0.9233 -0.1115
vn -0.2791 -0.9565 -0.0847
vn -0.1881 -0.9805 -0.0571
vn -0.0952 -0.9950 -0.0289
vn -0.0920 0.9950 -0.0381
vn -0.1816 0.9805 -0.0752
vn -0.2695 0.9565 -0.1116
vn -0.3548 0.9233 -0.1469
vn -0.4366 0.8813 -0.1809
vn -0.5143 0.8308 -0.2130
vn -0.5869 0.7723 -0.2431
vn -0.6540 0.7063 -0.2709
vn -0.7147 0.6336 -0.2961
vn -0.7686 0.5549 -0.3184
vn -0.8151 0.4708 -0.3376
vn -0.8538 0.3821 -0.3536
vn -0.8842 0.2899 -0.3663
vn -0.9062 0.1948 -0.3754
vn -0.9194 0.0979 -0.3808
vn -0.9239 -0.0000 -0.3827
vn -0.9194 -0.0979 -0.3808
vn -0.9062 -0.1948 -0.3754
vn -0.8842 -0.2899 -0.3663
vn -0.8538 -0.3821 -0.3536
vn -0.8151 -0.4708 -0.3376
vn -0.7686 -0.5549 -0.3184
vn -0.7147 -0.6336 -0.2961
vn -0.6540 -0.7063 -0.2709
vn -0.5869 -0.7723 -0.2431
vn -0.5143 -0.8308 -0.2130
vn -0.4366 -0.8813 -0.1809
vn -0.3548 -0.9233 -0.1469
vn -0.2695 -0.9565 -0.1116
vn -0.1816 -0.9805 -0.0752
vn -0.0920 -0.9950 -0.0381
vn -0.0878 0.9950 -0.0469
vn -0.1734 0.9805 -0.0927
vn -0.2572 0.9565 -0.1375
vn -0.3386 0.9233 -0.1810
vn -0.4168 0.8813 -0.2228
vn -0.4909 0.8308 -0.2624
vn -0.5603 0.7723 -0.2995
vn -0.6243 0.7063 -0.3337
vn -0.6823 0.6336 -0.3647
vn -0.7337 0.5549 -0.3922
vn -0.7781 0.4708 -0.4159
vn -0.8150 0.3821 -0.4356
vn -0.8441 0.2899 -0.4512
vn -0.8650 0.1948 -0.4624
vn -0.8777 0.0979 -0.4691
vn -0.8819 -0.0000 -0.4714
vn -0.8777 -0.0979 -0.4691
vn -0.8650 -0.1948 -0.4624
vn -0.8441 -0.2899 -0.4512
vn -0.8150 -0.3821 -0.4356
vn -0.7781 -0.4708 -0.4159
vn -0.7337 -0.5549 -0.3922
vn -0.6823 -0.6336 -0.3647
vn -0.6243 -0.7063 -0.3337
vn -0.5603 -0.7723 -0.2995
vn -0.4909 -0.8308 -0.2624
vn -0.4168 -0.8813 -0.2228
vn -0.3386 -0.9233 -0.1810
vn -0.2572 -0.9565 -0.1375
vn -0.1734 -0.9805 -0.0927
vn -0.0878 -0.9950 -0.0469
vn -0.0828 0.9950 -0.0553
vn -0.1634 0.9805 -0.1092
vn -0.2425 0.9565 -0.1621
vn -0.3193 0.9233 -0.2133
vn -0.3929 0.8813 -0.2626
vn -0.4628 0.8308 -0.3092
vn -0.5282 0.7723 -0.3530
vn -0.5886 0.7063 -0.3933
vn -0.6432 0.6336 -0.4298
vn -0.6917 0.5549 -0.4622
vn -0.7336 0.4708 -0.4902
vn -0.7684 0.3821 -0.5134
vn -0.7958 0.2899 -0.5317
vn -0.8155 0.1948 -0.5449
vn -0.8275 0.0979 -0.5529
vn -0.8315 -0.0000 -0.5556
vn -0.8275 -0.0979 -0.5529
vn -0.8155 -0.1948 -0.5449
vn -0.7958 -0.2899 -0.5317
vn -0.7684 -0.3821 -0.5134
vn -0.7336 -0.4708 -0.4902
vn -0.6917 -0.5549 -0.4622
vn -0.6432 -0.6336 -0.4298
vn -0.5886 -0.7063 -0.3933
vn -0.5282 -0.7723 -0.3530
vn -0.4628 -0.8308 -0.3092
vn -0.3929 -0.8813 -0.2626
vn -0.3193 -0.9233 -0.2133
vn -0.2425 -0.9565 -0.1621
vn -0.1634 -0.9805 -0.1092
vn -0.0828 -0.9950 -0.0553
vn -0.0769 0.9950 -0.0631
vn -0.1519 0.9805 -0.1247
vn -0.2255 0.9565 -0.1850
vn -0.2968 0.9233 -0.2436
vn -0.3653 0.8813 -0.2998
vn -0.4303 0.8308 -0.3531
vn -0.4911 0.7723 -0.4030
vn -0.5472 0.7063 -0.4491
vn -0.5980 0.6336 -0.4908
vn -0.6431 0.5549 -0.5278
vn -0.6820 0.4708 -0.5597
vn -0.7143 0.3821 -0.5862
vn -0.7398 0.2899 -0.6072
vn -0.7582 0.1948 -0.6222
vn -0.7693 0.0979 -0.6313
vn -0.7730 -0.0000 -0.6344
vn -0.7693 -0.0979 -0.6313
vn -0.7582 -0.1948 -0.6222
vn -0.7398 -0.2899 -0.6072
vn -0.7143 -0.3821 -0.5862
vn -0.6820 -0.4708 -0.5597
vn -0.6431 -0.5549 -0.5278
vn -0.5980 -0.6336 -0.4908
vn -0.5472 -0.7063 -0.4491
vn -0.4911 -0.7723 -0.4030
vn -0.4303 -0.8308 -0.3531
vn -0.3653 -0.8813 -0.2998
vn -0.2968 -0.9233 -0.2436
vn -0.2255 -0.9565 -0.1850
vn -0.1519 -0.9805 -0.1247
vn -0.0769 -0.9950 -0.0631
vn -0.0704 0.9950 -0.0704
vn -0.1390 0.9805 -0.1390
vn -0.2063 0.9565 -0.2063
vn -0.2715 0.9233 -0.2715
vn -0.3342 0.8813 -0.3342
vn -0.3936 0.8308 -0.3936
vn -0.4492 0.7723 -0.4492
vn -0.5005 0.7063 -0.5005
vn -0.5470 0.6336 -0.5470
vn -0.5883 0.5549 -0.5883
vn -0.6239 0.4708 -0.6239
vn -0.6534 0.3821 -0.6534
vn -0.6767 0.2899 -0.6767
vn -0.6936 0.1948 -0.6936
vn -0.7037 0.0979 -0.7037
vn -0.7071 -0.0000 -0.7071
vn -0.7037 -0.0979 -0.7037
vn -0.6936 -0.1948 -0.6936
vn -0.6767 -0.2899 -0.6767
vn -0.6534 -0.3821 -0.6534
vn -0.6239 -0.4708 -0.6239
vn -0.5883 -0.5549 -0.5883
vn -0.5470 -0.6336 -0.5470
vn -0.5005 -0.7063 -0.5005
vn -0.4492 -0.7723 -0.4492
vn -0.3936 -0.8308 -0.3936
vn -0.3342 -0.8813 -0.3342
vn -0.2715 -0.9233 -0.2715
vn -0.2063 -0.9565 -0.2063
vn -0.1390 -0.9805 -0.1390
vn -0.0704 -0.9950 -0.0704
vn -0.0631 0.9950 -0.0769
vn -0.1247 0.9805 -0.1519
vn -0.1850 0.9565 -0.2255
vn -0.2436 0.9233 -0.2968
vn -0.2998 0.8813 -0.3653
vn -0.3531 0.8308 -0.4303
vn -0.4030 0.7723 -0.4911
vn -0.4491 0.7063 -0.5472
vn -0.4908 0.6336 -0.5980
vn -0.5278 0.5549 -0.6431
vn -0.5597 0.4708 -0.6820
vn -0.5862 0.3821 -0.7143
vn -0.6072 0.2899 -0.7398
vn -0.6222 0.1948 -0.7582
vn -0.6313 0.0979 -0.7693
vn -0.6344 -0.0000 -0.7730
vn -0.6313 -0.0979 -0.7693
vn -0.6222 -0.1948 -0.7582
vn -0.6072 -0.2899 -0.7398
vn -0.5862 -0.3821 -0.7143
vn -0.5597 -0.4708 -0.6820
vn -0.5278 -0.5549 -0.6431
vn -0.4908 -0.6336 -0.5980
vn -0.4491 -0.7063 -0.5472
vn -0.4030 -0.7723 -0.4911
vn -0.3531 -0.8308 -0.4303
vn -0.2998 -0.8813 -0.3653
vn -0.2436 -0.9233 -0.2968
vn -0.1850 -0.9565 -0.2255
vn -0.1247 -0.9805 -0.1519
vn -0.0631 -0.9950 -0.0769
vn -0.0553 0.9950 -0.0828
vn -0.1092 0.9805 -0.1634
vn -0.1621 0.9565 -0.2425
vn -0.2133 0.9233 -0.3193
vn -0.2626 0.8813 -0.3929
vn -0.3092 0.8308 -0.4628
vn -0.3530 0.7723 -0.5282
vn -0.3933 0.7063 -0.5886
vn -0.4298 0.6336 -0.6432
vn -0.4622 0.5549 -0.6917
vn -0.4902 0.4708 -0.7336
vn -0.5134 0.3821 -0.7684
vn -0.5317 0.2899 -0.7958
vn -0.5449 0.1948 -0.8155
vn -0.5529 0.0979 -0.8275
vn -0.5556 -0.0000 -0.8315
vn -0.5529 -0.0979 -0.8275
vn -0.5449 -0.1948 -0.8155
vn -0.5317 -0.2899 -0.7958
vn -0.5134 -0.3821 -0.7684
vn -0.4902 -0.4708 -0.7336
vn -0.4622 -0.5549 -0.6917
vn -0.4298 -0.6336 -0.6432
vn -0.3933 -0.7063 -0.5886
vn -0.3530 -0.7723 -0.5282
vn -0.3092 -0.8308 -0.4628
vn -0.2626 -0.8813 -0.3929
vn -0.2133 -0.9233 -0.3193
vn -0.1621 -0.9565 -0.2425
vn -0.1092 -0.9805 -0.1634
vn -0.0553 -0.9950 -0.0828
vn -0.0469 0.9950 -0.0878
vn -0.0927 0.9805 -0.1734
vn -0.1375 0.9565 -0.2572
vn -0.1810 0.9233 -0.3386
vn -0.2228 0.8813 -0.4168
vn -0.2624 0.8308 -0.4909
vn -0.2995 0.7723 -0.5603
vn -0.3337 0.7063 -0.6243
vn -0.3647 0.6336 -0.6823
vn -0.3922 0.5549 -0.7337
vn -0.4159 0.4708 -0.7781
vn -0.4356 0.3821 -0.8150
vn -0.4512 0.2899 -0.8441
vn -0.4624 0.1948 -0.8650
vn -0.4691 0.0979 -0.8777
vn -0.4714 -0.0000 -0.8819
vn -0.4691 -0.0979 -0.8777
vn -0.4624 -0.1948 -0.8650
vn -0.4512 -0.2899 -0.8441
vn -0.4356 -0.3821 -0.8150
vn -0.4159 -0.4708 -0.7781
vn -0.3922 -0.5549 -0.7337
vn -0.3647 -0.6336 -0.6823
vn -0.3337 -0.7063 -0.6243
vn -0.2995 -0.7723 -0.5603
vn -0.2624 -0.8308 -0.4909
vn -0.2228 -0.8813 -0.4168
vn -0.1810 -0.9233 -0.3386
vn -0.1375 -0.9565 -0.2572
vn -0.0927 -0.9805 -0.1734
vn -0.0469 -0.9950 -0.0878
vn -0.0381 0.9950 -0.0920
vn -0.0752 0.9805 -0.1816
vn -0.1116 0.9565 -0.2695
vn -0.1469 0.9233 -0.3548
vn -0.1809 0.8813 -0.4366
vn -0.2130 0.8308 -0.5143
vn -0.2431 0.7723 -0.5869
vn -0.2709 0.7063 -0.6540
vn -0.2961 0.6336 -0.7147
vn -0.3184 0.5549 -0.7686
vn -0.3376 0.4708 -0.8151
vn -0.3536 0.3821 -0.8538
vn -0.3663 0.2899 -0.8842
vn -0.3754 0.1948 -0.9062
vn -0.3808 0.0979 -0.9194
vn -0.3827 -0.0000 -0.9239
vn -0.3808 -0.0979 -0.9194
vn -0.3754 -0.1948 -0.9062
vn -0.3663 -0.2899 -0.8842
vn -0.3536 -0.3821 -0.8538
vn -0.3376 -0.4708 -0.8151
vn -0.3184 -0.5549 -0.7686
vn -0.2961 -0.6336 -0.7147
vn -0.2709 -0.7063 -0.6540
vn -0.2431 -0.7723 -0.5869
vn -0.2130 -0.8308 -0.5143
vn -0.1809 -0.8813 -0.4366
vn -0.1469 -0.9233 -0.3548
vn -0.1116 -0.9565 -0.2695
vn -0.0752 -0.9805 -0.1816
vn -0.0381 -0.9950 -0.0920
vn -0.0289 0.9950 -0.0952
vn -0.0571 0.9805 -0.1881
vn -0.0847 0.9565 -0.2791
vn -0.1115 0.9233 -0.3675
vn -0.1372 0.8813 -0.4522
vn -0.1616 0.8308 -0.5327
vn -0.1844 0.7723 -0.6080
vn -0.2055 0.7063 -0.6774
vn -0.2246 0.6336 -0.7403
vn -0.2415 0.5549 -0.7961
vn -0.2561 0.4708 -0.8443
vn -0.2683 0.3821 -0.8843
vn -0.2778 0.2899 -0.9159
vn -0.2847 0.1948 -0.9386
vn -0.2889 0.0979 -0.9523
vn -0.2903 -0.0000 -0.9569
vn -0.2889 -0.0979 -0.9523
vn -0.2847 -0.1948 -0.9386
vn -0.2778 -0.2899 -0.9159
vn -0.2683 -0.3821 -0.8843
vn -0.2561 -0.4708 -0.8443
vn -0.2415 -0.5549 -0.7961
vn -0.2246 -0.6336 -0.7403
vn -0.2055 -0.7063 -0.6774
vn -0.1844 -0.7723 -0.6080
vn -0.1616 -0.8308 -0.5327
vn -0.1372 -0.8813 -0.4522
vn -0.1115 -0.9233 -0.3675
vn -0.0847 -0.9565 -0.2791
vn -0.0571 -0.9805 -0.1881
vn -0.0289 -0.9950 -0.0952
vn -0.0194 0.9950 -0.0976
vn -0.0383 0.9805 -0.1928
vn -0.0569 0.9565 -0.2861
vn -0.0749 0.9233 -0.3766
vn -0.0922 0.8813 -0.4635
vn -0.1086 0.8308 -0.5459
vn -0.1239 0.7723 -0.6231
vn -0.1381 0.7063 -0.6943
vn -0.1509 0.6336 -0.7588
vn -0.1623 0.5549 -0.8160
vn -0.1721 0.4708 -0.8653
vn -0.1803 0.3821 -0.9063
vn -0.1867 0.2899 -0.9387
vn -0.1914 0.1948 -0.9620
vn -0.1942 0.0979 -0.9761
vn -0.1951 -0.0000 -0.9808
vn -0.1942 -0.0979 -0.9761
vn -0.1914 -0.1948 -0.9620
vn -0.1867 -0.2899 -0.9387
vn -0.1803 -0.3821 -0.9063
vn -0.1721 -0.4708 -0.8653
vn -0.1623 -0.5549 -0.8160
vn -0.1509 -0.6336 -0.7588
vn -0.1381 -0.7063 -0.6943
vn -0.1239 -0.7723 -0.6231
vn -0.1086 -0.8308 -0.5459
vn -0.0922 -0.8813 -0.4635
vn -0.0749 -0.9233 -0.3766
vn -0.0569 -0.9565 -0.2861
vn -0.0383 -0.9805 -0.1928
vn -0.0194 -0.9950 -0.0976
vn -0.0098 0.9950 -0.0991
vn -0.0193 0.9805 -0.1956
vn -0.0286 0.9565 -0.2903
vn -0.0376 0.9233 -0.3821
vn -0.0463 0.8813 -0.4703
vn -0.0546 0.8308 -0.5539
vn -0.0623 0.7723 -0.6322
vn -0.0694 0.7063 -0.7045
vn -0.0758 0.6336 -0.7699
vn -0.0815 0.5549 -0.8279
vn -0.0865 0.4708 -0.8780
vn -0.0906 0.3821 -0.9197
vn -0.0938 0.2899 -0.9525
vn -0.0961 0.1948 -0.9761
vn -0.0975 0.0979 -0.9904
vn -0.0980 -0.0000 -0.9952
vn -0.0975 -0.0979 -0.9904
vn -0.0961 -0.1948 -0.9761
vn -0.0938 -0.2899 -0.9525
vn -0.0906 -0.3821 -0.9197
vn -0.0865 -0.4708 -0.8780
vn -0.0815 -0.5549 -0.8279
vn -0.0758 -0.6336 -0.7699
vn -0.0694 -0.7063 -0.7045
vn -0.0623 -0.7723 -0.6322
vn -0.0546 -0.8308 -0.5539
vn -0.0463 -0.8813 -0.4703
vn -0.0376 -0.9233 -0.3821
vn -0.0286 -0.9565 -0.2903
vn -0.0193 -0.9805 -0.1956
vn -0.0098 -0.9950 -0.0991
vn -0.0000 0.9233 -0.3840
vn -0.0000 0.8308 -0.5566
vn -0.0000 0.7723 -0.6353
vn -0.0000 0.7063 -0.7079
vn -0.0000 0.6336 -0.7736
vn -0.0000 0.5549 -0.8319
vn -0.0000 0.1948 -0.9808
vn -0.0000 -0.1948 -0.9808
vn -0.0000 -0.3821 -0.9241
vn -0.0000 -0.5549 -0.8319
vn -0.0000 -0.6336 -0.7736
vn -0.0000 -0.7063 -0.7079
vn -0.0000 -0.7723 -0.6353
vn -0.0000 -0.8308 -0.5566
vt 0.750000 0.218750
vt 0.750000 0.250000
vt 0.734375 0.250000
vt 0.734375 0.218750
vt 0.750000 0.625000
vt 0.750000 0.656250
vt 0.734375 0.656250
vt 0.734375 0.625000
vt 0.750000 0.187500
vt 0.734375 0.187500
vt 0.750000 0.593750
vt 0.734375 0.593750
vt 0.750000 0.156250
vt 0.734375 0.156250
vt 0.750000 0.562500
vt 0.734375 0.562500
vt 0.750000 0.968750
vt 0.742188 1.000000
vt 0.734375 0.968750
vt 0.750000 0.125000
vt 0.734375 0.125000
vt 0.750000 0.531250
vt 0.734375 0.531250
vt 0.750000 0.937500
vt 0.734375 0.937500
vt 0.750000 0.093750
vt 0.734375 0.093750
vt 0.750000 0.500000
vt 0.734375 0.500000
vt 0.750000 0.906250
vt 0.734375 0.906250
vt 0.750000 0.062500
vt 0.734375 0.062500
vt 0.750000 0.468750
vt 0.734375 0.468750
vt 0.750000 0.875000
vt 0.734375 0.875000
vt 0.750000 0.031250
vt 0.734375 0.031250
vt 0.750000 0.437500
vt 0.734375 0.437500
vt 0.750000 0.843750
vt 0.734375 0.843750
vt 0.742188 0.000000
vt 0.750000 0.406250
vt 0.734375 0.406250
vt 0.750000 0.812500
vt 0.734375 0.812500
vt 0.750000 0.375000
vt 0.734375 0.375000
vt 0.750000 0.781250
vt 0.734375 0.781250
vt 0.750000 0.343750
vt 0.734375 0.343750
vt 0.750000 0.750000
vt 0.734375 0.750000
vt 0.750000 0.312500
vt 0.734375 0.312500
vt 0.750000 0.718750
vt 0.734375 0.718750
vt 0.750000 0.281250
vt 0.734375 0.281250
vt 0.750000 0.687500
vt 0.734375 0.687500
vt 0.718750 0.406250
vt 0.718750 0.375000
vt 0.718750 0.812500
vt 0.718750 0.781250
vt 0.718750 0.343750
vt 0.718750 0.750000
vt 0.718750 0.312500
vt 0.718750 0.718750
vt 0.718750 0.281250
vt 0.718750 0.687500
vt 0.718750 0.250000
vt 0.718750 0.656250
vt 0.718750 0.218750
vt 0.718750 0.625000
vt 0.718750 0.187500
vt 0.718750 0.593750
vt 0.718750 0.156250
vt 0.718750 0.562500
vt 0.726562 1.000000
vt 0.718750 0.968750
vt 0.718750 0.125000
vt 0.718750 0.531250
vt 0.718750 0.937500
vt 0.718750 0.093750
vt 0.718750 0.500000
vt 0.718750 0.906250
vt 0.718750 0.062500
vt 0.718750 0.468750
vt 0.718750 0.875000
vt 0.718750 0.031250
vt 0.718750 0.437500
vt 0.718750 0.843750
vt 0.726562 0.000000
vt 0.703125 0.343750
vt 0.703125 0.312500
vt 0.703125 0.750000
vt 0.703125 0.718750
vt 0.703125 0.281250
vt 0.703125 0.687500
vt 0.703125 0.250000
vt 0.703125 0.656250
vt 0.703125 0.218750
vt 0.703125 0.625000
vt 0.703125 0.187500
vt 0.703125 0.593750
vt 0.703125 0.156250
vt 0.703125 0.562500
vt 0.710938 1.000000
vt 0.703125 0.968750
vt 0.703125 0.125000
vt 0.703125 0.531250
vt 0.703125 0.937500
vt 0.703125 0.093750
vt 0.703125 0.500000
vt 0.703125 0.906250
vt 0.703125 0.062500
vt 0.703125 0.468750
vt 0.703125 0.875000
vt 0.703125 0.031250
vt 0.703125 0.437500
vt 0.703125 0.843750
vt 0.710938 0.000000
vt 0.703125 0.406250
vt 0.703125 0.812500
vt 0.703125 0.375000
vt 0.703125 0.781250
vt 0.687500 0.281250
vt 0.687500 0.250000
vt 0.687500 0.687500
vt 0.687500 0.656250
vt 0.687500 0.218750
vt 0.687500 0.625000
vt 0.687500 0.187500
vt 0.687500 0.593750
vt 0.687500 0.156250
vt 0.687500 0.562500
vt 0.695312 1.000000
vt 0.687500 0.968750
vt 0.687500 0.125000
vt 0.687500 0.531250
vt 0.687500 0.937500
vt 0.687500 0.093750
vt 0.687500 0.500000
vt 0.687500 0.906250
vt 0.687500 0.062500
vt 0.687500 0.468750
vt 0.687500 0.875000
vt 0.687500 0.031250
vt 0.687500 0.437500
vt 0.687500 0.843750
vt 0.695312 0.000000
vt 0.687500 0.406250
vt 0.687500 0.812500
vt 0.687500 0.375000
vt 0.687500 0.781250
vt 0.687500 0.343750
vt 0.687500 0.750000
vt 0.687500 0.312500
vt 0.687500 0.718750
vt 0.671875 0.218750
vt 0.671875 0.187500
vt 0.671875 0.625000
vt 0.671875 0.593750
vt 0.671875 0.156250
vt 0.671875 0.562500
vt 0.679688 1.000000
vt 0.671875 0.968750
vt 0.671875 0.125000
vt 0.671875 0.531250
vt 0.671875 0.937500
vt 0.671875 0.093750
vt 0.671875 0.500000
vt 0.671875 0.906250
vt 0.671875 0.062500
vt 0.671875 0.468750
vt 0.671875 0.875000
vt 0.671875 0.031250
vt 0.671875 0.437500
vt 0.671875 0.843750
vt 0.679688 0.000000
vt 0.671875 0.406250
vt 0.671875 0.812500
vt 0.671875 0.375000
vt 0.671875 0.781250
vt 0.671875 0.343750
vt 0.671875 0.750000
vt 0.671875 0.312500
vt 0.671875 0.718750
vt 0.671875 0.281250
vt 0.671875 0.687500
vt 0.671875 0.250000
vt 0.671875 0.656250
vt 0.664062 1.000000
vt 0.656250 0.968750
vt 0.656250 0.156250
vt 0.656250 0.125000
vt 0.656250 0.562500
vt 0.656250 0.531250
vt 0.656250 0.937500
vt 0.656250 0.093750
vt 0.656250 0.500000
vt 0.656250 0.906250
vt 0.656250 0.062500
vt 0.656250 0.468750
vt 0.656250 0.875000
vt 0.656250 0.031250
vt 0.656250 0.437500
vt 0.656250 0.843750
vt 0.664062 0.000000
vt 0.656250 0.406250
vt 0.656250 0.812500
vt 0.656250 0.375000
vt 0.656250 0.781250
vt 0.656250 0.343750
vt 0.656250 0.750000
vt 0.656250 0.312500
vt 0.656250 0.718750
vt 0.656250 0.281250
vt 0.656250 0.687500
vt 0.656250 0.250000
vt 0.656250 0.656250
vt 0.656250 0.218750
vt 0.656250 0.625000
vt 0.656250 0.187500
vt 0.656250 0.593750
vt 0.640625 0.937500
vt 0.640625 0.906250
vt 0.640625 0.093750
vt 0.640625 0.062500
vt 0.640625 0.500000
vt 0.640625 0.468750
vt 0.640625 0.875000
vt 0.640625 0.031250
vt 0.640625 0.437500
vt 0.640625 0.843750
vt 0.648438 0.000000
vt 0.640625 0.406250
vt 0.640625 0.812500
vt 0.640625 0.375000
vt 0.640625 0.781250
vt 0.640625 0.343750
vt 0.640625 0.750000
vt 0.640625 0.312500
vt 0.640625 0.718750
vt 0.640625 0.281250
vt 0.640625 0.687500
vt 0.640625 0.250000
vt 0.640625 0.656250
vt 0.640625 0.218750
vt 0.640625 0.625000
vt 0.640625 0.187500
vt 0.640625 0.593750
vt 0.640625 0.156250
vt 0.640625 0.562500
vt 0.648438 1.000000
vt 0.640625 0.968750
vt 0.640625 0.125000
vt 0.640625 0.531250
vt 0.625000 0.875000
vt 0.625000 0.843750
vt 0.632812 0.000000
vt 0.625000 0.031250
vt 0.625000 0.437500
vt 0.625000 0.406250
vt 0.625000 0.812500
vt 0.625000 0.375000
vt 0.625000 0.781250
vt 0.625000 0.343750
vt 0.625000 0.750000
vt 0.625000 0.312500
vt 0.625000 0.718750
vt 0.625000 0.281250
vt 0.625000 0.687500
vt 0.625000 0.250000
vt 0.625000 0.656250
vt 0.625000 0.218750
vt 0.625000 0.625000
vt 0.625000 0.187500
vt 0.625000 0.593750
vt 0.625000 0.156250
vt 0.625000 0.562500
vt 0.632812 1.000000
vt 0.625000 0.968750
vt 0.625000 0.125000
vt 0.625000 0.531250
vt 0.625000 0.937500
vt 0.625000 0.093750
vt 0.625000 0.500000
vt 0.625000 0.906250
vt 0.625000 0.062500
vt 0.625000 0.468750
vt 0.609375 0.812500
vt 0.609375 0.781250
vt 0.609375 0.375000
vt 0.609375 0.343750
vt 0.609375 0.750000
vt 0.609375 0.312500
vt 0.609375 0.718750
vt 0.609375 0.281250
vt 0.609375 0.687500
vt 0.609375 0.250000
vt 0.609375 0.656250
vt 0.609375 0.218750
vt 0.609375 0.625000
vt 0.609375 0.187500
vt 0.609375 0.593750
vt 0.609375 0.156250
vt 0.609375 0.562500
vt 0.617188 1.000000
vt 0.609375 0.968750
vt 0.609375 0.125000
vt 0.609375 0.531250
vt 0.609375 0.937500
vt 0.609375 0.093750
vt 0.609375 0.500000
vt 0.609375 0.906250
vt 0.609375 0.062500
vt 0.609375 0.468750
vt 0.609375 0.875000
vt 0.609375 0.031250
vt 0.609375 0.437500
vt 0.609375 0.843750
vt 0.617188 0.000000
vt 0.609375 0.406250
vt 0.593750 0.750000
vt 0.593750 0.718750
vt 0.593750 0.312500
vt 0.593750 0.281250
vt 0.593750 0.687500
vt 0.593750 0.250000
vt 0.593750 0.656250
vt 0.593750 0.218750
vt 0.593750 0.625000
vt 0.593750 0.187500
vt 0.593750 0.593750
vt 0.593750 0.156250
vt 0.593750 0.562500
vt 0.601562 1.000000
vt 0.593750 0.968750
vt 0.593750 0.125000
vt 0.593750 0.531250
vt 0.593750 0.937500
vt 0.593750 0.093750
vt 0.593750 0.500000
vt 0.593750 0.906250
vt 0.593750 0.062500
vt 0.593750 0.468750
vt 0.593750 0.875000
vt 0.593750 0.031250
vt 0.593750 0.437500
vt 0.593750 0.843750
vt 0.601562 0.000000
vt 0.593750 0.406250
vt 0.593750 0.812500
vt 0.593750 0.375000
vt 0.593750 0.781250
vt 0.593750 0.343750
vt 0.578125 0.687500
vt 0.578125 0.656250
vt 0.578125 0.250000
vt 0.578125 0.218750
vt 0.578125 0.625000
vt 0.578125 0.187500
vt 0.578125 0.593750
vt 0.578125 0.156250
vt 0.578125 0.562500
vt 0.585938 1.000000
vt 0.578125 0.968750
vt 0.578125 0.125000
vt 0.578125 0.531250
vt 0.578125 0.937500
vt 0.578125 0.093750
vt 0.578125 0.500000
vt 0.578125 0.906250
vt 0.578125 0.062500
vt 0.578125 0.468750
vt 0.578125 0.875000
vt 0.578125 0.031250
vt 0.578125 0.437500
vt 0.578125 0.843750
vt 0.585938 0.000000
vt 0.578125 0.406250
vt 0.578125 0.812500
vt 0.578125 0.375000
vt 0.578125 0.781250
vt 0.578125 0.343750
vt 0.578125 0.750000
vt 0.578125 0.312500
vt 0.578125 0.718750
vt 0.578125 0.281250
vt 0.562500 0.625000
vt 0.562500 0.593750
vt 0.562500 0.187500
vt 0.562500 0.156250
vt 0.562500 0.562500
vt 0.570312 1.000000
vt 0.562500 0.968750
vt 0.562500 0.125000
vt 0.562500 0.531250
vt 0.562500 0.937500
vt 0.562500 0.093750
vt 0.562500 0.500000
vt 0.562500 0.906250
vt 0.562500 0.062500
vt 0.562500 0.468750
vt 0.562500 0.875000
vt 0.562500 0.031250
vt 0.562500 0.437500
vt 0.562500 0.843750
vt 0.570312 0.000000
vt 0.562500 0.406250
vt 0.562500 0.812500
vt 0.562500 0.375000
vt 0.562500 0.781250
vt 0.562500 0.343750
vt 0.562500 0.750000
vt 0.562500 0.312500
vt 0.562500 0.718750
vt 0.562500 0.281250
vt 0.562500 0.687500
vt 0.562500 0.250000
vt 0.562500 0.656250
vt 0.562500 0.218750
vt 0.546875 0.562500
vt 0.546875 0.531250
vt 0.546875 0.968750
vt 0.546875 0.937500
vt 0.546875 0.125000
vt 0.546875 0.093750
vt 0.546875 0.500000
vt 0.546875 0.906250
vt 0.546875 0.062500
vt 0.546875 0.468750
vt 0.546875 0.875000
vt 0.546875 0.031250
vt 0.546875 0.437500
vt 0.546875 0.843750
vt 0.554688 0.000000
vt 0.546875 0.406250
vt 0.546875 0.812500
vt 0.546875 0.375000
vt 0.546875 0.781250
vt 0.546875 0.343750
vt 0.546875 0.750000
vt 0.546875 0.312500
vt 0.546875 0.718750
vt 0.546875 0.281250
vt 0.546875 0.687500
vt 0.546875 0.250000
vt 0.546875 0.656250
vt 0.546875 0.218750
vt 0.546875 0.625000
vt 0.546875 0.187500
vt 0.546875 0.593750
vt 0.546875 0.156250
vt 0.554688 1.000000
vt 0.531250 0.500000
vt 0.531250 0.468750
vt 0.531250 0.906250
vt 0.531250 0.875000
vt 0.531250 0.062500
vt 0.531250 0.031250
vt 0.531250 0.437500
vt 0.531250 0.843750
vt 0.539062 0.000000
vt 0.531250 0.406250
vt 0.531250 0.812500
vt 0.531250 0.375000
vt 0.531250 0.781250
vt 0.531250 0.343750
vt 0.531250 0.750000
vt 0.531250 0.312500
vt 0.531250 0.718750
vt 0.531250 0.281250
vt 0.531250 0.687500
vt 0.531250 0.250000
vt 0.531250 0.656250
vt 0.531250 0.218750
vt 0.531250 0.625000
vt 0.531250 0.187500
vt 0.531250 0.593750
vt 0.531250 0.156250
vt 0.531250 0.562500
vt 0.539062 1.000000
vt 0.531250 0.968750
vt 0.531250 0.125000
vt 0.531250 0.531250
vt 0.531250 0.937500
vt 0.531250 0.093750
vt 0.515625 0.437500
vt 0.515625 0.406250
vt 0.515625 0.843750
vt 0.515625 0.812500
vt 0.515625 0.375000
vt 0.515625 0.781250
vt 0.515625 0.343750
vt 0.515625 0.750000
vt 0.515625 0.312500
vt 0.515625 0.718750
vt 0.515625 0.281250
vt 0.515625 0.687500
vt 0.515625 0.250000
vt 0.515625 0.656250
vt 0.515625 0.218750
vt 0.515625 0.625000
vt 0.515625 0.187500
vt 0.515625 0.593750
vt 0.515625 0.156250
vt 0.515625 0.562500
vt 0.523438 1.000000
vt 0.515625 0.968750
vt 0.515625 0.125000
vt 0.515625 0.531250
vt 0.515625 0.937500
vt 0.515625 0.093750
vt 0.515625 0.500000
vt 0.515625 0.906250
vt 0.515625 0.062500
vt 0.515625 0.468750
vt 0.515625 0.875000
vt 0.515625 0.031250
vt 0.523438 0.000000
vt 0.500000 0.375000
vt 0.500000 0.343750
vt 0.500000 0.781250
vt 0.500000 0.750000
vt 0.500000 0.312500
vt 0.500000 0.718750
vt 0.500000 0.281250
vt 0.500000 0.687500
vt 0.500000 0.250000
vt 0.500000 0.656250
vt 0.500000 0.218750
vt 0.500000 0.625000
vt 0.500000 0.187500
vt 0.500000 0.593750
vt 0.500000 0.156250
vt 0.500000 0.562500
vt 0.507812 1.000000
vt 0.500000 0.968750
vt 0.500000 0.125000
vt 0.500000 0.531250
vt 0.500000 0.937500
vt 0.500000 0.093750
vt 0.500000 0.500000
vt 0.500000 0.906250
vt 0.500000 0.062500
vt 0.500000 0.468750
vt 0.500000 0.875000
vt 0.500000 0.031250
vt 0.500000 0.437500
vt 0.500000 0.843750
vt 0.507812 0.000000
vt 0.500000 0.406250
vt 0.500000 0.812500
vt 0.484375 0.312500
vt 0.484375 0.281250
vt 0.484375 0.718750
vt 0.484375 0.687500
vt 0.484375 0.250000
vt 0.484375 0.656250
vt 0.484375 0.218750
vt 0.484375 0.625000
vt 0.484375 0.187500
vt 0.484375 0.593750
vt 0.484375 0.156250
vt 0.484375 0.562500
vt 0.492188 1.000000
vt 0.484375 0.968750
vt 0.484375 0.125000
vt 0.484375 0.531250
vt 0.484375 0.937500
vt 0.484375 0.093750
vt 0.484375 0.500000
vt 0.484375 0.906250
vt 0.484375 0.062500
vt 0.484375 0.468750
vt 0.484375 0.875000
vt 0.484375 0.031250
vt 0.484375 0.437500
vt 0.484375 0.843750
vt 0.492188 0.000000
vt 0.484375 0.406250
vt 0.484375 0.812500
vt 0.484375 0.375000
vt 0.484375 0.781250
vt 0.484375 0.343750
vt 0.484375 0.750000
vt 0.468750 0.250000
vt 0.468750 0.218750
vt 0.468750 0.656250
vt 0.468750 0.625000
vt 0.468750 0.187500
vt 0.468750 0.593750
vt 0.468750 0.156250
vt 0.468750 0.562500
vt 0.476562 1.000000
vt 0.468750 0.968750
vt 0.468750 0.125000
vt 0.468750 0.531250
vt 0.468750 0.937500
vt 0.468750 0.093750
vt 0.468750 0.500000
vt 0.468750 0.906250
vt 0.468750 0.062500
vt 0.468750 0.468750
vt 0.468750 0.875000
vt 0.468750 0.031250
vt 0.468750 0.437500
vt 0.468750 0.843750
vt 0.476562 0.000000
vt 0.468750 0.406250
vt 0.468750 0.812500
vt 0.468750 0.375000
vt 0.468750 0.781250
vt 0.468750 0.343750
vt 0.468750 0.750000
vt 0.468750 0.312500
vt 0.468750 0.718750
vt 0.468750 0.281250
vt 0.468750 0.687500
vt 0.453125 0.187500
vt 0.453125 0.156250
vt 0.453125 0.593750
vt 0.453125 0.562500
vt 0.460938 1.000000
vt 0.453125 0.968750
vt 0.453125 0.125000
vt 0.453125 0.531250
vt 0.453125 0.937500
vt 0.453125 0.093750
vt 0.453125 0.500000
vt 0.453125 0.906250
vt 0.453125 0.062500
vt 0.453125 0.468750
vt 0.453125 0.875000
vt 0.453125 0.031250
vt 0.453125 0.437500
vt 0.453125 0.843750
vt 0.460938 0.000000
vt 0.453125 0.406250
vt 0.453125 0.812500
vt 0.453125 0.375000
vt 0.453125 0.781250
vt 0.453125 0.343750
vt 0.453125 0.750000
vt 0.453125 0.312500
vt 0.453125 0.718750
vt 0.453125 0.281250
vt 0.453125 0.687500
vt 0.453125 0.250000
vt 0.453125 0.656250
vt 0.453125 0.218750
vt 0.453125 0.625000
vt 0.437500 0.125000
vt 0.437500 0.093750
vt 0.437500 0.531250
vt 0.437500 0.500000
vt 0.437500 0.937500
vt 0.437500 0.906250
vt 0.437500 0.062500
vt 0.437500 0.468750
vt 0.437500 0.875000
vt 0.437500 0.031250
vt 0.437500 0.437500
vt 0.437500 0.843750
vt 0.445312 0.000000
vt 0.437500 0.406250
vt 0.437500 0.812500
vt 0.437500 0.375000
vt 0.437500 0.781250
vt 0.437500 0.343750
vt 0.437500 0.750000
vt 0.437500 0.312500
vt 0.437500 0.718750
vt 0.437500 0.281250
vt 0.437500 0.687500
vt 0.437500 0.250000
vt 0.437500 0.656250
vt 0.437500 0.218750
vt 0.437500 0.625000
vt 0.437500 0.187500
vt 0.437500 0.593750
vt 0.437500 0.156250
vt 0.437500 0.562500
vt 0.445312 1.000000
vt 0.437500 0.968750
vt 0.421875 0.062500
vt 0.421875 0.031250
vt 0.421875 0.468750
vt 0.421875 0.437500
vt 0.421875 0.875000
vt 0.421875 0.843750
vt 0.429688 0.000000
vt 0.421875 0.406250
vt 0.421875 0.812500
vt 0.421875 0.375000
vt 0.421875 0.781250
vt 0.421875 0.343750
vt 0.421875 0.750000
vt 0.421875 0.312500
vt 0.421875 0.718750
vt 0.421875 0.281250
vt 0.421875 0.687500
vt 0.421875 0.250000
vt 0.421875 0.656250
vt 0.421875 0.218750
vt 0.421875 0.625000
vt 0.421875 0.187500
vt 0.421875 0.593750
vt 0.421875 0.156250
vt 0.421875 0.562500
vt 0.429688 1.000000
vt 0.421875 0.968750
vt 0.421875 0.125000
vt 0.421875 0.531250
vt 0.421875 0.937500
vt 0.421875 0.093750
vt 0.421875 0.500000
vt 0.421875 0.906250
vt 0.406250 0.406250
vt 0.406250 0.375000
vt 0.406250 0.812500
vt 0.406250 0.781250
vt 0.406250 0.343750
vt 0.406250 0.750000
vt 0.406250 0.312500
vt 0.406250 0.718750
vt 0.406250 0.281250
vt 0.406250 0.687500
vt 0.406250 0.250000
vt 0.406250 0.656250
vt 0.406250 0.218750
vt 0.406250 0.625000
vt 0.406250 0.187500
vt 0.406250 0.593750
vt 0.406250 0.156250
vt 0.406250 0.562500
vt 0.414062 1.000000
vt 0.406250 0.968750
vt 0.406250 0.125000
vt 0.406250 0.531250
vt 0.406250 0.937500
vt 0.406250 0.093750
vt 0.406250 0.500000
vt 0.406250 0.906250
vt 0.406250 0.062500
vt 0.406250 0.468750
vt 0.406250 0.875000
vt 0.406250 0.031250
vt 0.406250 0.437500
vt 0.406250 0.843750
vt 0.414062 0.000000
vt 0.390625 0.343750
vt 0.390625 0.312500
vt 0.390625 0.750000
vt 0.390625 0.718750
vt 0.390625 0.281250
vt 0.390625 0.687500
vt 0.390625 0.250000
vt 0.390625 0.656250
vt 0.390625 0.218750
vt 0.390625 0.625000
vt 0.390625 0.187500
vt 0.390625 0.593750
vt 0.390625 0.156250
vt 0.390625 0.562500
vt 0.398438 1.000000
vt 0.390625 0.968750
vt 0.390625 0.125000
vt 0.390625 0.531250
vt 0.390625 0.937500
vt 0.390625 0.093750
vt 0.390625 0.500000
vt 0.390625 0.906250
vt 0.390625 0.062500
vt 0.390625 0.468750
vt 0.390625 0.875000
vt 0.390625 0.031250
vt 0.390625 0.437500
vt 0.390625 0.843750
vt 0.398438 0.000000
vt 0.390625 0.406250
vt 0.390625 0.812500
vt 0.390625 0.375000
vt 0.390625 0.781250
vt 0.375000 0.281250
vt 0.375000 0.250000
vt 0.375000 0.687500
vt 0.375000 0.656250
vt 0.375000 0.218750
vt 0.375000 0.625000
vt 0.375000 0.187500
vt 0.375000 0.593750
vt 0.375000 0.156250
vt 0.375000 0.562500
vt 0.382812 1.000000
vt 0.375000 0.968750
vt 0.375000 0.125000
vt 0.375000 0.531250
vt 0.375000 0.937500
vt 0.375000 0.093750
vt 0.375000 0.500000
vt 0.375000 0.906250
vt 0.375000 0.062500
vt 0.375000 0.468750
vt 0.375000 0.875000
vt 0.375000 0.031250
vt 0.375000 0.437500
vt 0.375000 0.843750
vt 0.382812 0.000000
vt 0.375000 0.406250
vt 0.375000 0.812500
vt 0.375000 0.375000
vt 0.375000 0.781250
vt 0.375000 0.343750
vt 0.375000 0.750000
vt 0.375000 0.312500
vt 0.375000 0.718750
vt 0.359375 0.218750
vt 0.359375 0.187500
vt 0.359375 0.625000
vt 0.359375 0.593750
vt 0.359375 0.156250
vt 0.359375 0.562500
vt 0.367188 1.000000
vt 0.359375 0.968750
vt 0.359375 0.125000
vt 0.359375 0.531250
vt 0.359375 0.937500
vt 0.359375 0.093750
vt 0.359375 0.500000
vt 0.359375 0.906250
vt 0.359375 0.062500
vt 0.359375 0.468750
vt 0.359375 0.875000
vt 0.359375 0.031250
vt 0.359375 0.437500
vt 0.359375 0.843750
vt 0.367188 0.000000
vt 0.359375 0.406250
vt 0.359375 0.812500
vt 0.359375 0.375000
vt 0.359375 0.781250
vt 0.359375 0.343750
vt 0.359375 0.750000
vt 0.359375 0.312500
vt 0.359375 0.718750
vt 0.359375 0.281250
vt 0.359375 0.687500
vt 0.359375 0.250000
vt 0.359375 0.656250
vt 0.351562 1.000000
vt 0.343750 0.968750
vt 0.343750 0.156250
vt 0.343750 0.125000
vt 0.343750 0.562500
vt 0.343750 0.531250
vt 0.343750 0.937500
vt 0.343750 0.093750
vt 0.343750 0.500000
vt 0.343750 0.906250
vt 0.343750 0.062500
vt 0.343750 0.468750
vt 0.343750 0.875000
vt 0.343750 0.031250
vt 0.343750 0.437500
vt 0.343750 0.843750
vt 0.351562 0.000000
vt 0.343750 0.406250
vt 0.343750 0.812500
vt 0.343750 0.375000
vt 0.343750 0.781250
vt 0.343750 0.343750
vt 0.343750 0.750000
vt 0.343750 0.312500
vt 0.343750 0.718750
vt 0.343750 0.281250
vt 0.343750 0.687500
vt 0.343750 0.250000
vt 0.343750 0.656250
vt 0.343750 0.218750
vt 0.343750 0.625000
vt 0.343750 0.187500
vt 0.343750 0.593750
vt 0.328125 0.562500
vt 0.328125 0.531250
vt 0.328125 0.968750
vt 0.328125 0.937500
vt 0.328125 0.125000
vt 0.328125 0.093750
vt 0.328125 0.500000
vt 0.328125 0.906250
vt 0.328125 0.062500
vt 0.328125 0.468750
vt 0.328125 0.875000
vt 0.328125 0.031250
vt 0.328125 0.437500
vt 0.328125 0.843750
vt 0.335937 0.000000
vt 0.328125 0.406250
vt 0.328125 0.812500
vt 0.328125 0.375000
vt 0.328125 0.781250
vt 0.328125 0.343750
vt 0.328125 0.750000
vt 0.328125 0.312500
vt 0.328125 0.718750
vt 0.328125 0.281250
vt 0.328125 0.687500
vt 0.328125 0.250000
vt 0.328125 0.656250
vt 0.328125 0.218750
vt 0.328125 0.625000
vt 0.328125 0.187500
vt 0.328125 0.593750
vt 0.328125 0.156250
vt 0.335937 1.000000
vt 0.312500 0.500000
vt 0.312500 0.468750
vt 0.312500 0.906250
vt 0.312500 0.875000
vt 0.312500 0.062500
vt 0.312500 0.031250
vt 0.312500 0.437500
vt 0.312500 0.843750
vt 0.320312 0.000000
vt 0.312500 0.406250
vt 0.312500 0.812500
vt 0.312500 0.375000
vt 0.312500 0.781250
vt 0.312500 0.343750
vt 0.312500 0.750000
vt 0.312500 0.312500
vt 0.312500 0.718750
vt 0.312500 0.281250
vt 0.312500 0.687500
vt 0.312500 0.250000
vt 0.312500 0.656250
vt 0.312500 0.218750
vt 0.312500 0.625000
vt 0.312500 0.187500
vt 0.312500 0.593750
vt 0.312500 0.156250
vt 0.312500 0.562500
vt 0.320312 1.000000
vt 0.312500 0.968750
vt 0.312500 0.125000
vt 0.312500 0.531250
vt 0.312500 0.937500
vt 0.312500 0.093750
vt 0.296875 0.437500
vt 0.296875 0.406250
vt 0.296875 0.843750
vt 0.296875 0.812500
vt 0.296875 0.375000
vt 0.296875 0.781250
vt 0.296875 0.343750
vt 0.296875 0.750000
vt 0.296875 0.312500
vt 0.296875 0.718750
vt 0.296875 0.281250
vt 0.296875 0.687500
vt 0.296875 0.250000
vt 0.296875 0.656250
vt 0.296875 0.218750
vt 0.296875 0.625000
vt 0.296875 0.187500
vt 0.296875 0.593750
vt 0.296875 0.156250
vt 0.296875 0.562500
vt 0.304688 1.000000
vt 0.296875 0.968750
vt 0.296875 0.125000
vt 0.296875 0.531250
vt 0.296875 0.937500
vt 0.296875 0.093750
vt 0.296875 0.500000
vt 0.296875 0.906250
vt 0.296875 0.062500
vt 0.296875 0.468750
vt 0.296875 0.875000
vt 0.296875 0.031250
vt 0.304688 0.000000
vt 0.281250 0.375000
vt 0.281250 0.343750
vt 0.281250 0.781250
vt 0.281250 0.750000
vt 0.281250 0.312500
vt 0.281250 0.718750
vt 0.281250 0.281250
vt 0.281250 0.687500
vt 0.281250 0.250000
vt 0.281250 0.656250
vt 0.281250 0.218750
vt 0.281250 0.625000
vt 0.281250 0.187500
vt 0.281250 0.593750
vt 0.281250 0.156250
vt 0.281250 0.562500
vt 0.289062 1.000000
vt 0.281250 0.968750
vt 0.281250 0.125000
vt 0.281250 0.531250
vt 0.281250 0.937500
vt 0.281250 0.093750
vt 0.281250 0.500000
vt 0.281250 0.906250
vt 0.281250 0.062500
vt 0.281250 0.468750
vt 0.281250 0.875000
vt 0.281250 0.031250
vt 0.281250 0.437500
vt 0.281250 0.843750
vt 0.289062 0.000000
vt 0.281250 0.406250
vt 0.281250 0.812500
vt 0.265625 0.312500
vt 0.265625 0.281250
vt 0.265625 0.718750
vt 0.265625 0.687500
vt 0.265625 0.250000
vt 0.265625 0.656250
vt 0.265625 0.218750
vt 0.265625 0.625000
vt 0.265625 0.187500
vt 0.265625 0.593750
vt 0.265625 0.156250
vt 0.265625 0.562500
vt 0.273438 1.000000
vt 0.265625 0.968750
vt 0.265625 0.125000
vt 0.265625 0.531250
vt 0.265625 0.937500
vt 0.265625 0.093750
vt 0.265625 0.500000
vt 0.265625 0.906250
vt 0.265625 0.062500
vt 0.265625 0.468750
vt 0.265625 0.875000
vt 0.265625 0.031250
vt 0.265625 0.437500
vt 0.265625 0.843750
vt 0.273438 0.000000
vt 0.265625 0.406250
vt 0.265625 0.812500
vt 0.265625 0.375000
vt 0.265625 0.781250
vt 0.265625 0.343750
vt 0.265625 0.750000
vt 0.250000 0.250000
vt 0.250000 0.218750
vt 0.250000 0.656250
vt 0.250000 0.625000
vt 0.250000 0.187500
vt 0.250000 0.593750
vt 0.250000 0.156250
vt 0.250000 0.562500
vt 0.257812 1.000000
vt 0.250000 0.968750
vt 0.250000 0.125000
vt 0.250000 0.531250
vt 0.250000 0.937500
vt 0.250000 0.093750
vt 0.250000 0.500000
vt 0.250000 0.906250
vt 0.250000 0.062500
vt 0.250000 0.468750
vt 0.250000 0.875000
vt 0.250000 0.031250
vt 0.250000 0.437500
vt 0.250000 0.843750
vt 0.257812 0.000000
vt 0.250000 0.406250
vt 0.250000 0.812500
vt 0.250000 0.375000
vt 0.250000 0.781250
vt 0.250000 0.343750
vt 0.250000 0.750000
vt 0.250000 0.312500
vt 0.250000 0.718750
vt 0.250000 0.281250
vt 0.250000 0.687500
vt 0.234375 0.187500
vt 0.234375 0.156250
vt 0.234375 0.593750
vt 0.234375 0.562500
vt 0.242188 1.000000
vt 0.234375 0.968750
vt 0.234375 0.125000
vt 0.234375 0.531250
vt 0.234375 0.937500
vt 0.234375 0.093750
vt 0.234375 0.500000
vt 0.234375 0.906250
vt 0.234375 0.062500
vt 0.234375 0.468750
vt 0.234375 0.875000
vt 0.234375 0.031250
vt 0.234375 0.437500
vt 0.234375 0.843750
vt 0.242188 0.000000
vt 0.234375 0.406250
vt 0.234375 0.812500
vt 0.234375 0.375000
vt 0.234375 0.781250
vt 0.234375 0.343750
vt 0.234375 0.750000
vt 0.234375 0.312500
vt 0.234375 0.718750
vt 0.234375 0.281250
vt 0.234375 0.687500
vt 0.234375 0.250000
vt 0.234375 0.656250
vt 0.234375 0.218750
vt 0.234375 0.625000
vt 0.218750 0.968750
vt 0.218750 0.937500
vt 0.218750 0.125000
vt 0.218750 0.093750
vt 0.218750 0.531250
vt 0.218750 0.500000
vt 0.218750 0.906250
vt 0.218750 0.062500
vt 0.218750 0.468750
vt 0.218750 0.875000
vt 0.218750 0.031250
vt 0.218750 0.437500
vt 0.218750 0.843750
vt 0.226562 0.000000
vt 0.218750 0.406250
vt 0.218750 0.812500
vt 0.218750 0.375000
vt 0.218750 0.781250
vt 0.218750 0.343750
vt 0.218750 0.750000
vt 0.218750 0.312500
vt 0.218750 0.718750
vt 0.218750 0.281250
vt 0.218750 0.687500
vt 0.218750 0.250000
vt 0.218750 0.656250
vt 0.218750 0.218750
vt 0.218750 0.625000
vt 0.218750 0.187500
vt 0.218750 0.593750
vt 0.218750 0.156250
vt 0.218750 0.562500
vt 0.226562 1.000000
vt 0.203125 0.906250
vt 0.203125 0.875000
vt 0.203125 0.062500
vt 0.203125 0.031250
vt 0.203125 0.468750
vt 0.203125 0.437500
vt 0.203125 0.843750
vt 0.210938 0.000000
vt 0.203125 0.406250
vt 0.203125 0.812500
vt 0.203125 0.375000
vt 0.203125 0.781250
vt 0.203125 0.343750
vt 0.203125 0.750000
vt 0.203125 0.312500
vt 0.203125 0.718750
vt 0.203125 0.281250
vt 0.203125 0.687500
vt 0.203125 0.250000
vt 0.203125 0.656250
vt 0.203125 0.218750
vt 0.203125 0.625000
vt 0.203125 0.187500
vt 0.203125 0.593750
vt 0.203125 0.156250
vt 0.203125 0.562500
vt 0.210938 1.000000
vt 0.203125 0.968750
vt 0.203125 0.125000
vt 0.203125 0.531250
vt 0.203125 0.937500
vt 0.203125 0.093750
vt 0.203125 0.500000
vt 0.187500 0.843750
vt 0.187500 0.812500
vt 0.187500 0.406250
vt 0.187500 0.375000
vt 0.187500 0.781250
vt 0.187500 0.343750
vt 0.187500 0.750000
vt 0.187500 0.312500
vt 0.187500 0.718750
vt 0.187500 0.281250
vt 0.187500 0.687500
vt 0.187500 0.250000
vt 0.187500 0.656250
vt 0.187500 0.218750
vt 0.187500 0.625000
vt 0.187500 0.187500
vt 0.187500 0.593750
vt 0.187500 0.156250
vt 0.187500 0.562500
vt 0.195312 1.000000
vt 0.187500 0.968750
vt 0.187500 0.125000
vt 0.187500 0.531250
vt 0.187500 0.937500
vt 0.187500 0.093750
vt 0.187500 0.500000
vt 0.187500 0.906250
vt 0.187500 0.062500
vt 0.187500 0.468750
vt 0.187500 0.875000
vt 0.187500 0.031250
vt 0.187500 0.437500
vt 0.195312 0.000000
vt 0.171875 0.781250
vt 0.171875 0.750000
vt 0.171875 0.343750
vt 0.171875 0.312500
vt 0.171875 0.718750
vt 0.171875 0.281250
vt 0.171875 0.687500
vt 0.171875 0.250000
vt 0.171875 0.656250
vt 0.171875 0.218750
vt 0.171875 0.625000
vt 0.171875 0.187500
vt 0.171875 0.593750
vt 0.171875 0.156250
vt 0.171875 0.562500
vt 0.179688 1.000000
vt 0.171875 0.968750
vt 0.171875 0.125000
vt 0.171875 0.531250
vt 0.171875 0.937500
vt 0.171875 0.093750
vt 0.171875 0.500000
vt 0.171875 0.906250
vt 0.171875 0.062500
vt 0.171875 0.468750
vt 0.171875 0.875000
vt 0.171875 0.031250
vt 0.171875 0.437500
vt 0.171875 0.843750
vt 0.179688 0.000000
vt 0.171875 0.406250
vt 0.171875 0.812500
vt 0.171875 0.375000
vt 0.156250 0.718750
vt 0.156250 0.687500
vt 0.156250 0.281250
vt 0.156250 0.250000
vt 0.156250 0.656250
vt 0.156250 0.218750
vt 0.156250 0.625000
vt 0.156250 0.187500
vt 0.156250 0.593750
vt 0.156250 0.156250
vt 0.156250 0.562500
vt 0.164062 1.000000
vt 0.156250 0.968750
vt 0.156250 0.125000
vt 0.156250 0.531250
vt 0.156250 0.937500
vt 0.156250 0.093750
vt 0.156250 0.500000
vt 0.156250 0.906250
vt 0.156250 0.062500
vt 0.156250 0.468750
vt 0.156250 0.875000
vt 0.156250 0.031250
vt 0.156250 0.437500
vt 0.156250 0.843750
vt 0.164062 0.000000
vt 0.156250 0.406250
vt 0.156250 0.812500
vt 0.156250 0.375000
vt 0.156250 0.781250
vt 0.156250 0.343750
vt 0.156250 0.750000
vt 0.156250 0.312500
vt 0.140625 0.656250
vt 0.140625 0.625000
vt 0.140625 0.218750
vt 0.140625 0.187500
vt 0.140625 0.593750
vt 0.140625 0.156250
vt 0.140625 0.562500
vt 0.148437 1.000000
vt 0.140625 0.968750
vt 0.140625 0.125000
vt 0.140625 0.531250
vt 0.140625 0.937500
vt 0.140625 0.093750
vt 0.140625 0.500000
vt 0.140625 0.906250
vt 0.140625 0.062500
vt 0.140625 0.468750
vt 0.140625 0.875000
vt 0.140625 0.031250
vt 0.140625 0.437500
vt 0.140625 0.843750
vt 0.148437 0.000000
vt 0.140625 0.406250
vt 0.140625 0.812500
vt 0.140625 0.375000
vt 0.140625 0.781250
vt 0.140625 0.343750
vt 0.140625 0.750000
vt 0.140625 0.312500
vt 0.140625 0.718750
vt 0.140625 0.281250
vt 0.140625 0.687500
vt 0.140625 0.250000
vt 0.125000 0.593750
vt 0.125000 0.562500
vt 0.132812 1.000000
vt 0.125000 0.968750
vt 0.125000 0.156250
vt 0.125000 0.125000
vt 0.125000 0.531250
vt 0.125000 0.937500
vt 0.125000 0.093750
vt 0.125000 0.500000
vt 0.125000 0.906250
vt 0.125000 0.062500
vt 0.125000 0.468750
vt 0.125000 0.875000
vt 0.125000 0.031250
vt 0.125000 0.437500
vt 0.125000 0.843750
vt 0.132812 0.000000
vt 0.125000 0.406250
vt 0.125000 0.812500
vt 0.125000 0.375000
vt 0.125000 0.781250
vt 0.125000 0.343750
vt 0.125000 0.750000
vt 0.125000 0.312500
vt 0.125000 0.718750
vt 0.125000 0.281250
vt 0.125000 0.687500
vt 0.125000 0.250000
vt 0.125000 0.656250
vt 0.125000 0.218750
vt 0.125000 0.625000
vt 0.125000 0.187500
vt 0.109375 0.531250
vt 0.109375 0.500000
vt 0.109375 0.937500
vt 0.109375 0.906250
vt 0.109375 0.093750
vt 0.109375 0.062500
vt 0.109375 0.468750
vt 0.109375 0.875000
vt 0.109375 0.031250
vt 0.109375 0.437500
vt 0.109375 0.843750
vt 0.117188 0.000000
vt 0.109375 0.406250
vt 0.109375 0.812500
vt 0.109375 0.375000
vt 0.109375 0.781250
vt 0.109375 0.343750
vt 0.109375 0.750000
vt 0.109375 0.312500
vt 0.109375 0.718750
vt 0.109375 0.281250
vt 0.109375 0.687500
vt 0.109375 0.250000
vt 0.109375 0.656250
vt 0.109375 0.218750
vt 0.109375 0.625000
vt 0.109375 0.187500
vt 0.109375 0.593750
vt 0.109375 0.156250
vt 0.109375 0.562500
vt 0.117188 1.000000
vt 0.109375 0.968750
vt 0.109375 0.125000
vt 0.093750 0.468750
vt 0.093750 0.437500
vt 0.093750 0.875000
vt 0.093750 0.843750
vt 0.101562 0.000000
vt 0.093750 0.031250
vt 0.093750 0.406250
vt 0.093750 0.812500
vt 0.093750 0.375000
vt 0.093750 0.781250
vt 0.093750 0.343750
vt 0.093750 0.750000
vt 0.093750 0.312500
vt 0.093750 0.718750
vt 0.093750 0.281250
vt 0.093750 0.687500
vt 0.093750 0.250000
vt 0.093750 0.656250
vt 0.093750 0.218750
vt 0.093750 0.625000
vt 0.093750 0.187500
vt 0.093750 0.593750
vt 0.093750 0.156250
vt 0.093750 0.562500
vt 0.101562 1.000000
vt 0.093750 0.968750
vt 0.093750 0.125000
vt 0.093750 0.531250
vt 0.093750 0.937500
vt 0.093750 0.093750
vt 0.093750 0.500000
vt 0.093750 0.906250
vt 0.093750 0.062500
vt 0.078125 0.406250
vt 0.078125 0.375000
vt 0.078125 0.812500
vt 0.078125 0.781250
vt 0.078125 0.343750
vt 0.078125 0.750000
vt 0.078125 0.312500
vt 0.078125 0.718750
vt 0.078125 0.281250
vt 0.078125 0.687500
vt 0.078125 0.250000
vt 0.078125 0.656250
vt 0.078125 0.218750
vt 0.078125 0.625000
vt 0.078125 0.187500
vt 0.078125 0.593750
vt 0.078125 0.156250
vt 0.078125 0.562500
vt 0.085937 1.000000
vt 0.078125 0.968750
vt 0.078125 0.125000
vt 0.078125 0.531250
vt 0.078125 0.937500
vt 0.078125 0.093750
vt 0.078125 0.500000
vt 0.078125 0.906250
vt 0.078125 0.062500
vt 0.078125 0.468750
vt 0.078125 0.875000
vt 0.078125 0.031250
vt 0.078125 0.437500
vt 0.078125 0.843750
vt 0.085937 0.000000
vt 0.062500 0.343750
vt 0.062500 0.312500
vt 0.062500 0.750000
vt 0.062500 0.718750
vt 0.062500 0.281250
vt 0.062500 0.687500
vt 0.062500 0.250000
vt 0.062500 0.656250
vt 0.062500 0.218750
vt 0.062500 0.625000
vt 0.062500 0.187500
vt 0.062500 0.593750
vt 0.062500 0.156250
vt 0.062500 0.562500
vt 0.070312 1.000000
vt 0.062500 0.968750
vt 0.062500 0.125000
vt 0.062500 0.531250
vt 0.062500 0.937500
vt 0.062500 0.093750
vt 0.062500 0.500000
vt 0.062500 0.906250
vt 0.062500 0.062500
vt 0.062500 0.468750
vt 0.062500 0.875000
vt 0.062500 0.031250
vt 0.062500 0.437500
vt 0.062500 0.843750
vt 0.070312 0.000000
vt 0.062500 0.406250
vt 0.062500 0.812500
vt 0.062500 0.375000
vt 0.062500 0.781250
vt 0.046875 0.281250
vt 0.046875 0.250000
vt 0.046875 0.687500
vt 0.046875 0.656250
vt 0.046875 0.218750
vt 0.046875 0.625000
vt 0.046875 0.187500
vt 0.046875 0.593750
vt 0.046875 0.156250
vt 0.046875 0.562500
vt 0.054687 1.000000
vt 0.046875 0.968750
vt 0.046875 0.125000
vt 0.046875 0.531250
vt 0.046875 0.937500
vt 0.046875 0.093750
vt 0.046875 0.500000
vt 0.046875 0.906250
vt 0.046875 0.062500
vt 0.046875 0.468750
vt 0.046875 0.875000
vt 0.046875 0.031250
vt 0.046875 0.437500
vt 0.046875 0.843750
vt 0.054687 0.000000
vt 0.046875 0.406250
vt 0.046875 0.812500
vt 0.046875 0.375000
vt 0.046875 0.781250
vt 0.046875 0.343750
vt 0.046875 0.750000
vt 0.046875 0.312500
vt 0.046875 0.718750
vt 0.031250 0.218750
vt 0.031250 0.187500
vt 0.031250 0.625000
vt 0.031250 0.593750
vt 0.031250 0.156250
vt 0.031250 0.562500
vt 0.039062 1.000000
vt 0.031250 0.968750
vt 0.031250 0.125000
vt 0.031250 0.531250
vt 0.031250 0.937500
vt 0.031250 0.093750
vt 0.031250 0.500000
vt 0.031250 0.906250
vt 0.031250 0.062500
vt 0.031250 0.468750
vt 0.031250 0.875000
vt 0.031250 0.031250
vt 0.031250 0.437500
vt 0.031250 0.843750
vt 0.039062 0.000000
vt 0.031250 0.406250
vt 0.031250 0.812500
vt 0.031250 0.375000
vt 0.031250 0.781250
vt 0.031250 0.343750
vt 0.031250 0.750000
vt 0.031250 0.312500
vt 0.031250 0.718750
vt 0.031250 0.281250
vt 0.031250 0.687500
vt 0.031250 0.250000
vt 0.031250 0.656250
vt 0.015625 0.156250
vt 0.015625 0.125000
vt 0.015625 0.562500
vt 0.015625 0.531250
vt 0.015625 0.968750
vt 0.015625 0.937500
vt 0.015625 0.093750
vt 0.015625 0.500000
vt 0.015625 0.906250
vt 0.015625 0.062500
vt 0.015625 0.468750
vt 0.015625 0.875000
vt 0.015625 0.031250
vt 0.015625 0.437500
vt 0.015625 0.843750
vt 0.023438 0.000000
vt 0.015625 0.406250
vt 0.015625 0.812500
vt 0.015625 0.375000
vt 0.015625 0.781250
vt 0.015625 0.343750
vt 0.015625 0.750000
vt 0.015625 0.312500
vt 0.015625 0.718750
vt 0.015625 0.281250
vt 0.015625 0.687500
vt 0.015625 0.250000
vt 0.015625 0.656250
vt 0.015625 0.218750
vt 0.015625 0.625000
vt 0.015625 0.187500
vt 0.015625 0.593750
vt 0.023438 1.000000
vt 0.000000 0.093750
vt 0.000000 0.062500
vt 0.000000 0.500000
vt 0.000000 0.468750
vt 0.000000 0.906250
vt 0.000000 0.875000
vt 0.000000 0.031250
vt 0.000000 0.437500
vt 0.000000 0.843750
vt 0.007812 0.000000
vt 0.000000 0.406250
vt 0.000000 0.812500
vt 0.000000 0.375000
vt 0.000000 0.781250
vt 0.000000 0.343750
vt 0.000000 0.750000
vt 0.000000 0.312500
vt 0.000000 0.718750
vt 0.000000 0.281250
vt 0.000000 0.687500
vt 0.000000 0.250000
vt 0.000000 0.656250
vt 0.000000 0.218750
vt 0.000000 0.625000
vt 0.000000 0.187500
vt 0.000000 0.593750
vt 0.000000 0.156250
vt 0.000000 0.562500
vt 0.007812 1.000000
vt 0.000000 0.968750
vt 0.000000 0.125000
vt 0.000000 0.531250
vt 0.000000 0.937500
vt 0.992188 0.000000
vt 1.000000 0.031250
vt 0.984375 0.031250
vt 1.000000 0.406250
vt 1.000000 0.437500
vt 0.984375 0.437500
vt 0.984375 0.406250
vt 1.000000 0.812500
vt 1.000000 0.843750
vt 0.984375 0.843750
vt 0.984375 0.812500
vt 1.000000 0.375000
vt 0.984375 0.375000
vt 1.000000 0.781250
vt 0.984375 0.781250
vt 1.000000 0.343750
vt 0.984375 0.343750
vt 1.000000 0.750000
vt 0.984375 0.750000
vt 1.000000 0.312500
vt 0.984375 0.312500
vt 1.000000 0.718750
vt 0.984375 0.718750
vt 1.000000 0.281250
vt 0.984375 0.281250
vt 1.000000 0.687500
vt 0.984375 0.687500
vt 1.000000 0.250000
vt 0.984375 0.250000
vt 1.000000 0.656250
vt 0.984375 0.656250
vt 1.000000 0.218750
vt 0.984375 0.218750
vt 1.000000 0.625000
vt 0.984375 0.625000
vt 1.000000 0.187500
vt 0.984375 0.187500
vt 1.000000 0.593750
vt 0.984375 0.593750
vt 1.000000 0.156250
vt 0.984375 0.156250
vt 1.000000 0.562500
vt 0.984375 0.562500
vt 1.000000 0.968750
vt 0.992188 1.000000
vt 0.984375 0.968750
vt 1.000000 0.125000
vt 0.984375 0.125000
vt 1.000000 0.531250
vt 0.984375 0.531250
vt 1.000000 0.937500
vt 0.984375 0.937500
vt 1.000000 0.093750
vt 0.984375 0.093750
vt 1.000000 0.500000
vt 0.984375 0.500000
vt 1.000000 0.906250
vt 0.984375 0.906250
vt 1.000000 0.062500
vt 0.984375 0.062500
vt 1.000000 0.468750
vt 0.984375 0.468750
vt 1.000000 0.875000
vt 0.984375 0.875000
vt 0.968750 0.375000
vt 0.968750 0.343750
vt 0.968750 0.781250
vt 0.968750 0.750000
vt 0.968750 0.312500
vt 0.968750 0.718750
vt 0.968750 0.281250
vt 0.968750 0.687500
vt 0.968750 0.250000
vt 0.968750 0.656250
vt 0.968750 0.218750
vt 0.968750 0.625000
vt 0.968750 0.187500
vt 0.968750 0.593750
vt 0.968750 0.156250
vt 0.968750 0.562500
vt 0.976562 1.000000
vt 0.968750 0.968750
vt 0.968750 0.125000
vt 0.968750 0.531250
vt 0.968750 0.937500
vt 0.968750 0.093750
vt 0.968750 0.500000
vt 0.968750 0.906250
vt 0.968750 0.062500
vt 0.968750 0.468750
vt 0.968750 0.875000
vt 0.968750 0.031250
vt 0.968750 0.437500
vt 0.968750 0.843750
vt 0.976562 0.000000
vt 0.968750 0.406250
vt 0.968750 0.812500
vt 0.953125 0.312500
vt 0.953125 0.281250
vt 0.953125 0.718750
vt 0.953125 0.687500
vt 0.953125 0.250000
vt 0.953125 0.656250
vt 0.953125 0.218750
vt 0.953125 0.625000
vt 0.953125 0.187500
vt 0.953125 0.593750
vt 0.953125 0.156250
vt 0.953125 0.562500
vt 0.960938 1.000000
vt 0.953125 0.968750
vt 0.953125 0.125000
vt 0.953125 0.531250
vt 0.953125 0.937500
vt 0.953125 0.093750
vt 0.953125 0.500000
vt 0.953125 0.906250
vt 0.953125 0.062500
vt 0.953125 0.468750
vt 0.953125 0.875000
vt 0.953125 0.031250
vt 0.953125 0.437500
vt 0.953125 0.843750
vt 0.960938 0.000000
vt 0.953125 0.406250
vt 0.953125 0.812500
vt 0.953125 0.375000
vt 0.953125 0.781250
vt 0.953125 0.343750
vt 0.953125 0.750000
vt 0.937500 0.593750
vt 0.937500 0.562500
vt 0.945312 1.000000
vt 0.937500 0.968750
vt 0.937500 0.156250
vt 0.937500 0.125000
vt 0.937500 0.531250
vt 0.937500 0.937500
vt 0.937500 0.093750
vt 0.937500 0.500000
vt 0.937500 0.906250
vt 0.937500 0.062500
vt 0.937500 0.468750
vt 0.937500 0.875000
vt 0.937500 0.031250
vt 0.937500 0.437500
vt 0.937500 0.843750
vt 0.945312 0.000000
vt 0.937500 0.406250
vt 0.937500 0.812500
vt 0.937500 0.375000
vt 0.937500 0.781250
vt 0.937500 0.343750
vt 0.937500 0.750000
vt 0.937500 0.312500
vt 0.937500 0.718750
vt 0.937500 0.281250
vt 0.937500 0.687500
vt 0.937500 0.250000
vt 0.937500 0.656250
vt 0.937500 0.218750
vt 0.937500 0.625000
vt 0.937500 0.187500
vt 0.921875 0.531250
vt 0.921875 0.500000
vt 0.921875 0.937500
vt 0.921875 0.906250
vt 0.921875 0.093750
vt 0.921875 0.062500
vt 0.921875 0.468750
vt 0.921875 0.875000
vt 0.921875 0.031250
vt 0.921875 0.437500
vt 0.921875 0.843750
vt 0.929687 0.000000
vt 0.921875 0.406250
vt 0.921875 0.812500
vt 0.921875 0.375000
vt 0.921875 0.781250
vt 0.921875 0.343750
vt 0.921875 0.750000
vt 0.921875 0.312500
vt 0.921875 0.718750
vt 0.921875 0.281250
vt 0.921875 0.687500
vt 0.921875 0.250000
vt 0.921875 0.656250
vt 0.921875 0.218750
vt 0.921875 0.625000
vt 0.921875 0.187500
vt 0.921875 0.593750
vt 0.921875 0.156250
vt 0.921875 0.562500
vt 0.929687 1.000000
vt 0.921875 0.968750
vt 0.921875 0.125000
vt 0.906250 0.468750
vt 0.906250 0.437500
vt 0.906250 0.875000
vt 0.906250 0.843750
vt 0.914062 0.000000
vt 0.906250 0.031250
vt 0.906250 0.406250
vt 0.906250 0.812500
vt 0.906250 0.375000
vt 0.906250 0.781250
vt 0.906250 0.343750
vt 0.906250 0.750000
vt 0.906250 0.312500
vt 0.906250 0.718750
vt 0.906250 0.281250
vt 0.906250 0.687500
vt 0.906250 0.250000
vt 0.906250 0.656250
vt 0.906250 0.218750
vt 0.906250 0.625000
vt 0.906250 0.187500
vt 0.906250 0.593750
vt 0.906250 0.156250
vt 0.906250 0.562500
vt 0.914062 1.000000
vt 0.906250 0.968750
vt 0.906250 0.125000
vt 0.906250 0.531250
vt 0.906250 0.937500
vt 0.906250 0.093750
vt 0.906250 0.500000
vt 0.906250 0.906250
vt 0.906250 0.062500
vt 0.890625 0.406250
vt 0.890625 0.375000
vt 0.890625 0.812500
vt 0.890625 0.781250
vt 0.890625 0.343750
vt 0.890625 0.750000
vt 0.890625 0.312500
vt 0.890625 0.718750
vt 0.890625 0.281250
vt 0.890625 0.687500
vt 0.890625 0.250000
vt 0.890625 0.656250
vt 0.890625 0.218750
vt 0.890625 0.625000
vt 0.890625 0.187500
vt 0.890625 0.593750
vt 0.890625 0.156250
vt 0.890625 0.562500
vt 0.898438 1.000000
vt 0.890625 0.968750
vt 0.890625 0.125000
vt 0.890625 0.531250
vt 0.890625 0.937500
vt 0.890625 0.093750
vt 0.890625 0.500000
vt 0.890625 0.906250
vt 0.890625 0.062500
vt 0.890625 0.468750
vt 0.890625 0.875000
vt 0.890625 0.031250
vt 0.890625 0.437500
vt 0.890625 0.843750
vt 0.898438 0.000000
vt 0.875000 0.343750
vt 0.875000 0.312500
vt 0.875000 0.750000
vt 0.875000 0.718750
vt 0.875000 0.281250
vt 0.875000 0.687500
vt 0.875000 0.250000
vt 0.875000 0.656250
vt 0.875000 0.218750
vt 0.875000 0.625000
vt 0.875000 0.187500
vt 0.875000 0.593750
vt 0.875000 0.156250
vt 0.875000 0.562500
vt 0.882812 1.000000
vt 0.875000 0.968750
vt 0.875000 0.125000
vt 0.875000 0.531250
vt 0.875000 0.937500
vt 0.875000 0.093750
vt 0.875000 0.500000
vt 0.875000 0.906250
vt 0.875000 0.062500
vt 0.875000 0.468750
vt 0.875000 0.875000
vt 0.875000 0.031250
vt 0.875000 0.437500
vt 0.875000 0.843750
vt 0.882812 0.000000
vt 0.875000 0.406250
vt 0.875000 0.812500
vt 0.875000 0.375000
vt 0.875000 0.781250
vt 0.859375 0.281250
vt 0.859375 0.250000
vt 0.859375 0.687500
vt 0.859375 0.656250
vt 0.859375 0.218750
vt 0.859375 0.625000
vt 0.859375 0.187500
vt 0.859375 0.593750
vt 0.859375 0.156250
vt 0.859375 0.562500
vt 0.867188 1.000000
vt 0.859375 0.968750
vt 0.859375 0.125000
vt 0.859375 0.531250
vt 0.859375 0.937500
vt 0.859375 0.093750
vt 0.859375 0.500000
vt 0.859375 0.906250
vt 0.859375 0.062500
vt 0.859375 0.468750
vt 0.859375 0.875000
vt 0.859375 0.031250
vt 0.859375 0.437500
vt 0.859375 0.843750
vt 0.867188 0.000000
vt 0.859375 0.406250
vt 0.859375 0.812500
vt 0.859375 0.375000
vt 0.859375 0.781250
vt 0.859375 0.343750
vt 0.859375 0.750000
vt 0.859375 0.312500
vt 0.859375 0.718750
vt 0.843750 0.218750
vt 0.843750 0.187500
vt 0.843750 0.625000
vt 0.843750 0.593750
vt 0.843750 0.156250
vt 0.843750 0.562500
vt 0.851562 1.000000
vt 0.843750 0.968750
vt 0.843750 0.125000
vt 0.843750 0.531250
vt 0.843750 0.937500
vt 0.843750 0.093750
vt 0.843750 0.500000
vt 0.843750 0.906250
vt 0.843750 0.062500
vt 0.843750 0.468750
vt 0.843750 0.875000
vt 0.843750 0.031250
vt 0.843750 0.437500
vt 0.843750 0.843750
vt 0.851562 0.000000
vt 0.843750 0.406250
vt 0.843750 0.812500
vt 0.843750 0.375000
vt 0.843750 0.781250
vt 0.843750 0.343750
vt 0.843750 0.750000
vt 0.843750 0.312500
vt 0.843750 0.718750
vt 0.843750 0.281250
vt 0.843750 0.687500
vt 0.843750 0.250000
vt 0.843750 0.656250
vt 0.828125 0.156250
vt 0.828125 0.125000
vt 0.828125 0.562500
vt 0.828125 0.531250
vt 0.828125 0.968750
vt 0.828125 0.937500
vt 0.828125 0.093750
vt 0.828125 0.500000
vt 0.828125 0.906250
vt 0.828125 0.062500
vt 0.828125 0.468750
vt 0.828125 0.875000
vt 0.828125 0.031250
vt 0.828125 0.437500
vt 0.828125 0.843750
vt 0.835938 0.000000
vt 0.828125 0.406250
vt 0.828125 0.812500
vt 0.828125 0.375000
vt 0.828125 0.781250
vt 0.828125 0.343750
vt 0.828125 0.750000
vt 0.828125 0.312500
vt 0.828125 0.718750
vt 0.828125 0.281250
vt 0.828125 0.687500
vt 0.828125 0.250000
vt 0.828125 0.656250
vt 0.828125 0.218750
vt 0.828125 0.625000
vt 0.828125 0.187500
vt 0.828125 0.593750
vt 0.835938 1.000000
vt 0.812500 0.093750
vt 0.812500 0.062500
vt 0.812500 0.500000
vt 0.812500 0.468750
vt 0.812500 0.906250
vt 0.812500 0.875000
vt 0.812500 0.031250
vt 0.812500 0.437500
vt 0.812500 0.843750
vt 0.820312 0.000000
vt 0.812500 0.406250
vt 0.812500 0.812500
vt 0.812500 0.375000
vt 0.812500 0.781250
vt 0.812500 0.343750
vt 0.812500 0.750000
vt 0.812500 0.312500
vt 0.812500 0.718750
vt 0.812500 0.281250
vt 0.812500 0.687500
vt 0.812500 0.250000
vt 0.812500 0.656250
vt 0.812500 0.218750
vt 0.812500 0.625000
vt 0.812500 0.187500
vt 0.812500 0.593750
vt 0.812500 0.156250
vt 0.812500 0.562500
vt 0.820312 1.000000
vt 0.812500 0.968750
vt 0.812500 0.125000
vt 0.812500 0.531250
vt 0.812500 0.937500
vt 0.804688 0.000000
vt 0.796875 0.031250
vt 0.796875 0.437500
vt 0.796875 0.406250
vt 0.796875 0.843750
vt 0.796875 0.812500
vt 0.796875 0.375000
vt 0.796875 0.781250
vt 0.796875 0.343750
vt 0.796875 0.750000
vt 0.796875 0.312500
vt 0.796875 0.718750
vt 0.796875 0.281250
vt 0.796875 0.687500
vt 0.796875 0.250000
vt 0.796875 0.656250
vt 0.796875 0.218750
vt 0.796875 0.625000
vt 0.796875 0.187500
vt 0.796875 0.593750
vt 0.796875 0.156250
vt 0.796875 0.562500
vt 0.804688 1.000000
vt 0.796875 0.968750
vt 0.796875 0.125000
vt 0.796875 0.531250
vt 0.796875 0.937500
vt 0.796875 0.093750
vt 0.796875 0.500000
vt 0.796875 0.906250
vt 0.796875 0.062500
vt 0.796875 0.468750
vt 0.796875 0.875000
vt 0.781250 0.375000
vt 0.781250 0.343750
vt 0.781250 0.781250
vt 0.781250 0.750000
vt 0.781250 0.312500
vt 0.781250 0.718750
vt 0.781250 0.281250
vt 0.781250 0.687500
vt 0.781250 0.250000
vt 0.781250 0.656250
vt 0.781250 0.218750
vt 0.781250 0.625000
vt 0.781250 0.187500
vt 0.781250 0.593750
vt 0.781250 0.156250
vt 0.781250 0.562500
vt 0.789062 1.000000
vt 0.781250 0.968750
vt 0.781250 0.125000
vt 0.781250 0.531250
vt 0.781250 0.937500
vt 0.781250 0.093750
vt 0.781250 0.500000
vt 0.781250 0.906250
vt 0.781250 0.062500
vt 0.781250 0.468750
vt 0.781250 0.875000
vt 0.781250 0.031250
vt 0.781250 0.437500
vt 0.781250 0.843750
vt 0.789062 0.000000
vt 0.781250 0.406250
vt 0.781250 0.812500
vt 0.765625 0.312500
vt 0.765625 0.281250
vt 0.765625 0.718750
vt 0.765625 0.687500
vt 0.765625 0.250000
vt 0.765625 0.656250
vt 0.765625 0.218750
vt 0.765625 0.625000
vt 0.765625 0.187500
vt 0.765625 0.593750
vt 0.765625 0.156250
vt 0.765625 0.562500
vt 0.773437 1.000000
vt 0.765625 0.968750
vt 0.765625 0.125000
vt 0.765625 0.531250
vt 0.765625 0.937500
vt 0.765625 0.093750
vt 0.765625 0.500000
vt 0.765625 0.906250
vt 0.765625 0.062500
vt 0.765625 0.468750
vt 0.765625 0.875000
vt 0.765625 0.031250
vt 0.765625 0.437500
vt 0.765625 0.843750
vt 0.773437 0.000000
vt 0.765625 0.406250
vt 0.765625 0.812500
vt 0.765625 0.375000
vt 0.765625 0.781250
vt 0.765625 0.343750
vt 0.765625 0.750000
vt 0.757812 1.000000
vt 0.757812 0.000000
s 1
usemtl Smiley_Yellow
f 1985/1/1985 1984/2/1984 43/3/43 44/4/44
f 7/5/7 6/6/6 30/7/30 31/8/31
f 1986/9/1986 1985/1/1985 44/4/44 45/10/45
f 8/11/8 7/5/7 31/8/31 32/12/32
f 14/13/14 1986/9/1986 45/10/45 46/14/46
f 1979/15/1979 8/11/8 32/12/32 33/16/33
f 2/17/2 1/18/1 20/19/20
f 15/20/15 14/13/14 46/14/46 47/21/47
f 9/22/9 1979/15/1979 33/16/33 34/23/34
f 3/24/3 2/17/2 20/19/20 21/25/21
f 16/26/16 15/20/15 47/21/47 48/27/48
f 10/28/10 9/22/9 34/23/34 35/29/35
f 4/30/4 3/24/3 21/25/21 22/31/22
f 17/32/17 16/26/16 48/27/48 49/33/49
f 11/34/11 10/28/10 35/29/35 36/35/36
f 1973/36/1973 4/30/4 22/31/22 23/37/23
f 18/38/18 17/32/17 49/33/49 50/39/50
f 1980/40/1980 11/34/11 36/35/36 37/41/37
f 5/42/5 1973/36/1973 23/37/23 24/43/24
f 19/44/19 18/38/18 50/39/50
f 12/45/12 1980/40/1980 37/41/37 38/46/38
f 1974/47/1974 5/42/5 24/43/24 25/48/25
f 1981/49/1981 12/45/12 38/46/38 39/50/39
f 1975/51/1975 1974/47/1974 25/48/25 26/52/26
f 13/53/13 1981/49/1981 39/50/39 40/54/40
f 1976/55/1976 1975/51/1975 26/52/26 27/56/27
f 1982/57/1982 13/53/13 40/54/40 41/58/41
f 1977/59/1977 1976/55/1976 27/56/27 28/60/28
f 1983/61/1983 1982/57/1982 41/58/41 42/62/42
f 1978/63/1978 1977/59/1977 28/60/28 29/64/29
f 1984/2/1984 1983/61/1983 42/62/42 43/3/43
f 6/6/6 1978/63/1978 29/64/29 30/7/30
f 39/50/39 38/46/38 69/65/69 70/66/70
f 26/52/26 25/48/25 56/67/56 57/68/57
f 40/54/40 39/50/39 70/66/70 71/69/71
f 27/56/27 26/52/26 57/68/57 58/70/58
f 41/58/41 40/54/40 71/69/71 72/71/72
f 28/60/28 27/56/27 58/70/58 59/72/59
f 42/62/42 41/58/41 72/71/72 73/73/73
f 29/64/29 28/60/28 59/72/59 60/74/60
f 43/3/43 42/62/42 73/73/73 74/75/74
f 30/7/30 29/64/29 60/74/60 61/76/61
f 44/4/44 43/3/43 74/75/74 75/77/75
f 31/8/31 30/7/30 61/76/61 62/78/62
f 45/10/45 44/4/44 75/77/75 76/79/76
f 32/12/32 31/8/31 62/78/62 63/80/63
f 46/14/46 45/10/45 76/79/76 77/81/77
f 33/16/33 32/12/32 63/80/63 64/82/64
f 20/19/20 1/83/1 51/84/51
f 47/21/47 46/14/46 77/81/77 78/85/78
f 34/23/34 33/16/33 64/82/64 65/86/65
f 21/25/21 20/19/20 51/84/51 52/87/52
f 48/27/48 47/21/47 78/85/78 79/88/79
f 35/29/35 34/23/34 65/86/65 66/89/66
f 22/31/22 21/25/21 52/87/52 53/90/53
f 49/33/49 48/27/48 79/88/79 80/91/80
f 36/35/36 35/29/35 66/89/66 67/92/67
f 23/37/23 22/31/22 53/90/53 54/93/54
f 50/39/50 49/33/49 80/91/80 81/94/81
f 37/41/37 36/35/36 67/92/67 68/95/68
f 24/43/24 23/37/23 54/93/54 55/96/55
f 19/97/19 50/39/50 81/94/81
f 38/46/38 37/41/37 68/95/68 69/65/69
f 25/48/25 24/43/24 55/96/55 56/67/56
f 72/71/72 71/69/71 102/98/102 103/99/103
f 59/72/59 58/70/58 89/100/89 90/101/90
f 73/73/73 72/71/72 103/99/103 104/102/104
f 60/74/60 59/72/59 90/101/90 91/103/91
f 74/75/74 73/73/73 104/102/104 105/104/105
f 61/76/61 60/74/60 91/103/91 92/105/92
f 75/77/75 74/75/74 105/104/105 106/106/106
f 62/78/62 61/76/61 92/105/92 93/107/93
f 76/79/76 75/77/75 106/106/106 107/108/107
f 63/80/63 62/78/62 93/107/93 94/109/94
f 77/81/77 76/79/76 107/108/107 108/110/108
f 64/82/64 63/80/63 94/109/94 95/111/95
f 51/84/51 1/112/1 82/113/82
f 78/85/78 77/81/77 108/110/108 109/114/109
f 65/86/65 64/82/64 95/111/95 96/115/96
f 52/87/52 51/84/51 82/113/82 83/116/83
f 79/88/79 78/85/78 109/114/109 110/117/110
f 66/89/66 65/86/65 96/115/96 97/118/97
f 53/90/53 52/87/52 83/116/83 84/119/84
f 80/91/80 79/88/79 110/117/110 111/120/111
f 67/92/67 66/89/66 97/118/97 98/121/98
f 54/93/54 53/90/53 84/119/84 85/122/85
f 81/94/81 80/91/80 111/120/111 112/123/112
f 68/95/68 67/92/67 98/121/98 99/124/99
f 55/96/55 54/93/54 85/122/85 86/125/86
f 19/126/19 81/94/81 112/123/112
f 69/65/69 68/95/68 99/124/99 100/127/100
f 56/67/56 55/96/55 86/125/86 87/128/87
f 70/66/70 69/65/69 100/127/100 101/129/101
f 57/68/57 56/67/56 87/128/87 88/130/88
f 71/69/71 70/66/70 101/129/101 102/98/102
f 58/70/58 57/68/57 88/130/88 89/100/89
f 105/104/105 104/102/104 135/131/135 136/132/136
f 92/105/92 91/103/91 122/133/122 123/134/123
f 106/106/106 105/104/105 136/132/136 137/135/137
f 93/107/93 92/105/92 123/134/123 124/136/124
f 107/108/107 106/106/106 137/135/137 138/137/138
f 94/109/94 93/107/93 124/136/124 125/138/125
f 108/110/108 107/108/107 138/137/138 139/139/139
f 95/111/95 94/109/94 125/138/125 126/140/126
f 82/113/82 1/141/1 113/142/113
f 109/114/109 108/110/108 139/139/139 140/143/140
f 96/115/96 95/111/95 126/140/126 127/144/127
f 83/116/83 82/113/82 113/142/113 114/145/114
f 110/117/110 109/114/109 140/143/140 141/146/141
f 97/118/97 96/115/96 127/144/127 128/147/128
f 84/119/84 83/116/83 114/145/114 115/148/115
f 111/120/111 110/117/110 141/146/141 142/149/142
f 98/121/98 97/118/97 128/147/128 129/150/129
f 85/122/85 84/119/84 115/148/115 116/151/116
f 112/123/112 111/120/111 142/149/142 143/152/143
f 99/124/99 98/121/98 129/150/129 130/153/130
f 86/125/86 85/122/85 116/151/116 117/154/117
f 19/155/19 112/123/112 143/152/143
f 100/127/100 99/124/99 130/153/130 131/156/131
f 87/128/87 86/125/86 117/154/117 118/157/118
f 101/129/101 100/127/100 131/156/131 132/158/132
f 88/130/88 87/128/87 118/157/118 119/159/119
f 102/98/102 101/129/101 132/158/132 133/160/133
f 89/100/89 88/130/88 119/159/119 120/161/120
f 103/99/103 102/98/102 133/160/133 134/162/134
f 90/101/90 89/100/89 120/161/120 121/163/121
f 104/102/104 103/99/103 134/162/134 135/131/135
f 91/103/91 90/101/90 121/163/121 122/133/122
f 138/137/138 137/135/137 168/164/168 169/165/169
f 125/138/125 124/136/124 155/166/155 156/167/156
f 139/139/139 138/137/138 169/165/169 170/168/170
f 126/140/126 125/138/125 156/167/156 157/169/157
f 113/142/113 1/170/1 144/171/144
f 140/143/140 139/139/139 170/168/170 171/172/171
f 127/144/127 126/140/126 157/169/157 158/173/158
f 114/145/114 113/142/113 144/171/144 145/174/145
f 141/146/141 140/143/140 171/172/171 172/175/172
f 128/147/128 127/144/127 158/173/158 159/176/159
f 115/148/115 114/145/114 145/174/145 146/177/146
f 142/149/142 141/146/141 172/175/172 173/178/173
f 129/150/129 128/147/128 159/176/159 160/179/160
f 116/151/116 115/148/115 146/177/146 147/180/147
f 143/152/143 142/149/142 173/178/173 174/181/174
f 130/153/130 129/150/129 160/179/160 161/182/161
f 117/154/117 116/151/116 147/180/147 148/183/148
f 19/184/19 143/152/143 174/181/174
f 131/156/131 130/153/130 161/182/161 162/185/162
f 118/157/118 117/154/117 148/183/148 149/186/149
f 132/158/132 131/156/131 162/185/162 163/187/163
f 119/159/119 118/157/118 149/186/149 150/188/150
f 133/160/133 132/158/132 163/187/163 164/189/164
f 120/161/120 119/159/119 150/188/150 151/190/151
f 134/162/134 133/160/133 164/189/164 165/191/165
f 121/163/121 120/161/120 151/190/151 152/192/152
f 135/131/135 134/162/134 165/191/165 166/193/166
f 122/133/122 121/163/121 152/192/152 153/194/153
f 136/132/136 135/131/135 166/193/166 167/195/167
f 123/134/123 122/133/122 153/194/153 154/196/154
f 137/135/137 136/132/136 167/195/167 168/164/168
f 124/136/124 123/134/123 154/196/154 155/166/155
f 144/171/144 1/197/1 175/198/175
f 171/172/171 170/168/170 201/199/201 202/200/202
f 158/173/158 157/169/157 188/201/188 189/202/189
f 145/174/145 144/171/144 175/198/175 176/203/176
f 172/175/172 171/172/171 202/200/202 203/204/203
f 159/176/159 158/173/158 189/202/189 190/205/190
f 146/177/146 145/174/145 176/203/176 177/206/177
f 173/178/173 172/175/172 203/204/203 204/207/204
f 160/179/160 159/176/159 190/205/190 191/208/191
f 147/180/147 146/177/146 177/206/177 178/209/178
f 174/181/174 173/178/173 204/207/204 205/210/205
f 161/182/161 160/179/160 191/208/191 192/211/192
f 148/183/148 147/180/147 178/209/178 179/212/179
f 19/213/19 174/181/174 205/210/205
f 162/185/162 161/182/161 192/211/192 193/214/193
f 149/186/149 148/183/148 179/212/179 180/215/180
f 163/187/163 162/185/162 193/214/193 194/216/194
f 150/188/150 149/186/149 180/215/180 181/217/181
f 164/189/164 163/187/163 194/216/194 195/218/195
f 151/190/151 150/188/150 181/217/181 182/219/182
f 165/191/165 164/189/164 195/218/195 196/220/196
f 152/192/152 151/190/151 182/219/182 183/221/183
f 166/193/166 165/191/165 196/220/196 197/222/197
f 153/194/153 152/192/152 183/221/183 184/223/184
f 167/195/167 166/193/166 197/222/197 198/224/198
f 154/196/154 153/194/153 184/223/184 185/225/185
f 168/164/168 167/195/167 198/224/198 199/226/199
f 155/166/155 154/196/154 185/225/185 186/227/186
f 169/165/169 168/164/168 199/226/199 200/228/200
f 156/167/156 155/166/155 186/227/186 187/229/187
f 170/168/170 169/165/169 200/228/200 201/199/201
f 157/169/157 156/167/156 187/229/187 188/201/188
f 177/206/177 176/203/176 207/230/207 208/231/208
f 204/207/204 203/204/203 234/232/234 235/233/235
f 191/208/191 190/205/190 221/234/221 222/235/222
f 178/209/178 177/206/177 208/231/208 209/236/209
f 205/210/205 204/207/204 235/233/235 236/237/236
f 192/211/192 191/208/191 222/235/222 223/238/223
f 179/212/179 178/209/178 209/236/209 210/239/210
f 19/240/19 205/210/205 236/237/236
f 193/214/193 192/211/192 223/238/223 224/241/224
f 180/215/180 179/212/179 210/239/210 211/242/211
f 194/216/194 193/214/193 224/241/224 225/243/225
f 181/217/181 180/215/180 211/242/211 212/244/212
f 195/218/195 194/216/194 225/243/225 226/245/226
f 182/219/182 181/217/181 212/244/212 213/246/213
f 196/220/196 195/218/195 226/245/226 227/247/227
f 183/221/183 182/219/182 213/246/213 214/248/214
f 197/222/197 196/220/196 227/247/227 228/249/228
f 184/223/184 183/221/183 214/248/214 215/250/215
f 198/224/198 197/222/197 228/249/228 229/251/229
f 185/225/185 184/223/184 215/250/215 216/252/216
f 199/226/199 198/224/198 229/251/229 230/253/230
f 186/227/186 185/225/185 216/252/216 217/254/217
f 200/228/200 199/226/199 230/253/230 231/255/231
f 187/229/187 186/227/186 217/254/217 218/256/218
f 201/199/201 200/228/200 231/255/231 232/257/232
f 188/201/188 187/229/187 218/256/218 219/258/219
f 175/198/175 1/259/1 206/260/206
f 202/200/202 201/199/201 232/257/232 233/261/233
f 189/202/189 188/201/188 219/258/219 220/262/220
f 176/203/176 175/198/175 206/260/206 207/230/207
f 203/204/203 202/200/202 233/261/233 234/232/234
f 190/205/190 189/202/189 220/262/220 221/234/221
f 210/239/210 209/236/209 240/263/240 241/264/241
f 19/265/19 236/237/236 267/266/267
f 224/241/224 223/238/223 254/267/254 255/268/255
f 211/242/211 210/239/210 241/264/241 242/269/242
f 225/243/225 224/241/224 255/268/255 256/270/256
f 212/244/212 211/242/211 242/269/242 243/271/243
f 226/245/226 225/243/225 256/270/256 257/272/257
f 213/246/213 212/244/212 243/271/243 244/273/244
f 227/247/227 226/245/226 257/272/257 258/274/258
f 214/248/214 213/246/213 244/273/244 245/275/245
f 228/249/228 227/247/227 258/274/258 259/276/259
f 215/250/215 214/248/214 245/275/245 246/277/246
f 229/251/229 228/249/228 259/276/259 260/278/260
f 216/252/216 215/250/215 246/277/246 247/279/247
f 230/253/230 229/251/229 260/278/260 261/280/261
f 217/254/217 216/252/216 247/279/247 248/281/248
f 231/255/231 230/253/230 261/280/261 262/282/262
f 218/256/218 217/254/217 248/281/248 249/283/249
f 232/257/232 231/255/231 262/282/262 263/284/263
f 219/258/219 218/256/218 249/283/249 250/285/250
f 206/260/206 1/286/1 237/287/237
f 233/261/233 232/257/232 263/284/263 264/288/264
f 220/262/220 219/258/219 250/285/250 251/289/251
f 207/230/207 206/260/206 237/287/237 238/290/238
f 234/232/234 233/261/233 264/288/264 265/291/265
f 221/234/221 220/262/220 251/289/251 252/292/252
f 208/231/208 207/230/207 238/290/238 239/293/239
f 235/233/235 234/232/234 265/291/265 266/294/266
f 222/235/222 221/234/221 252/292/252 253/295/253
f 209/236/209 208/231/208 239/293/239 240/263/240
f 236/237/236 235/233/235 266/294/266 267/266/267
f 223/238/223 222/235/222 253/295/253 254/267/254
f 243/271/243 242/269/242 273/296/273 274/297/274
f 257/272/257 256/270/256 287/298/287 288/299/288
f 244/273/244 243/271/243 274/297/274 275/300/275
f 258/274/258 257/272/257 288/299/288 289/301/289
f 245/275/245 244/273/244 275/300/275 276/302/276
f 259/276/259 258/274/258 289/301/289 290/303/290
f 246/277/246 245/275/245 276/302/276 277/304/277
f 260/278/260 259/276/259 290/303/290 291/305/291
f 247/279/247 246/277/246 277/304/277 278/306/278
f 261/280/261 260/278/260 291/305/291 292/307/292
f 248/281/248 247/279/247 278/306/278 279/308/279
f 262/282/262 261/280/261 292/307/292 293/309/293
f 249/283/249 248/281/248 279/308/279 280/310/280
f 263/284/263 262/282/262 293/309/293 294/311/294
f 250/285/250 249/283/249 280/310/280 281/312/281
f 237/287/237 1/313/1 268/314/268
f 264/288/264 263/284/263 294/311/294 295/315/295
f 251/289/251 250/285/250 281/312/281 282/316/282
f 238/290/238 237/287/237 268/314/268 269/317/269
f 265/291/265 264/288/264 295/315/295 296/318/296
f 252/292/252 251/289/251 282/316/282 283/319/283
f 239/293/239 238/290/238 269/317/269 270/320/270
f 266/294/266 265/291/265 296/318/296 297/321/297
f 253/295/253 252/292/252 283/319/283 284/322/284
f 240/263/240 239/293/239 270/320/270 271/323/271
f 267/266/267 266/294/266 297/321/297 298/324/298
f 254/267/254 253/295/253 284/322/284 285/325/285
f 241/264/241 240/263/240 271/323/271 272/326/272
f 19/327/19 267/266/267 298/324/298
f 255/268/255 254/267/254 285/325/285 286/328/286
f 242/269/242 241/264/241 272/326/272 273/296/273
f 256/270/256 255/268/255 286/328/286 287/298/287
f 276/302/276 275/300/275 306/329/306 307/330/307
f 290/303/290 289/301/289 320/331/320 321/332/321
f 277/304/277 276/302/276 307/330/307 308/333/308
f 291/305/291 290/303/290 321/332/321 322/334/322
f 278/306/278 277/304/277 308/333/308 309/335/309
f 292/307/292 291/305/291 322/334/322 323/336/323
f 279/308/279 278/306/278 309/335/309 310/337/310
f 293/309/293 292/307/292 323/336/323 324/338/324
f 280/310/280 279/308/279 310/337/310 311/339/311
f 294/311/294 293/309/293 324/338/324 325/340/325
f 281/312/281 280/310/280 311/339/311 312/341/312
f 268/314/268 1/342/1 299/343/299
f 295/315/295 294/311/294 325/340/325 326/344/326
f 282/316/282 281/312/281 312/341/312 313/345/313
f 269/317/269 268/314/268 299/343/299 300/346/300
f 296/318/296 295/315/295 326/344/326 327/347/327
f 283/319/283 282/316/282 313/345/313 314/348/314
f 270/320/270 269/317/269 300/346/300 301/349/301
f 297/321/297 296/318/296 327/347/327 328/350/328
f 284/322/284 283/319/283 314/348/314 315/351/315
f 271/323/271 270/320/270 301/349/301 302/352/302
f 298/324/298 297/321/297 328/350/328 329/353/329
f 285/325/285 284/322/284 315/351/315 316/354/316
f 272/326/272 271/323/271 302/352/302 303/355/303
f 19/356/19 298/324/298 329/353/329
f 286/328/286 285/325/285 316/354/316 317/357/317
f 273/296/273 272/326/272 303/355/303 304/358/304
f 287/298/287 286/328/286 317/357/317 318/359/318
f 274/297/274 273/296/273 304/358/304 305/360/305
f 288/299/288 287/298/287 318/359/318 319/361/319
f 275/300/275 274/297/274 305/360/305 306/329/306
f 289/301/289 288/299/288 319/361/319 320/331/320
f 309/335/309 308/333/308 339/362/339 340/363/340
f 323/336/323 322/334/322 353/364/353 354/365/354
f 310/337/310 309/335/309 340/363/340 341/366/341
f 324/338/324 323/336/323 354/365/354 355/367/355
f 311/339/311 310/337/310 341/366/341 342/368/342
f 325/340/325 324/338/324 355/367/355 356/369/356
f 312/341/312 311/339/311 342/368/342 343/370/343
f 299/343/299 1/371/1 330/372/330
f 326/344/326 325/340/325 356/369/356 357/373/357
f 313/345/313 312/341/312 343/370/343 344/374/344
f 300/346/300 299/343/299 330/372/330 331/375/331
f 327/347/327 326/344/326 357/373/357 358/376/358
f 314/348/314 313/345/313 344/374/344 345/377/345
f 301/349/301 300/346/300 331/375/331 332/378/332
f 328/350/328 327/347/327 358/376/358 359/379/359
f 315/351/315 314/348/314 345/377/345 346/380/346
f 302/352/302 301/349/301 332/378/332 333/381/333
f 329/353/329 328/350/328 359/379/359 360/382/360
f 316/354/316 315/351/315 346/380/346 347/383/347
f 303/355/303 302/352/302 333/381/333 334/384/334
f 19/385/19 329/353/329 360/382/360
f 317/357/317 316/354/316 347/383/347 348/386/348
f 304/358/304 303/355/303 334/384/334 335/387/335
f 318/359/318 317/357/317 348/386/348 349/388/349
f 305/360/305 304/358/304 335/387/335 336/389/336
f 319/361/319 318/359/318 349/388/349 350/390/350
f 306/329/306 305/360/305 336/389/336 337/391/337
f 320/331/320 319/361/319 350/390/350 351/392/351
f 307/330/307 306/329/306 337/391/337 338/393/338
f 321/332/321 320/331/320 351/392/351 352/394/352
f 308/333/308 307/330/307 338/393/338 339/362/339
f 322/334/322 321/332/321 352/394/352 353/364/353
f 342/368/342 341/366/341 372/395/372 373/396/373
f 356/369/356 355/367/355 386/397/386 387/398/387
f 343/370/343 342/368/342 373/396/373 374/399/374
f 330/372/330 1/400/1 361/401/361
f 357/373/357 356/369/356 387/398/387 388/402/388
f 344/374/344 343/370/343 374/399/374 375/403/375
f 331/375/331 330/372/330 361/401/361 362/404/362
f 358/376/358 357/373/357 388/402/388 389/405/389
f 345/377/345 344/374/344 375/403/375 376/406/376
f 332/378/332 331/375/331 362/404/362 363/407/363
f 359/379/359 358/376/358 389/405/389 390/408/390
f 346/380/346 345/377/345 376/406/376 377/409/377
f 333/381/333 332/378/332 363/407/363 364/410/364
f 360/382/360 359/379/359 390/408/390 391/411/391
f 347/383/347 346/380/346 377/409/377 378/412/378
f 334/384/334 333/381/333 364/410/364 365/413/365
f 19/414/19 360/382/360 391/411/391
f 348/386/348 347/383/347 378/412/378 379/415/379
f 335/387/335 334/384/334 365/413/365 366/416/366
f 349/388/349 348/386/348 379/415/379 380/417/380
f 336/389/336 335/387/335 366/416/366 367/418/367
f 350/390/350 349/388/349 380/417/380 381/419/381
f 337/391/337 336/389/336 367/418/367 368/420/368
f 351/392/351 350/390/350 381/419/381 382/421/382
f 338/393/338 337/391/337 368/420/368 369/422/369
f 352/394/352 351/392/351 382/421/382 383/423/383
f 339/362/339 338/393/338 369/422/369 370/424/370
f 353/364/353 352/394/352 383/423/383 384/425/384
f 340/363/340 339/362/339 370/424/370 371/426/371
f 354/365/354 353/364/353 384/425/384 385/427/385
f 341/366/341 340/363/340 371/426/371 372/395/372
f 355/367/355 354/365/354 385/427/385 386/397/386
f 375/403/375 374/399/374 405/428/405 406/429/406
f 362/404/362 361/401/361 392/430/392 393/431/393
f 389/405/389 388/402/388 419/432/419 420/433/420
f 376/406/376 375/403/375 406/429/406 407/434/407
f 363/407/363 362/404/362 393/431/393 394/435/394
f 390/408/390 389/405/389 420/433/420 421/436/421
f 377/409/377 376/406/376 407/434/407 408/437/408
f 364/410/364 363/407/363 394/435/394 395/438/395
f 391/411/391 390/408/390 421/436/421 422/439/422
f 378/412/378 377/409/377 408/437/408 409/440/409
f 365/413/365 364/410/364 395/438/395 396/441/396
f 19/442/19 391/411/391 422/439/422
f 379/415/379 378/412/378 409/440/409 410/443/410
f 366/416/366 365/413/365 396/441/396 397/444/397
f 380/417/380 379/415/379 410/443/410 411/445/411
f 367/418/367 366/416/366 397/444/397 398/446/398
f 381/419/381 380/417/380 411/445/411 412/447/412
f 368/420/368 367/418/367 398/446/398 399/448/399
f 382/421/382 381/419/381 412/447/412 413/449/413
f 369/422/369 368/420/368 399/448/399 400/450/400
f 383/423/383 382/421/382 413/449/413 414/451/414
f 370/424/370 369/422/369 400/450/400 401/452/401
f 384/425/384 383/423/383 414/451/414 415/453/415
f 371/426/371 370/424/370 401/452/401 402/454/402
f 385/427/385 384/425/384 415/453/415 416/455/416
f 372/395/372 371/426/371 402/454/402 403/456/403
f 386/397/386 385/427/385 416/455/416 417/457/417
f 373/396/373 372/395/372 403/456/403 404/458/404
f 387/398/387 386/397/386 417/457/417 418/459/418
f 374/399/374 373/396/373 404/458/404 405/428/405
f 361/401/361 1/460/1 392/430/392
f 388/402/388 387/398/387 418/459/418 419/432/419
f 408/437/408 407/434/407 438/461/438 439/462/439
f 395/438/395 394/435/394 425/463/425 426/464/426
f 422/439/422 421/436/421 452/465/452 453/466/453
f 409/440/409 408/437/408 439/462/439 440/467/440
f 396/441/396 395/438/395 426/464/426 427/468/427
f 19/469/19 422/439/422 453/466/453
f 410/443/410 409/440/409 440/467/440 441/470/441
f 397/444/397 396/441/396 427/468/427 428/471/428
f 411/445/411 410/443/410 441/470/441 442/472/442
f 398/446/398 397/444/397 428/471/428 429/473/429
f 412/447/412 411/445/411 442/472/442 443/474/443
f 399/448/399 398/446/398 429/473/429 430/475/430
f 413/449/413 412/447/412 443/474/443 444/476/444
f 400/450/400 399/448/399 430/475/430 431/477/431
f 414/451/414 413/449/413 444/476/444 445/478/445
f 401/452/401 400/450/400 431/477/431 432/479/432
f 415/453/415 414/451/414 445/478/445 446/480/446
f 402/454/402 401/452/401 432/479/432 433/481/433
f 416/455/416 415/453/415 446/480/446 447/482/447
f 403/456/403 402/454/402 433/481/433 434/483/434
f 417/457/417 416/455/416 447/482/447 448/484/448
f 404/458/404 403/456/403 434/483/434 435/485/435
f 418/459/418 417/457/417 448/484/448 449/486/449
f 405/428/405 404/458/404 435/485/435 436/487/436
f 392/430/392 1/488/1 423/489/423
f 419/432/419 418/459/418 449/486/449 450/490/450
f 406/429/406 405/428/405 436/487/436 437/491/437
f 393/431/393 392/430/392 423/489/423 424/492/424
f 420/433/420 419/432/419 450/490/450 451/493/451
f 407/434/407 406/429/406 437/491/437 438/461/438
f 394/435/394 393/431/393 424/492/424 425/463/425
f 421/436/421 420/433/420 451/493/451 452/465/452
f 441/470/441 440/467/440 471/494/471 472/495/472
f 428/471/428 427/468/427 458/496/458 459/497/459
f 442/472/442 441/470/441 472/495/472 473/498/473
f 429/473/429 428/471/428 459/497/459 460/499/460
f 443/474/443 442/472/442 473/498/473 474/500/474
f 430/475/430 429/473/429 460/499/460 461/501/461
f 444/476/444 443/474/443 474/500/474 475/502/475
f 431/477/431 430/475/430 461/501/461 462/503/462
f 445/478/445 444/476/444 475/502/475 476/504/476
f 432/479/432 431/477/431 462/503/462 463/505/463
f 446/480/446 445/478/445 476/504/476 477/506/477
f 433/481/433 432/479/432 463/505/463 464/507/464
f 447/482/447 446/480/446 477/506/477 478/508/478
f 434/483/434 433/481/433 464/507/464 465/509/465
f 448/484/448 447/482/447 478/508/478 479/510/479
f 435/485/435 434/483/434 465/509/465 466/511/466
f 449/486/449 448/484/448 479/510/479 480/512/480
f 436/487/436 435/485/435 466/511/466 467/513/467
f 423/489/423 1/514/1 454/515/454
f 450/490/450 449/486/449 480/512/480 481/516/481
f 437/491/437 436/487/436 467/513/467 468/517/468
f 424/492/424 423/489/423 454/515/454 455/518/455
f 451/493/451 450/490/450 481/516/481 482/519/482
f 438/461/438 437/491/437 468/517/468 469/520/469
f 425/463/425 424/492/424 455/518/455 456/521/456
f 452/465/452 451/493/451 482/519/482 483/522/483
f 439/462/439 438/461/438 469/520/469 470/523/470
f 426/464/426 425/463/425 456/521/456 457/524/457
f 453/466/453 452/465/452 483/522/483 484/525/484
f 440/467/440 439/462/439 470/523/470 471/494/471
f 427/468/427 426/464/426 457/524/457 458/496/458
f 19/526/19 453/466/453 484/525/484
f 474/500/474 473/498/473 504/527/504 505/528/505
f 461/501/461 460/499/460 491/529/491 492/530/492
f 475/502/475 474/500/474 505/528/505 506/531/506
f 462/503/462 461/501/461 492/530/492 493/532/493
f 476/504/476 475/502/475 506/531/506 507/533/507
f 463/505/463 462/503/462 493/532/493 494/534/494
f 477/506/477 476/504/476 507/533/507 508/535/508
f 464/507/464 463/505/463 494/534/494 495/536/495
f 478/508/478 477/506/477 508/535/508 509/537/509
f 465/509/465 464/507/464 495/536/495 496/538/496
f 479/510/479 478/508/478 509/537/509 510/539/510
f 466/511/466 465/509/465 496/538/496 497/540/497
f 480/512/480 479/510/479 510/539/510 511/541/511
f 467/513/467 466/511/466 497/540/497 498/542/498
f 454/515/454 1/543/1 485/544/485
f 481/516/481 480/512/480 511/541/511 512/545/512
f 468/517/468 467/513/467 498/542/498 499/546/499
f 455/518/455 454/515/454 485/544/485 486/547/486
f 482/519/482 481/516/481 512/545/512 513/548/513
f 469/520/469 468/517/468 499/546/499 500/549/500
f 456/521/456 455/518/455 486/547/486 487/550/487
f 483/522/483 482/519/482 513/548/513 514/551/514
f 470/523/470 469/520/469 500/549/500 501/552/501
f 457/524/457 456/521/456 487/550/487 488/553/488
f 484/525/484 483/522/483 514/551/514 515/554/515
f 471/494/471 470/523/470 501/552/501 502/555/502
f 458/496/458 457/524/457 488/553/488 489/556/489
f 19/557/19 484/525/484 515/554/515
f 472/495/472 471/494/471 502/555/502 503/558/503
f 459/497/459 458/496/458 489/556/489 490/559/490
f 473/498/473 472/495/472 503/558/503 504/527/504
f 460/499/460 459/497/459 490/559/490 491/529/491
f 507/533/507 506/531/506 537/560/537 538/561/538
f 494/534/494 493/532/493 524/562/524 525/563/525
f 508/535/508 507/533/507 538/561/538 539/564/539
f 495/536/495 494/534/494 525/563/525 526/565/526
f 509/537/509 508/535/508 539/564/539 540/566/540
f 496/538/496 495/536/495 526/565/526 527/567/527
f 510/539/510 509/537/509 540/566/540 541/568/541
f 497/540/497 496/538/496 527/567/527 528/569/528
f 511/541/511 510/539/510 541/568/541 542/570/542
f 498/542/498 497/540/497 528/569/528 529/571/529
f 485/544/485 1/572/1 516/573/516
f 512/545/512 511/541/511 542/570/542 543/574/543
f 499/546/499 498/542/498 529/571/529 530/575/530
f 486/547/486 485/544/485 516/573/516 517/576/517
f 513/548/513 512/545/512 543/574/543 544/577/544
f 500/549/500 499/546/499 530/575/530 531/578/531
f 487/550/487 486/547/486 517/576/517 518/579/518
f 514/551/514 513/548/513 544/577/544 545/580/545
f 501/552/501 500/549/500 531/578/531 532/581/532
f 488/553/488 487/550/487 518/579/518 519/582/519
f 515/554/515 514/551/514 545/580/545 546/583/546
f 502/555/502 501/552/501 532/581/532 533/584/533
f 489/556/489 488/553/488 519/582/519 520/585/520
f 19/586/19 515/554/515 546/583/546
f 503/558/503 502/555/502 533/584/533 534/587/534
f 490/559/490 489/556/489 520/585/520 521/588/521
f 504/527/504 503/558/503 534/587/534 535/589/535
f 491/529/491 490/559/490 521/588/521 522/590/522
f 505/528/505 504/527/504 535/589/535 536/591/536
f 492/530/492 491/529/491 522/590/522 523/592/523
f 506/531/506 505/528/505 536/591/536 537/560/537
f 493/532/493 492/530/492 523/592/523 524/562/524
f 540/566/540 539/564/539 570/593/570 571/594/571
f 527/567/527 526/565/526 557/595/557 558/596/558
f 541/568/541 540/566/540 571/594/571 572/597/572
f 528/569/528 527/567/527 558/596/558 559/598/559
f 542/570/542 541/568/541 572/597/572 573/599/573
f 529/571/529 528/569/528 559/598/559 560/600/560
f 516/573/516 1/601/1 547/602/547
f 543/574/543 542/570/542 573/599/573 574/603/574
f 530/575/530 529/571/529 560/600/560 561/604/561
f 517/576/517 516/573/516 547/602/547 548/605/548
f 544/577/544 543/574/543 574/603/574 575/606/575
f 531/578/531 530/575/530 561/604/561 562/607/562
f 518/579/518 517/576/517 548/605/548 549/608/549
f 545/580/545 544/577/544 575/606/575 576/609/576
f 532/581/532 531/578/531 562/607/562 563/610/563
f 519/582/519 518/579/518 549/608/549 550/611/550
f 546/583/546 545/580/545 576/609/576 577/612/577
f 533/584/533 532/581/532 563/610/563 564/613/564
f 520/585/520 519/582/519 550/611/550 551/614/551
f 19/615/19 546/583/546 577/612/577
f 534/587/534 533/584/533 564/613/564 565/616/565
f 521/588/521 520/585/520 551/614/551 552/617/552
f 535/589/535 534/587/534 565/616/565 566/618/566
f 522/590/522 521/588/521 552/617/552 553/619/553
f 536/591/536 535/589/535 566/618/566 567/620/567
f 523/592/523 522/590/522 553/619/553 554/621/554
f 537/560/537 536/591/536 567/620/567 568/622/568
f 524/562/524 523/592/523 554/621/554 555/623/555
f 538/561/538 537/560/537 568/622/568 569/624/569
f 525/563/525 524/562/524 555/623/555 556/625/556
f 539/564/539 538/561/538 569/624/569 570/593/570
f 526/565/526 525/563/525 556/625/556 557/595/557
f 573/599/573 572/597/572 603/626/603 604/627/604
f 560/600/560 559/598/559 590/628/590 591/629/591
f 547/602/547 1/630/1 578/631/578
f 574/603/574 573/599/573 604/627/604 605/632/605
f 561/604/561 560/600/560 591/629/591 592/633/592
f 548/605/548 547/602/547 578/631/578 579/634/579
f 575/606/575 574/603/574 605/632/605 606/635/606
f 562/607/562 561/604/561 592/633/592 593/636/593
f 549/608/549 548/605/548 579/634/579 580/637/580
f 576/609/576 575/606/575 606/635/606 607/638/607
f 563/610/563 562/607/562 593/636/593 594/639/594
f 550/611/550 549/608/549 580/637/580 581/640/581
f 577/612/577 576/609/576 607/638/607 608/641/608
f 564/613/564 563/610/563 594/639/594 595/642/595
f 551/614/551 550/611/550 581/640/581 582/643/582
f 19/644/19 577/612/577 608/641/608
f 565/616/565 564/613/564 595/642/595 596/645/596
f 552/617/552 551/614/551 582/643/582 583/646/583
f 566/618/566 565/616/565 596/645/596 597/647/597
f 553/619/553 552/617/552 583/646/583 584/648/584
f 567/620/567 566/618/566 597/647/597 598/649/598
f 554/621/554 553/619/553 584/648/584 585/650/585
f 568/622/568 567/620/567 598/649/598 599/651/599
f 555/623/555 554/621/554 585/650/585 586/652/586
f 569/624/569 568/622/568 599/651/599 600/653/600
f 556/625/556 555/623/555 586/652/586 587/654/587
f 570/593/570 569/624/569 600/653/600 601/655/601
f 557/595/557 556/625/556 587/654/587 588/656/588
f 571/594/571 570/593/570 601/655/601 602/657/602
f 558/596/558 557/595/557 588/656/588 589/658/589
f 572/597/572 571/594/571 602/657/602 603/626/603
f 559/598/559 558/596/558 589/658/589 590/628/590
f 606/635/606 605/632/605 636/659/636 637/660/637
f 593/636/593 592/633/592 623/661/623 624/662/624
f 580/637/580 579/634/579 610/663/610 611/664/611
f 607/638/607 606/635/606 637/660/637 638/665/638
f 594/639/594 593/636/593 624/662/624 625/666/625
f 581/640/581 580/637/580 611/664/611 612/667/612
f 608/641/608 607/638/607 638/665/638 639/668/639
f 595/642/595 594/639/594 625/666/625 626/669/626
f 582/643/582 581/640/581 612/667/612 613/670/613
f 19/671/19 608/641/608 639/668/639
f 596/645/596 595/642/595 626/669/626 627/672/627
f 583/646/583 582/643/582 613/670/613 614/673/614
f 597/647/597 596/645/596 627/672/627 628/674/628
f 584/648/584 583/646/583 614/673/614 615/675/615
f 598/649/598 597/647/597 628/674/628 629/676/629
f 585/650/585 584/648/584 615/675/615 616/677/616
f 599/651/599 598/649/598 629/676/629 630/678/630
f 586/652/586 585/650/585 616/677/616 617/679/617
f 600/653/600 599/651/599 630/678/630 631/680/631
f 587/654/587 586/652/586 617/679/617 618/681/618
f 601/655/601 600/653/600 631/680/631 632/682/632
f 588/656/588 587/654/587 618/681/618 619/683/619
f 602/657/602 601/655/601 632/682/632 633/684/633
f 589/658/589 588/656/588 619/683/619 620/685/620
f 603/626/603 602/657/602 633/684/633 634/686/634
f 590/628/590 589/658/589 620/685/620 621/687/621
f 604/627/604 603/626/603 634/686/634 635/688/635
f 591/629/591 590/628/590 621/687/621 622/689/622
f 578/631/578 1/690/1 609/691/609
f 605/632/605 604/627/604 635/688/635 636/659/636
f 592/633/592 591/629/591 622/689/622 623/661/623
f 579/634/579 578/631/578 609/691/609 610/663/610
f 639/668/639 638/665/638 669/692/669 670/693/670
f 626/669/626 625/666/625 656/694/656 657/695/657
f 613/670/613 612/667/612 643/696/643 644/697/644
f 19/698/19 639/668/639 670/693/670
f 627/672/627 626/669/626 657/695/657 658/699/658
f 614/673/614 613/670/613 644/697/644 645/700/645
f 628/674/628 627/672/627 658/699/658 659/701/659
f 615/675/615 614/673/614 645/700/645 646/702/646
f 629/676/629 628/674/628 659/701/659 660/703/660
f 616/677/616 615/675/615 646/702/646 647/704/647
f 630/678/630 629/676/629 660/703/660 661/705/661
f 617/679/617 616/677/616 647/704/647 648/706/648
f 631/680/631 630/678/630 661/705/661 662/707/662
f 618/681/618 617/679/617 648/706/648 649/708/649
f 632/682/632 631/680/631 662/707/662 663/709/663
f 619/683/619 618/681/618 649/708/649 650/710/650
f 633/684/633 632/682/632 663/709/663 664/711/664
f 620/685/620 619/683/619 650/710/650 651/712/651
f 634/686/634 633/684/633 664/711/664 665/713/665
f 621/687/621 620/685/620 651/712/651 652/714/652
f 635/688/635 634/686/634 665/713/665 666/715/666
f 622/689/622 621/687/621 652/714/652 653/716/653
f 609/691/609 1/717/1 640/718/640
f 636/659/636 635/688/635 666/715/666 667/719/667
f 623/661/623 622/689/622 653/716/653 654/720/654
f 610/663/610 609/691/609 640/718/640 641/721/641
f 637/660/637 636/659/636 667/719/667 668/722/668
f 624/662/624 623/661/623 654/720/654 655/723/655
f 611/664/611 610/663/610 641/721/641 642/724/642
f 638/665/638 637/660/637 668/722/668 669/692/669
f 625/666/625 624/662/624 655/723/655 656/694/656
f 612/667/612 611/664/611 642/724/642 643/696/643
f 659/701/659 658/699/658 689/725/689 690/726/690
f 646/702/646 645/700/645 676/727/676 677/728/677
f 660/703/660 659/701/659 690/726/690 691/729/691
f 647/704/647 646/702/646 677/728/677 678/730/678
f 661/705/661 660/703/660 691/729/691 692/731/692
f 648/706/648 647/704/647 678/730/678 679/732/679
f 662/707/662 661/705/661 692/731/692 693/733/693
f 649/708/649 648/706/648 679/732/679 680/734/680
f 663/709/663 662/707/662 693/733/693 694/735/694
f 650/710/650 649/708/649 680/734/680 681/736/681
f 664/711/664 663/709/663 694/735/694 695/737/695
f 651/712/651 650/710/650 681/736/681 682/738/682
f 665/713/665 664/711/664 695/737/695 696/739/696
f 652/714/652 651/712/651 682/738/682 683/740/683
f 666/715/666 665/713/665 696/739/696 697/741/697
f 653/716/653 652/714/652 683/740/683 684/742/684
f 640/718/640 1/743/1 671/744/671
f 667/719/667 666/715/666 697/741/697 698/745/698
f 654/720/654 653/716/653 684/742/684 685/746/685
f 641/721/641 640/718/640 671/744/671 672/747/672
f 668/722/668 667/719/667 698/745/698 699/748/699
f 655/723/655 654/720/654 685/746/685 686/749/686
f 642/724/642 641/721/641 672/747/672 673/750/673
f 669/692/669 668/722/668 699/748/699 700/751/700
f 656/694/656 655/723/655 686/749/686 687/752/687
f 643/696/643 642/724/642 673/750/673 674/753/674
f 670/693/670 669/692/669 700/751/700 701/754/701
f 657/695/657 656/694/656 687/752/687 688/755/688
f 644/697/644 643/696/643 674/753/674 675/756/675
f 19/757/19 670/693/670 701/754/701
f 658/699/658 657/695/657 688/755/688 689/725/689
f 645/700/645 644/697/644 675/756/675 676/727/676
f 692/731/692 691/729/691 722/758/722 723/759/723
f 679/732/679 678/730/678 709/760/709 710/761/710
f 693/733/693 692/731/692 723/759/723 724/762/724
f 680/734/680 679/732/679 710/761/710 711/763/711
f 694/735/694 693/733/693 724/762/724 725/764/725
f 681/736/681 680/734/680 711/763/711 712/765/712
f 695/737/695 694/735/694 725/764/725 726/766/726
f 682/738/682 681/736/681 712/765/712 713/767/713
f 696/739/696 695/737/695 726/766/726 727/768/727
f 683/740/683 682/738/682 713/767/713 714/769/714
f 697/741/697 696/739/696 727/768/727 728/770/728
f 684/742/684 683/740/683 714/769/714 715/771/715
f 671/744/671 1/772/1 702/773/702
f 698/745/698 697/741/697 728/770/728 729/774/729
f 685/746/685 684/742/684 715/771/715 716/775/716
f 672/747/672 671/744/671 702/773/702 703/776/703
f 699/748/699 698/745/698 729/774/729 730/777/730
f 686/749/686 685/746/685 716/775/716 717/778/717
f 673/750/673 672/747/672 703/776/703 704/779/704
f 700/751/700 699/748/699 730/777/730 731/780/731
f 687/752/687 686/749/686 717/778/717 718/781/718
f 674/753/674 673/750/673 704/779/704 705/782/705
f 701/754/701 700/751/700 731/780/731 732/783/732
f 688/755/688 687/752/687 718/781/718 719/784/719
f 675/756/675 674/753/674 705/782/705 706/785/706
f 19/786/19 701/754/701 732/783/732
f 689/725/689 688/755/688 719/784/719 720/787/720
f 676/727/676 675/756/675 706/785/706 707/788/707
f 690/726/690 689/725/689 720/787/720 721/789/721
f 677/728/677 676/727/676 707/788/707 708/790/708
f 691/729/691 690/726/690 721/789/721 722/758/722
f 678/730/678 677/728/677 708/790/708 709/760/709
f 725/764/725 724/762/724 755/791/755 756/792/756
f 712/765/712 711/763/711 742/793/742 743/794/743
f 726/766/726 725/764/725 756/792/756 757/795/757
f 713/767/713 712/765/712 743/794/743 744/796/744
f 727/768/727 726/766/726 757/795/757 758/797/758
f 714/769/714 713/767/713 744/796/744 745/798/745
f 728/770/728 727/768/727 758/797/758 759/799/759
f 715/771/715 714/769/714 745/798/745 746/800/746
f 702/773/702 1/801/1 733/802/733
f 729/774/729 728/770/728 759/799/759 760/803/760
f 716/775/716 715/771/715 746/800/746 747/804/747
f 703/776/703 702/773/702 733/802/733 734/805/734
f 730/777/730 729/774/729 760/803/760 761/806/761
f 717/778/717 716/775/716 747/804/747 748/807/748
f 704/779/704 703/776/703 734/805/734 735/808/735
f 731/780/731 730/777/730 761/806/761 762/809/762
f 718/781/718 717/778/717 748/807/748 749/810/749
f 705/782/705 704/779/704 735/808/735 736/811/736
f 732/783/732 731/780/731 762/809/762 763/812/763
f 719/784/719 718/781/718 749/810/749 750/813/750
f 706/785/706 705/782/705 736/811/736 737/814/737
f 19/815/19 732/783/732 763/812/763
f 720/787/720 719/784/719 750/813/750 751/816/751
f 707/788/707 706/785/706 737/814/737 738/817/738
f 721/789/721 720/787/720 751/816/751 752/818/752
f 708/790/708 707/788/707 738/817/738 739/819/739
f 722/758/722 721/789/721 752/818/752 753/820/753
f 709/760/709 708/790/708 739/819/739 740/821/740
f 723/759/723 722/758/722 753/820/753 754/822/754
f 710/761/710 709/760/709 740/821/740 741/823/741
f 724/762/724 723/759/723 754/822/754 755/791/755
f 711/763/711 710/761/710 741/823/741 742/793/742
f 758/797/758 757/795/757 788/824/788 789/825/789
f 745/798/745 744/796/744 775/826/775 776/827/776
f 759/799/759 758/797/758 789/825/789 790/828/790
f 746/800/746 745/798/745 776/827/776 777/829/777
f 733/802/733 1/830/1 764/831/764
f 760/803/760 759/799/759 790/828/790 791/832/791
f 747/804/747 746/800/746 777/829/777 778/833/778
f 734/805/734 733/802/733 764/831/764 765/834/765
f 761/806/761 760/803/760 791/832/791 792/835/792
f 748/807/748 747/804/747 778/833/778 779/836/779
f 735/808/735 734/805/734 765/834/765 766/837/766
f 762/809/762 761/806/761 792/835/792 793/838/793
f 749/810/749 748/807/748 779/836/779 780/839/780
f 736/811/736 735/808/735 766/837/766 767/840/767
f 763/812/763 762/809/762 793/838/793 794/841/794
f 750/813/750 749/810/749 780/839/780 781/842/781
f 737/814/737 736/811/736 767/840/767 768/843/768
f 19/844/19 763/812/763 794/841/794
f 751/816/751 750/813/750 781/842/781 782/845/782
f 738/817/738 737/814/737 768/843/768 769/846/769
f 752/818/752 751/816/751 782/845/782 783/847/783
f 739/819/739 738/817/738 769/846/769 770/848/770
f 753/820/753 752/818/752 783/847/783 784/849/784
f 740/821/740 739/819/739 770/848/770 771/850/771
f 754/822/754 753/820/753 784/849/784 785/851/785
f 741/823/741 740/821/740 771/850/771 772/852/772
f 755/791/755 754/822/754 785/851/785 786/853/786
f 742/793/742 741/823/741 772/852/772 773/854/773
f 756/792/756 755/791/755 786/853/786 787/855/787
f 743/794/743 742/793/742 773/854/773 774/856/774
f 757/795/757 756/792/756 787/855/787 788/824/788
f 744/796/744 743/794/743 774/856/774 775/826/775
f 764/831/764 1/857/1 795/858/795
f 791/832/791 790/828/790 821/859/821 822/860/822
f 778/833/778 777/829/777 808/861/808 809/862/809
f 765/834/765 764/831/764 795/858/795 796/863/796
f 792/835/792 791/832/791 822/860/822 823/864/823
f 779/836/779 778/833/778 809/862/809 810/865/810
f 766/837/766 765/834/765 796/863/796 797/866/797
f 793/838/793 792/835/792 823/864/823 824/867/824
f 780/839/780 779/836/779 810/865/810 811/868/811
f 767/840/767 766/837/766 797/866/797 798/869/798
f 794/841/794 793/838/793 824/867/824 825/870/825
f 781/842/781 780/839/780 811/868/811 812/871/812
f 768/843/768 767/840/767 798/869/798 799/872/799
f 19/873/19 794/841/794 825/870/825
f 782/845/782 781/842/781 812/871/812 813/874/813
f 769/846/769 768/843/768 799/872/799 800/875/800
f 783/847/783 782/845/782 813/874/813 814/876/814
f 770/848/770 769/846/769 800/875/800 801/877/801
f 784/849/784 783/847/783 814/876/814 815/878/815
f 771/850/771 770/848/770 801/877/801 802/879/802
f 785/851/785 784/849/784 815/878/815 816/880/816
f 772/852/772 771/850/771 802/879/802 803/881/803
f 786/853/786 785/851/785 816/880/816 817/882/817
f 773/854/773 772/852/772 803/881/803 804/883/804
f 787/855/787 786/853/786 817/882/817 818/884/818
f 774/856/774 773/854/773 804/883/804 805/885/805
f 788/824/788 787/855/787 818/884/818 819/886/819
f 775/826/775 774/856/774 805/885/805 806/887/806
f 789/825/789 788/824/788 819/886/819 820/888/820
f 776/827/776 775/826/775 806/887/806 807/889/807
f 790/828/790 789/825/789 820/888/820 821/859/821
f 777/829/777 776/827/776 807/889/807 808/861/808
f 809/862/809 808/861/808 839/890/839 840/891/840
f 796/863/796 795/858/795 826/892/826 827/893/827
f 823/864/823 822/860/822 853/894/853 854/895/854
f 810/865/810 809/862/809 840/891/840 841/896/841
f 797/866/797 796/863/796 827/893/827 828/897/828
f 824/867/824 823/864/823 854/895/854 855/898/855
f 811/868/811 810/865/810 841/896/841 842/899/842
f 798/869/798 797/866/797 828/897/828 829/900/829
f 825/870/825 824/867/824 855/898/855 856/901/856
f 812/871/812 811/868/811 842/899/842 843/902/843
f 799/872/799 798/869/798 829/900/829 830/903/830
f 19/904/19 825/870/825 856/901/856
f 813/874/813 812/871/812 843/902/843 844/905/844
f 800/875/800 799/872/799 830/903/830 831/906/831
f 814/876/814 813/874/813 844/905/844 845/907/845
f 801/877/801 800/875/800 831/906/831 832/908/832
f 815/878/815 814/876/814 845/907/845 846/909/846
f 802/879/802 801/877/801 832/908/832 833/910/833
f 816/880/816 815/878/815 846/909/846 847/911/847
f 803/881/803 802/879/802 833/910/833 834/912/834
f 817/882/817 816/880/816 847/911/847 848/913/848
f 804/883/804 803/881/803 834/912/834 835/914/835
f 818/884/818 817/882/817 848/913/848 849/915/849
f 805/885/805 804/883/804 835/914/835 836/916/836
f 819/886/819 818/884/818 849/915/849 850/917/850
f 806/887/806 805/885/805 836/916/836 837/918/837
f 820/888/820 819/886/819 850/917/850 851/919/851
f 807/889/807 806/887/806 837/918/837 838/920/838
f 821/859/821 820/888/820 851/919/851 852/921/852
f 808/861/808 807/889/807 838/920/838 839/890/839
f 795/858/795 1/922/1 826/892/826
f 822/860/822 821/859/821 852/921/852 853/894/853
f 842/899/842 841/896/841 872/923/872 873/924/873
f 829/900/829 828/897/828 859/925/859 860/926/860
f 856/901/856 855/898/855 886/927/886 887/928/887
f 843/902/843 842/899/842 873/924/873 874/929/874
f 830/903/830 829/900/829 860/926/860 861/930/861
f 19/931/19 856/901/856 887/928/887
f 844/905/844 843/902/843 874/929/874 875/932/875
f 831/906/831 830/903/830 861/930/861 862/933/862
f 845/907/845 844/905/844 875/932/875 876/934/876
f 832/908/832 831/906/831 862/933/862 863/935/863
f 846/909/846 845/907/845 876/934/876 877/936/877
f 833/910/833 832/908/832 863/935/863 864/937/864
f 847/911/847 846/909/846 877/936/877 878/938/878
f 834/912/834 833/910/833 864/937/864 865/939/865
f 848/913/848 847/911/847 878/938/878 879/940/879
f 835/914/835 834/912/834 865/939/865 866/941/866
f 849/915/849 848/913/848 879/940/879 880/942/880
f 836/916/836 835/914/835 866/941/866 867/943/867
f 850/917/850 849/915/849 880/942/880 881/944/881
f 837/918/837 836/916/836 867/943/867 868/945/868
f 851/919/851 850/917/850 881/944/881 882/946/882
f 838/920/838 837/918/837 868/945/868 869/947/869
f 852/921/852 851/919/851 882/946/882 883/948/883
f 839/890/839 838/920/838 869/947/869 870/949/870
f 826/892/826 1/950/1 857/951/857
f 853/894/853 852/921/852 883/948/883 884/952/884
f 840/891/840 839/890/839 870/949/870 871/953/871
f 827/893/827 826/892/826 857/951/857 858/954/858
f 854/895/854 853/894/853 884/952/884 885/955/885
f 841/896/841 840/891/840 871/953/871 872/923/872
f 828/897/828 827/893/827 858/954/858 859/925/859
f 855/898/855 854/895/854 885/955/885 886/927/886
f 875/932/875 874/929/874 905/956/905 906/957/906
f 862/933/862 861/930/861 892/958/892 893/959/893
f 876/934/876 875/932/875 906/957/906 907/960/907
f 863/935/863 862/933/862 893/959/893 894/961/894
f 877/936/877 876/934/876 907/960/907 908/962/908
f 864/937/864 863/935/863 894/961/894 895/963/895
f 878/938/878 877/936/877 908/962/908 909/964/909
f 865/939/865 864/937/864 895/963/895 896/965/896
f 879/940/879 878/938/878 909/964/909 910/966/910
f 866/941/866 865/939/865 896/965/896 897/967/897
f 880/942/880 879/940/879 910/966/910 911/968/911
f 867/943/867 866/941/866 897/967/897 898/969/898
f 881/944/881 880/942/880 911/968/911 912/970/912
f 868/945/868 867/943/867 898/969/898 899/971/899
f 882/946/882 881/944/881 912/970/912 913/972/913
f 869/947/869 868/945/868 899/971/899 900/973/900
f 883/948/883 882/946/882 913/972/913 914/974/914
f 870/949/870 869/947/869 900/973/900 901/975/901
f 857/951/857 1/976/1 888/977/888
f 884/952/884 883/948/883 914/974/914 915/978/915
f 871/953/871 870/949/870 901/975/901 902/979/902
f 858/954/858 857/951/857 888/977/888 889/980/889
f 885/955/885 884/952/884 915/978/915 916/981/916
f 872/923/872 871/953/871 902/979/902 903/982/903
f 859/925/859 858/954/858 889/980/889 890/983/890
f 886/927/886 885/955/885 916/981/916 917/984/917
f 873/924/873 872/923/872 903/982/903 904/985/904
f 860/926/860 859/925/859 890/983/890 891/986/891
f 887/928/887 886/927/886 917/984/917 918/987/918
f 874/929/874 873/924/873 904/985/904 905/956/905
f 861/930/861 860/926/860 891/986/891 892/958/892
f 19/988/19 887/928/887 918/987/918
f 908/962/908 907/960/907 938/989/938 939/990/939
f 895/963/895 894/961/894 925/991/925 926/992/926
f 909/964/909 908/962/908 939/990/939 940/993/940
f 896/965/896 895/963/895 926/992/926 927/994/927
f 910/966/910 909/964/909 940/993/940 941/995/941
f 897/967/897 896/965/896 927/994/927 928/996/928
f 911/968/911 910/966/910 941/995/941 942/997/942
f 898/969/898 897/967/897 928/996/928 929/998/929
f 912/970/912 911/968/911 942/997/942 943/999/943
f 899/971/899 898/969/898 929/998/929 930/1000/930
f 913/972/913 912/970/912 943/999/943 944/1001/944
f 900/973/900 899/971/899 930/1000/930 931/1002/931
f 914/974/914 913/972/913 944/1001/944 945/1003/945
f 901/975/901 900/973/900 931/1002/931 932/1004/932
f 888/977/888 1/1005/1 919/1006/919
f 915/978/915 914/974/914 945/1003/945 946/1007/946
f 902/979/902 901/975/901 932/1004/932 933/1008/933
f 889/980/889 888/977/888 919/1006/919 920/1009/920
f 916/981/916 915/978/915 946/1007/946 947/1010/947
f 903/982/903 902/979/902 933/1008/933 934/1011/934
f 890/983/890 889/980/889 920/1009/920 921/1012/921
f 917/984/917 916/981/916 947/1010/947 948/1013/948
f 904/985/904 903/982/903 934/1011/934 935/1014/935
f 891/986/891 890/983/890 921/1012/921 922/1015/922
f 918/987/918 917/984/917 948/1013/948 949/1016/949
f 905/956/905 904/985/904 935/1014/935 936/1017/936
f 892/958/892 891/986/891 922/1015/922 923/1018/923
f 19/1019/19 918/987/918 949/1016/949
f 906/957/906 905/956/905 936/1017/936 937/1020/937
f 893/959/893 892/958/892 923/1018/923 924/1021/924
f 907/960/907 906/957/906 937/1020/937 938/989/938
f 894/961/894 893/959/893 924/1021/924 925/991/925
f 941/995/941 940/993/940 971/1022/971 972/1023/972
f 928/996/928 927/994/927 958/1024/958 959/1025/959
f 942/997/942 941/995/941 972/1023/972 973/1026/973
f 929/998/929 928/996/928 959/1025/959 960/1027/960
f 943/999/943 942/997/942 973/1026/973 974/1028/974
f 930/1000/930 929/998/929 960/1027/960 961/1029/961
f 944/1001/944 943/999/943 974/1028/974 975/1030/975
f 931/1002/931 930/1000/930 961/1029/961 962/1031/962
f 945/1003/945 944/1001/944 975/1030/975 976/1032/976
f 932/1004/932 931/1002/931 962/1031/962 963/1033/963
f 919/1006/919 1/1034/1 950/1035/950
f 946/1007/946 945/1003/945 976/1032/976 977/1036/977
f 933/1008/933 932/1004/932 963/1033/963 964/1037/964
f 920/1009/920 919/1006/919 950/1035/950 951/1038/951
f 947/1010/947 946/1007/946 977/1036/977 978/1039/978
f 934/1011/934 933/1008/933 964/1037/964 965/1040/965
f 921/1012/921 920/1009/920 951/1038/951 952/1041/952
f 948/1013/948 947/1010/947 978/1039/978 979/1042/979
f 935/1014/935 934/1011/934 965/1040/965 966/1043/966
f 922/1015/922 921/1012/921 952/1041/952 953/1044/953
f 949/1016/949 948/1013/948 979/1042/979 980/1045/980
f 936/1017/936 935/1014/935 966/1043/966 967/1046/967
f 923/1018/923 922/1015/922 953/1044/953 954/1047/954
f 19/1048/19 949/1016/949 980/1045/980
f 937/1020/937 936/1017/936 967/1046/967 968/1049/968
f 924/1021/924 923/1018/923 954/1047/954 955/1050/955
f 938/989/938 937/1020/937 968/1049/968 969/1051/969
f 925/991/925 924/1021/924 955/1050/955 956/1052/956
f 939/990/939 938/989/938 969/1051/969 970/1053/970
f 926/992/926 925/991/925 956/1052/956 957/1054/957
f 940/993/940 939/990/939 970/1053/970 971/1022/971
f 927/994/927 926/992/926 957/1054/957 958/1024/958
f 974/1028/974 973/1026/973 1004/1055/1004 1005/1056/1005
f 961/1029/961 960/1027/960 991/1057/991 992/1058/992
f 975/1030/975 974/1028/974 1005/1056/1005 1006/1059/1006
f 962/1031/962 961/1029/961 992/1058/992 993/1060/993
f 976/1032/976 975/1030/975 1006/1059/1006 1007/1061/1007
f 963/1033/963 962/1031/962 993/1060/993 994/1062/994
f 950/1035/950 1/1063/1 981/1064/981
f 977/1036/977 976/1032/976 1007/1061/1007 1008/1065/1008
f 964/1037/964 963/1033/963 994/1062/994 995/1066/995
f 951/1038/951 950/1035/950 981/1064/981 982/1067/982
f 978/1039/978 977/1036/977 1008/1065/1008 1009/1068/1009
f 965/1040/965 964/1037/964 995/1066/995 996/1069/996
f 952/1041/952 951/1038/951 982/1067/982 983/1070/983
f 979/1042/979 978/1039/978 1009/1068/1009 1010/1071/1010
f 966/1043/966 965/1040/965 996/1069/996 997/1072/997
f 953/1044/953 952/1041/952 983/1070/983 984/1073/984
f 980/1045/980 979/1042/979 1010/1071/1010 1011/1074/1011
f 967/1046/967 966/1043/966 997/1072/997 998/1075/998
f 954/1047/954 953/1044/953 984/1073/984 985/1076/985
f 19/1077/19 980/1045/980 1011/1074/1011
f 968/1049/968 967/1046/967 998/1075/998 999/1078/999
f 955/1050/955 954/1047/954 985/1076/985 986/1079/986
f 969/1051/969 968/1049/968 999/1078/999 1000/1080/1000
f 956/1052/956 955/1050/955 986/1079/986 987/1081/987
f 970/1053/970 969/1051/969 1000/1080/1000 1001/1082/1001
f 957/1054/957 956/1052/956 987/1081/987 988/1083/988
f 971/1022/971 970/1053/970 1001/1082/1001 1002/1084/1002
f 958/1024/958 957/1054/957 988/1083/988 989/1085/989
f 972/1023/972 971/1022/971 1002/1084/1002 1003/1086/1003
f 959/1025/959 958/1024/958 989/1085/989 990/1087/990
f 973/1026/973 972/1023/972 1003/1086/1003 1004/1055/1004
f 960/1027/960 959/1025/959 990/1087/990 991/1057/991
f 1007/1061/1007 1006/1059/1006 1037/1088/1037 1038/1089/1038
f 994/1062/994 993/1060/993 1024/1090/1024 1025/1091/1025
f 981/1064/981 1/1092/1 1012/1093/1012
f 1008/1065/1008 1007/1061/1007 1038/1089/1038 1039/1094/1039
f 995/1066/995 994/1062/994 1025/1091/1025 1026/1095/1026
f 982/1067/982 981/1064/981 1012/1093/1012 1013/1096/1013
f 1009/1068/1009 1008/1065/1008 1039/1094/1039 1040/1097/1040
f 996/1069/996 995/1066/995 1026/1095/1026 1027/1098/1027
f 983/1070/983 982/1067/982 1013/1096/1013 1014/1099/1014
f 1010/1071/1010 1009/1068/1009 1040/1097/1040 1041/1100/1041
f 997/1072/997 996/1069/996 1027/1098/1027 1028/1101/1028
f 984/1073/984 983/1070/983 1014/1099/1014 1015/1102/1015
f 1011/1074/1011 1010/1071/1010 1041/1100/1041 1042/1103/1042
f 998/1075/998 997/1072/997 1028/1101/1028 1029/1104/1029
f 985/1076/985 984/1073/984 1015/1102/1015 1016/1105/1016
f 19/1106/19 1011/1074/1011 1042/1103/1042
f 999/1078/999 998/1075/998 1029/1104/1029 1030/1107/1030
f 986/1079/986 985/1076/985 1016/1105/1016 1017/1108/1017
f 1000/1080/1000 999/1078/999 1030/1107/1030 1031/1109/1031
f 987/1081/987 986/1079/986 1017/1108/1017 1018/1110/1018
f 1001/1082/1001 1000/1080/1000 1031/1109/1031 1032/1111/1032
f 988/1083/988 987/1081/987 1018/1110/1018 1019/1112/1019
f 1002/1084/1002 1001/1082/1001 1032/1111/1032 1033/1113/1033
f 989/1085/989 988/1083/988 1019/1112/1019 1020/1114/1020
f 1003/1086/1003 1002/1084/1002 1033/1113/1033 1034/1115/1034
f 990/1087/990 989/1085/989 1020/1114/1020 1021/1116/1021
f 1004/1055/1004 1003/1086/1003 1034/1115/1034 1035/1117/1035
f 991/1057/991 990/1087/990 1021/1116/1021 1022/1118/1022
f 1005/1056/1005 1004/1055/1004 1035/1117/1035 1036/1119/1036
f 992/1058/992 991/1057/991 1022/1118/1022 1023/1120/1023
f 1006/1059/1006 1005/1056/1005 1036/1119/1036 1037/1088/1037
f 993/1060/993 992/1058/992 1023/1120/1023 1024/1090/1024
f 1013/1096/1013 1012/1093/1012 1043/1121/1043 1044/1122/1044
f 1040/1097/1040 1039/1094/1039 1070/1123/1070 1071/1124/1071
f 1027/1098/1027 1026/1095/1026 1057/1125/1057 1058/1126/1058
f 1014/1099/1014 1013/1096/1013 1044/1122/1044 1045/1127/1045
f 1041/1100/1041 1040/1097/1040 1071/1124/1071 1072/1128/1072
f 1028/1101/1028 1027/1098/1027 1058/1126/1058 1059/1129/1059
f 1015/1102/1015 1014/1099/1014 1045/1127/1045 1046/1130/1046
f 1042/1103/1042 1041/1100/1041 1072/1128/1072 1073/1131/1073
f 1029/1104/1029 1028/1101/1028 1059/1129/1059 1060/1132/1060
f 1016/1105/1016 1015/1102/1015 1046/1130/1046 1047/1133/1047
f 19/1134/19 1042/1103/1042 1073/1131/1073
f 1030/1107/1030 1029/1104/1029 1060/1132/1060 1061/1135/1061
f 1017/1108/1017 1016/1105/1016 1047/1133/1047 1048/1136/1048
f 1031/1109/1031 1030/1107/1030 1061/1135/1061 1062/1137/1062
f 1018/1110/1018 1017/1108/1017 1048/1136/1048 1049/1138/1049
f 1032/1111/1032 1031/1109/1031 1062/1137/1062 1063/1139/1063
f 1019/1112/1019 1018/1110/1018 1049/1138/1049 1050/1140/1050
f 1033/1113/1033 1032/1111/1032 1063/1139/1063 1064/1141/1064
f 1020/1114/1020 1019/1112/1019 1050/1140/1050 1051/1142/1051
f 1034/1115/1034 1033/1113/1033 1064/1141/1064 1065/1143/1065
f 1021/1116/1021 1020/1114/1020 1051/1142/1051 1052/1144/1052
f 1035/1117/1035 1034/1115/1034 1065/1143/1065 1066/1145/1066
f 1022/1118/1022 1021/1116/1021 1052/1144/1052 1053/1146/1053
f 1036/1119/1036 1035/1117/1035 1066/1145/1066 1067/1147/1067
f 1023/1120/1023 1022/1118/1022 1053/1146/1053 1054/1148/1054
f 1037/1088/1037 1036/1119/1036 1067/1147/1067 1068/1149/1068
f 1024/1090/1024 1023/1120/1023 1054/1148/1054 1055/1150/1055
f 1038/1089/1038 1037/1088/1037 1068/1149/1068 1069/1151/1069
f 1025/1091/1025 1024/1090/1024 1055/1150/1055 1056/1152/1056
f 1012/1093/1012 1/1153/1 1043/1121/1043
f 1039/1094/1039 1038/1089/1038 1069/1151/1069 1070/1123/1070
f 1026/1095/1026 1025/1091/1025 1056/1152/1056 1057/1125/1057
f 1046/1130/1046 1045/1127/1045 1076/1154/1076 1077/1155/1077
f 1073/1131/1073 1072/1128/1072 1103/1156/1103 1104/1157/1104
f 1060/1132/1060 1059/1129/1059 1090/1158/1090 1091/1159/1091
f 1047/1133/1047 1046/1130/1046 1077/1155/1077 1078/1160/1078
f 19/1161/19 1073/1131/1073 1104/1157/1104
f 1061/1135/1061 1060/1132/1060 1091/1159/1091 1092/1162/1092
f 1048/1136/1048 1047/1133/1047 1078/1160/1078 1079/1163/1079
f 1062/1137/1062 1061/1135/1061 1092/1162/1092 1093/1164/1093
f 1049/1138/1049 1048/1136/1048 1079/1163/1079 1080/1165/1080
f 1063/1139/1063 1062/1137/1062 1093/1164/1093 1094/1166/1094
f 1050/1140/1050 1049/1138/1049 1080/1165/1080 1081/1167/1081
f 1064/1141/1064 1063/1139/1063 1094/1166/1094 1095/1168/1095
f 1051/1142/1051 1050/1140/1050 1081/1167/1081 1082/1169/1082
f 1065/1143/1065 1064/1141/1064 1095/1168/1095 1096/1170/1096
f 1052/1144/1052 1051/1142/1051 1082/1169/1082 1083/1171/1083
f 1066/1145/1066 1065/1143/1065 1096/1170/1096 1097/1172/1097
f 1053/1146/1053 1052/1144/1052 1083/1171/1083 1084/1173/1084
f 1067/1147/1067 1066/1145/1066 1097/1172/1097 1098/1174/1098
f 1054/1148/1054 1053/1146/1053 1084/1173/1084 1085/1175/1085
f 1068/1149/1068 1067/1147/1067 1098/1174/1098 1099/1176/1099
f 1055/1150/1055 1054/1148/1054 1085/1175/1085 1086/1177/1086
f 1069/1151/1069 1068/1149/1068 1099/1176/1099 1100/1178/1100
f 1056/1152/1056 1055/1150/1055 1086/1177/1086 1087/1179/1087
f 1043/1121/1043 1/1180/1 1074/1181/1074
f 1070/1123/1070 1069/1151/1069 1100/1178/1100 1101/1182/1101
f 1057/1125/1057 1056/1152/1056 1087/1179/1087 1088/1183/1088
f 1044/1122/1044 1043/1121/1043 1074/1181/1074 1075/1184/1075
f 1071/1124/1071 1070/1123/1070 1101/1182/1101 1102/1185/1102
f 1058/1126/1058 1057/1125/1057 1088/1183/1088 1089/1186/1089
f 1045/1127/1045 1044/1122/1044 1075/1184/1075 1076/1154/1076
f 1072/1128/1072 1071/1124/1071 1102/1185/1102 1103/1156/1103
f 1059/1129/1059 1058/1126/1058 1089/1186/1089 1090/1158/1090
f 1079/1163/1079 1078/1160/1078 1109/1187/1109 1110/1188/1110
f 1093/1164/1093 1092/1162/1092 1123/1189/1123 1124/1190/1124
f 1080/1165/1080 1079/1163/1079 1110/1188/1110 1111/1191/1111
f 1094/1166/1094 1093/1164/1093 1124/1190/1124 1125/1192/1125
f 1081/1167/1081 1080/1165/1080 1111/1191/1111 1112/1193/1112
f 1095/1168/1095 1094/1166/1094 1125/1192/1125 1126/1194/1126
f 1082/1169/1082 1081/1167/1081 1112/1193/1112 1113/1195/1113
f 1096/1170/1096 1095/1168/1095 1126/1194/1126 1127/1196/1127
f 1083/1171/1083 1082/1169/1082 1113/1195/1113 1114/1197/1114
f 1097/1172/1097 1096/1170/1096 1127/1196/1127 1128/1198/1128
f 1084/1173/1084 1083/1171/1083 1114/1197/1114 1115/1199/1115
f 1098/1174/1098 1097/1172/1097 1128/1198/1128 1129/1200/1129
f 1085/1175/1085 1084/1173/1084 1115/1199/1115 1116/1201/1116
f 1099/1176/1099 1098/1174/1098 1129/1200/1129 1130/1202/1130
f 1086/1177/1086 1085/1175/1085 1116/1201/1116 1117/1203/1117
f 1100/1178/1100 1099/1176/1099 1130/1202/1130 1131/1204/1131
f 1087/1179/1087 1086/1177/1086 1117/1203/1117 1118/1205/1118
f 1074/1181/1074 1/1206/1 1105/1207/1105
f 1101/1182/1101 1100/1178/1100 1131/1204/1131 1132/1208/1132
f 1088/1183/1088 1087/1179/1087 1118/1205/1118 1119/1209/1119
f 1075/1184/1075 1074/1181/1074 1105/1207/1105 1106/1210/1106
f 1102/1185/1102 1101/1182/1101 1132/1208/1132 1133/1211/1133
f 1089/1186/1089 1088/1183/1088 1119/1209/1119 1120/1212/1120
f 1076/1154/1076 1075/1184/1075 1106/1210/1106 1107/1213/1107
f 1103/1156/1103 1102/1185/1102 1133/1211/1133 1134/1214/1134
f 1090/1158/1090 1089/1186/1089 1120/1212/1120 1121/1215/1121
f 1077/1155/1077 1076/1154/1076 1107/1213/1107 1108/1216/1108
f 1104/1157/1104 1103/1156/1103 1134/1214/1134 1135/1217/1135
f 1091/1159/1091 1090/1158/1090 1121/1215/1121 1122/1218/1122
f 1078/1160/1078 1077/1155/1077 1108/1216/1108 1109/1187/1109
f 19/1219/19 1104/1157/1104 1135/1217/1135
f 1092/1162/1092 1091/1159/1091 1122/1218/1122 1123/1189/1123
f 1112/1193/1112 1111/1191/1111 1142/1220/1142 1143/1221/1143
f 1126/1194/1126 1125/1192/1125 1156/1222/1156 1157/1223/1157
f 1113/1195/1113 1112/1193/1112 1143/1221/1143 1144/1224/1144
f 1127/1196/1127 1126/1194/1126 1157/1223/1157 1158/1225/1158
f 1114/1197/1114 1113/1195/1113 1144/1224/1144 1145/1226/1145
f 1128/1198/1128 1127/1196/1127 1158/1225/1158 1159/1227/1159
f 1115/1199/1115 1114/1197/1114 1145/1226/1145 1146/1228/1146
f 1129/1200/1129 1128/1198/1128 1159/1227/1159 1160/1229/1160
f 1116/1201/1116 1115/1199/1115 1146/1228/1146 1147/1230/1147
f 1130/1202/1130 1129/1200/1129 1160/1229/1160 1161/1231/1161
f 1117/1203/1117 1116/1201/1116 1147/1230/1147 1148/1232/1148
f 1131/1204/1131 1130/1202/1130 1161/1231/1161 1162/1233/1162
f 1118/1205/1118 1117/1203/1117 1148/1232/1148 1149/1234/1149
f 1105/1207/1105 1/1235/1 1136/1236/1136
f 1132/1208/1132 1131/1204/1131 1162/1233/1162 1163/1237/1163
f 1119/1209/1119 1118/1205/1118 1149/1234/1149 1150/1238/1150
f 1106/1210/1106 1105/1207/1105 1136/1236/1136 1137/1239/1137
f 1133/1211/1133 1132/1208/1132 1163/1237/1163 1164/1240/1164
f 1120/1212/1120 1119/1209/1119 1150/1238/1150 1151/1241/1151
f 1107/1213/1107 1106/1210/1106 1137/1239/1137 1138/1242/1138
f 1134/1214/1134 1133/1211/1133 1164/1240/1164 1165/1243/1165
f 1121/1215/1121 1120/1212/1120 1151/1241/1151 1152/1244/1152
f 1108/1216/1108 1107/1213/1107 1138/1242/1138 1139/1245/1139
f 1135/1217/1135 1134/1214/1134 1165/1243/1165 1166/1246/1166
f 1122/1218/1122 1121/1215/1121 1152/1244/1152 1153/1247/1153
f 1109/1187/1109 1108/1216/1108 1139/1245/1139 1140/1248/1140
f 19/1249/19 1135/1217/1135 1166/1246/1166
f 1123/1189/1123 1122/1218/1122 1153/1247/1153 1154/1250/1154
f 1110/1188/1110 1109/1187/1109 1140/1248/1140 1141/1251/1141
f 1124/1190/1124 1123/1189/1123 1154/1250/1154 1155/1252/1155
f 1111/1191/1111 1110/1188/1110 1141/1251/1141 1142/1220/1142
f 1125/1192/1125 1124/1190/1124 1155/1252/1155 1156/1222/1156
f 1145/1226/1145 1144/1224/1144 1175/1253/1175 1176/1254/1176
f 1159/1227/1159 1158/1225/1158 1189/1255/1189 1190/1256/1190
f 1146/1228/1146 1145/1226/1145 1176/1254/1176 1177/1257/1177
f 1160/1229/1160 1159/1227/1159 1190/1256/1190 1191/1258/1191
f 1147/1230/1147 1146/1228/1146 1177/1257/1177 1178/1259/1178
f 1161/1231/1161 1160/1229/1160 1191/1258/1191 1192/1260/1192
f 1148/1232/1148 1147/1230/1147 1178/1259/1178 1179/1261/1179
f 1162/1233/1162 1161/1231/1161 1192/1260/1192 1193/1262/1193
f 1149/1234/1149 1148/1232/1148 1179/1261/1179 1180/1263/1180
f 1136/1236/1136 1/1264/1 1167/1265/1167
f 1163/1237/1163 1162/1233/1162 1193/1262/1193 1194/1266/1194
f 1150/1238/1150 1149/1234/1149 1180/1263/1180 1181/1267/1181
f 1137/1239/1137 1136/1236/1136 1167/1265/1167 1168/1268/1168
f 1164/1240/1164 1163/1237/1163 1194/1266/1194 1195/1269/1195
f 1151/1241/1151 1150/1238/1150 1181/1267/1181 1182/1270/1182
f 1138/1242/1138 1137/1239/1137 1168/1268/1168 1169/1271/1169
f 1165/1243/1165 1164/1240/1164 1195/1269/1195 1196/1272/1196
f 1152/1244/1152 1151/1241/1151 1182/1270/1182 1183/1273/1183
f 1139/1245/1139 1138/1242/1138 1169/1271/1169 1170/1274/1170
f 1166/1246/1166 1165/1243/1165 1196/1272/1196 1197/1275/1197
f 1153/1247/1153 1152/1244/1152 1183/1273/1183 1184/1276/1184
f 1140/1248/1140 1139/1245/1139 1170/1274/1170 1171/1277/1171
f 19/1278/19 1166/1246/1166 1197/1275/1197
f 1154/1250/1154 1153/1247/1153 1184/1276/1184 1185/1279/1185
f 1141/1251/1141 1140/1248/1140 1171/1277/1171 1172/1280/1172
f 1155/1252/1155 1154/1250/1154 1185/1279/1185 1186/1281/1186
f 1142/1220/1142 1141/1251/1141 1172/1280/1172 1173/1282/1173
f 1156/1222/1156 1155/1252/1155 1186/1281/1186 1187/1283/1187
f 1143/1221/1143 1142/1220/1142 1173/1282/1173 1174/1284/1174
f 1157/1223/1157 1156/1222/1156 1187/1283/1187 1188/1285/1188
f 1144/1224/1144 1143/1221/1143 1174/1284/1174 1175/1253/1175
f 1158/1225/1158 1157/1223/1157 1188/1285/1188 1189/1255/1189
f 1178/1259/1178 1177/1257/1177 1208/1286/1208 1209/1287/1209
f 1192/1260/1192 1191/1258/1191 1222/1288/1222 1223/1289/1223
f 1179/1261/1179 1178/1259/1178 1209/1287/1209 1210/1290/1210
f 1193/1262/1193 1192/1260/1192 1223/1289/1223 1224/1291/1224
f 1180/1263/1180 1179/1261/1179 1210/1290/1210 1211/1292/1211
f 1167/1265/1167 1/1293/1 1198/1294/1198
f 1194/1266/1194 1193/1262/1193 1224/1291/1224 1225/1295/1225
f 1181/1267/1181 1180/1263/1180 1211/1292/1211 1212/1296/1212
f 1168/1268/1168 1167/1265/1167 1198/1294/1198 1199/1297/1199
f 1195/1269/1195 1194/1266/1194 1225/1295/1225 1226/1298/1226
f 1182/1270/1182 1181/1267/1181 1212/1296/1212 1213/1299/1213
f 1169/1271/1169 1168/1268/1168 1199/1297/1199 1200/1300/1200
f 1196/1272/1196 1195/1269/1195 1226/1298/1226 1227/1301/1227
f 1183/1273/1183 1182/1270/1182 1213/1299/1213 1214/1302/1214
f 1170/1274/1170 1169/1271/1169 1200/1300/1200 1201/1303/1201
f 1197/1275/1197 1196/1272/1196 1227/1301/1227 1228/1304/1228
f 1184/1276/1184 1183/1273/1183 1214/1302/1214 1215/1305/1215
f 1171/1277/1171 1170/1274/1170 1201/1303/1201 1202/1306/1202
f 19/1307/19 1197/1275/1197 1228/1304/1228
f 1185/1279/1185 1184/1276/1184 1215/1305/1215 1216/1308/1216
f 1172/1280/1172 1171/1277/1171 1202/1306/1202 1203/1309/1203
f 1186/1281/1186 1185/1279/1185 1216/1308/1216 1217/1310/1217
f 1173/1282/1173 1172/1280/1172 1203/1309/1203 1204/1311/1204
f 1187/1283/1187 1186/1281/1186 1217/1310/1217 1218/1312/1218
f 1174/1284/1174 1173/1282/1173 1204/1311/1204 1205/1313/1205
f 1188/1285/1188 1187/1283/1187 1218/1312/1218 1219/1314/1219
f 1175/1253/1175 1174/1284/1174 1205/1313/1205 1206/1315/1206
f 1189/1255/1189 1188/1285/1188 1219/1314/1219 1220/1316/1220
f 1176/1254/1176 1175/1253/1175 1206/1315/1206 1207/1317/1207
f 1190/1256/1190 1189/1255/1189 1220/1316/1220 1221/1318/1221
f 1177/1257/1177 1176/1254/1176 1207/1317/1207 1208/1286/1208
f 1191/1258/1191 1190/1256/1190 1221/1318/1221 1222/1288/1222
f 1211/1292/1211 1210/1290/1210 1241/1319/1241 1242/1320/1242
f 1198/1294/1198 1/1321/1 1229/1322/1229
f 1225/1295/1225 1224/1291/1224 1255/1323/1255 1256/1324/1256
f 1212/1296/1212 1211/1292/1211 1242/1320/1242 1243/1325/1243
f 1199/1297/1199 1198/1294/1198 1229/1322/1229 1230/1326/1230
f 1226/1298/1226 1225/1295/1225 1256/1324/1256 1257/1327/1257
f 1213/1299/1213 1212/1296/1212 1243/1325/1243 1244/1328/1244
f 1200/1300/1200 1199/1297/1199 1230/1326/1230 1231/1329/1231
f 1227/1301/1227 1226/1298/1226 1257/1327/1257 1258/1330/1258
f 1214/1302/1214 1213/1299/1213 1244/1328/1244 1245/1331/1245
f 1201/1303/1201 1200/1300/1200 1231/1329/1231 1232/1332/1232
f 1228/1304/1228 1227/1301/1227 1258/1330/1258 1259/1333/1259
f 1215/1305/1215 1214/1302/1214 1245/1331/1245 1246/1334/1246
f 1202/1306/1202 1201/1303/1201 1232/1332/1232 1233/1335/1233
f 19/1336/19 1228/1304/1228 1259/1333/1259
f 1216/1308/1216 1215/1305/1215 1246/1334/1246 1247/1337/1247
f 1203/1309/1203 1202/1306/1202 1233/1335/1233 1234/1338/1234
f 1217/1310/1217 1216/1308/1216 1247/1337/1247 1248/1339/1248
f 1204/1311/1204 1203/1309/1203 1234/1338/1234 1235/1340/1235
f 1218/1312/1218 1217/1310/1217 1248/1339/1248 1249/1341/1249
f 1205/1313/1205 1204/1311/1204 1235/1340/1235 1236/1342/1236
f 1219/1314/1219 1218/1312/1218 1249/1341/1249 1250/1343/1250
f 1206/1315/1206 1205/1313/1205 1236/1342/1236 1237/1344/1237
f 1220/1316/1220 1219/1314/1219 1250/1343/1250 1251/1345/1251
f 1207/1317/1207 1206/1315/1206 1237/1344/1237 1238/1346/1238
f 1221/1318/1221 1220/1316/1220 1251/1345/1251 1252/1347/1252
f 1208/1286/1208 1207/1317/1207 1238/1346/1238 1239/1348/1239
f 1222/1288/1222 1221/1318/1221 1252/1347/1252 1253/1349/1253
f 1209/1287/1209 1208/1286/1208 1239/1348/1239 1240/1350/1240
f 1223/1289/1223 1222/1288/1222 1253/1349/1253 1254/1351/1254
f 1210/1290/1210 1209/1287/1209 1240/1350/1240 1241/1319/1241
f 1224/1291/1224 1223/1289/1223 1254/1351/1254 1255/1323/1255
f 1244/1328/1244 1243/1325/1243 1274/1352/1274 1275/1353/1275
f 1231/1329/1231 1230/1326/1230 1261/1354/1261 1262/1355/1262
f 1258/1330/1258 1257/1327/1257 1288/1356/1288 1289/1357/1289
f 1245/1331/1245 1244/1328/1244 1275/1353/1275 1276/1358/1276
f 1232/1332/1232 1231/1329/1231 1262/1355/1262 1263/1359/1263
f 1259/1333/1259 1258/1330/1258 1289/1357/1289 1290/1360/1290
f 1246/1334/1246 1245/1331/1245 1276/1358/1276 1277/1361/1277
f 1233/1335/1233 1232/1332/1232 1263/1359/1263 1264/1362/1264
f 19/1363/19 1259/1333/1259 1290/1360/1290
f 1247/1337/1247 1246/1334/1246 1277/1361/1277 1278/1364/1278
f 1234/1338/1234 1233/1335/1233 1264/1362/1264 1265/1365/1265
f 1248/1339/1248 1247/1337/1247 1278/1364/1278 1279/1366/1279
f 1235/1340/1235 1234/1338/1234 1265/1365/1265 1266/1367/1266
f 1249/1341/1249 1248/1339/1248 1279/1366/1279 1280/1368/1280
f 1236/1342/1236 1235/1340/1235 1266/1367/1266 1267/1369/1267
f 1250/1343/1250 1249/1341/1249 1280/1368/1280 1281/1370/1281
f 1237/1344/1237 1236/1342/1236 1267/1369/1267 1268/1371/1268
f 1251/1345/1251 1250/1343/1250 1281/1370/1281 1282/1372/1282
f 1238/1346/1238 1237/1344/1237 1268/1371/1268 1269/1373/1269
f 1252/1347/1252 1251/1345/1251 1282/1372/1282 1283/1374/1283
f 1239/1348/1239 1238/1346/1238 1269/1373/1269 1270/1375/1270
f 1253/1349/1253 1252/1347/1252 1283/1374/1283 1284/1376/1284
f 1240/1350/1240 1239/1348/1239 1270/1375/1270 1271/1377/1271
f 1254/1351/1254 1253/1349/1253 1284/1376/1284 1285/1378/1285
f 1241/1319/1241 1240/1350/1240 1271/1377/1271 1272/1379/1272
f 1255/1323/1255 1254/1351/1254 1285/1378/1285 1286/1380/1286
f 1242/1320/1242 1241/1319/1241 1272/1379/1272 1273/1381/1273
f 1229/1322/1229 1/1382/1 1260/1383/1260
f 1256/1324/1256 1255/1323/1255 1286/1380/1286 1287/1384/1287
f 1243/1325/1243 1242/1320/1242 1273/1381/1273 1274/1352/1274
f 1230/1326/1230 1229/1322/1229 1260/1383/1260 1261/1354/1261
f 1257/1327/1257 1256/1324/1256 1287/1384/1287 1288/1356/1288
f 1277/1361/1277 1276/1358/1276 1307/1385/1307 1308/1386/1308
f 1264/1362/1264 1263/1359/1263 1294/1387/1294 1295/1388/1295
f 19/1389/19 1290/1360/1290 1321/1390/1321
f 1278/1364/1278 1277/1361/1277 1308/1386/1308 1309/1391/1309
f 1265/1365/1265 1264/1362/1264 1295/1388/1295 1296/1392/1296
f 1279/1366/1279 1278/1364/1278 1309/1391/1309 1310/1393/1310
f 1266/1367/1266 1265/1365/1265 1296/1392/1296 1297/1394/1297
f 1280/1368/1280 1279/1366/1279 1310/1393/1310 1311/1395/1311
f 1267/1369/1267 1266/1367/1266 1297/1394/1297 1298/1396/1298
f 1281/1370/1281 1280/1368/1280 1311/1395/1311 1312/1397/1312
f 1268/1371/1268 1267/1369/1267 1298/1396/1298 1299/1398/1299
f 1282/1372/1282 1281/1370/1281 1312/1397/1312 1313/1399/1313
f 1269/1373/1269 1268/1371/1268 1299/1398/1299 1300/1400/1300
f 1283/1374/1283 1282/1372/1282 1313/1399/1313 1314/1401/1314
f 1270/1375/1270 1269/1373/1269 1300/1400/1300 1301/1402/1301
f 1284/1376/1284 1283/1374/1283 1314/1401/1314 1315/1403/1315
f 1271/1377/1271 1270/1375/1270 1301/1402/1301 1302/1404/1302
f 1285/1378/1285 1284/1376/1284 1315/1403/1315 1316/1405/1316
f 1272/1379/1272 1271/1377/1271 1302/1404/1302 1303/1406/1303
f 1286/1380/1286 1285/1378/1285 1316/1405/1316 1317/1407/1317
f 1273/1381/1273 1272/1379/1272 1303/1406/1303 1304/1408/1304
f 1260/1383/1260 1/1409/1 1291/1410/1291
f 1287/1384/1287 1286/1380/1286 1317/1407/1317 1318/1411/1318
f 1274/1352/1274 1273/1381/1273 1304/1408/1304 1305/1412/1305
f 1261/1354/1261 1260/1383/1260 1291/1410/1291 1292/1413/1292
f 1288/1356/1288 1287/1384/1287 1318/1411/1318 1319/1414/1319
f 1275/1353/1275 1274/1352/1274 1305/1412/1305 1306/1415/1306
f 1262/1355/1262 1261/1354/1261 1292/1413/1292 1293/1416/1293
f 1289/1357/1289 1288/1356/1288 1319/1414/1319 1320/1417/1320
f 1276/1358/1276 1275/1353/1275 1306/1415/1306 1307/1385/1307
f 1263/1359/1263 1262/1355/1262 1293/1416/1293 1294/1387/1294
f 1290/1360/1290 1289/1357/1289 1320/1417/1320 1321/1390/1321
f 1310/1393/1310 1309/1391/1309 1340/1418/1340 1341/1419/1341
f 1297/1394/1297 1296/1392/1296 1327/1420/1327 1328/1421/1328
f 1311/1395/1311 1310/1393/1310 1341/1419/1341 1342/1422/1342
f 1298/1396/1298 1297/1394/1297 1328/1421/1328 1329/1423/1329
f 1312/1397/1312 1311/1395/1311 1342/1422/1342 1343/1424/1343
f 1299/1398/1299 1298/1396/1298 1329/1423/1329 1330/1425/1330
f 1313/1399/1313 1312/1397/1312 1343/1424/1343 1344/1426/1344
f 1300/1400/1300 1299/1398/1299 1330/1425/1330 1331/1427/1331
f 1314/1401/1314 1313/1399/1313 1344/1426/1344 1345/1428/1345
f 1301/1402/1301 1300/1400/1300 1331/1427/1331 1332/1429/1332
f 1315/1403/1315 1314/1401/1314 1345/1428/1345 1346/1430/1346
f 1302/1404/1302 1301/1402/1301 1332/1429/1332 1333/1431/1333
f 1316/1405/1316 1315/1403/1315 1346/1430/1346 1347/1432/1347
f 1303/1406/1303 1302/1404/1302 1333/1431/1333 1334/1433/1334
f 1317/1407/1317 1316/1405/1316 1347/1432/1347 1348/1434/1348
f 1304/1408/1304 1303/1406/1303 1334/1433/1334 1335/1435/1335
f 1291/1410/1291 1/1436/1 1322/1437/1322
f 1318/1411/1318 1317/1407/1317 1348/1434/1348 1349/1438/1349
f 1305/1412/1305 1304/1408/1304 1335/1435/1335 1336/1439/1336
f 1292/1413/1292 1291/1410/1291 1322/1437/1322 1323/1440/1323
f 1319/1414/1319 1318/1411/1318 1349/1438/1349 1350/1441/1350
f 1306/1415/1306 1305/1412/1305 1336/1439/1336 1337/1442/1337
f 1293/1416/1293 1292/1413/1292 1323/1440/1323 1324/1443/1324
f 1320/1417/1320 1319/1414/1319 1350/1441/1350 1351/1444/1351
f 1307/1385/1307 1306/1415/1306 1337/1442/1337 1338/1445/1338
f 1294/1387/1294 1293/1416/1293 1324/1443/1324 1325/1446/1325
f 1321/1390/1321 1320/1417/1320 1351/1444/1351 1352/1447/1352
f 1308/1386/1308 1307/1385/1307 1338/1445/1338 1339/1448/1339
f 1295/1388/1295 1294/1387/1294 1325/1446/1325 1326/1449/1326
f 19/1450/19 1321/1390/1321 1352/1447/1352
f 1309/1391/1309 1308/1386/1308 1339/1448/1339 1340/1418/1340
f 1296/1392/1296 1295/1388/1295 1326/1449/1326 1327/1420/1327
f 1343/1424/1343 1342/1422/1342 1373/1451/1373 1374/1452/1374
f 1330/1425/1330 1329/1423/1329 1360/1453/1360 1361/1454/1361
f 1344/1426/1344 1343/1424/1343 1374/1452/1374 1375/1455/1375
f 1331/1427/1331 1330/1425/1330 1361/1454/1361 1362/1456/1362
f 1345/1428/1345 1344/1426/1344 1375/1455/1375 1376/1457/1376
f 1332/1429/1332 1331/1427/1331 1362/1456/1362 1363/1458/1363
f 1346/1430/1346 1345/1428/1345 1376/1457/1376 1377/1459/1377
f 1333/1431/1333 1332/1429/1332 1363/1458/1363 1364/1460/1364
f 1347/1432/1347 1346/1430/1346 1377/1459/1377 1378/1461/1378
f 1334/1433/1334 1333/1431/1333 1364/1460/1364 1365/1462/1365
f 1348/1434/1348 1347/1432/1347 1378/1461/1378 1379/1463/1379
f 1335/1435/1335 1334/1433/1334 1365/1462/1365 1366/1464/1366
f 1322/1437/1322 1/1465/1 1353/1466/1353
f 1349/1438/1349 1348/1434/1348 1379/1463/1379 1380/1467/1380
f 1336/1439/1336 1335/1435/1335 1366/1464/1366 1367/1468/1367
f 1323/1440/1323 1322/1437/1322 1353/1466/1353 1354/1469/1354
f 1350/1441/1350 1349/1438/1349 1380/1467/1380 1381/1470/1381
f 1337/1442/1337 1336/1439/1336 1367/1468/1367 1368/1471/1368
f 1324/1443/1324 1323/1440/1323 1354/1469/1354 1355/1472/1355
f 1351/1444/1351 1350/1441/1350 1381/1470/1381 1382/1473/1382
f 1338/1445/1338 1337/1442/1337 1368/1471/1368 1369/1474/1369
f 1325/1446/1325 1324/1443/1324 1355/1472/1355 1356/1475/1356
f 1352/1447/1352 1351/1444/1351 1382/1473/1382 1383/1476/1383
f 1339/1448/1339 1338/1445/1338 1369/1474/1369 1370/1477/1370
f 1326/1449/1326 1325/1446/1325 1356/1475/1356 1357/1478/1357
f 19/1479/19 1352/1447/1352 1383/1476/1383
f 1340/1418/1340 1339/1448/1339 1370/1477/1370 1371/1480/1371
f 1327/1420/1327 1326/1449/1326 1357/1478/1357 1358/1481/1358
f 1341/1419/1341 1340/1418/1340 1371/1480/1371 1372/1482/1372
f 1328/1421/1328 1327/1420/1327 1358/1481/1358 1359/1483/1359
f 1342/1422/1342 1341/1419/1341 1372/1482/1372 1373/1451/1373
f 1329/1423/1329 1328/1421/1328 1359/1483/1359 1360/1453/1360
f 1376/1457/1376 1375/1455/1375 1406/1484/1406 1407/1485/1407
f 1363/1458/1363 1362/1456/1362 1393/1486/1393 1394/1487/1394
f 1377/1459/1377 1376/1457/1376 1407/1485/1407 1408/1488/1408
f 1364/1460/1364 1363/1458/1363 1394/1487/1394 1395/1489/1395
f 1378/1461/1378 1377/1459/1377 1408/1488/1408 1409/1490/1409
f 1365/1462/1365 1364/1460/1364 1395/1489/1395 1396/1491/1396
f 1379/1463/1379 1378/1461/1378 1409/1490/1409 1410/1492/1410
f 1366/1464/1366 1365/1462/1365 1396/1491/1396 1397/1493/1397
f 1353/1466/1353 1/1494/1 1384/1495/1384
f 1380/1467/1380 1379/1463/1379 1410/1492/1410 1411/1496/1411
f 1367/1468/1367 1366/1464/1366 1397/1493/1397 1398/1497/1398
f 1354/1469/1354 1353/1466/1353 1384/1495/1384 1385/1498/1385
f 1381/1470/1381 1380/1467/1380 1411/1496/1411 1412/1499/1412
f 1368/1471/1368 1367/1468/1367 1398/1497/1398 1399/1500/1399
f 1355/1472/1355 1354/1469/1354 1385/1498/1385 1386/1501/1386
f 1382/1473/1382 1381/1470/1381 1412/1499/1412 1413/1502/1413
f 1369/1474/1369 1368/1471/1368 1399/1500/1399 1400/1503/1400
f 1356/1475/1356 1355/1472/1355 1386/1501/1386 1387/1504/1387
f 1383/1476/1383 1382/1473/1382 1413/1502/1413 1414/1505/1414
f 1370/1477/1370 1369/1474/1369 1400/1503/1400 1401/1506/1401
f 1357/1478/1357 1356/1475/1356 1387/1504/1387 1388/1507/1388
f 19/1508/19 1383/1476/1383 1414/1505/1414
f 1371/1480/1371 1370/1477/1370 1401/1506/1401 1402/1509/1402
f 1358/1481/1358 1357/1478/1357 1388/1507/1388 1389/1510/1389
f 1372/1482/1372 1371/1480/1371 1402/1509/1402 1403/1511/1403
f 1359/1483/1359 1358/1481/1358 1389/1510/1389 1390/1512/1390
f 1373/1451/1373 1372/1482/1372 1403/1511/1403 1404/1513/1404
f 1360/1453/1360 1359/1483/1359 1390/1512/1390 1391/1514/1391
f 1374/1452/1374 1373/1451/1373 1404/1513/1404 1405/1515/1405
f 1361/1454/1361 1360/1453/1360 1391/1514/1391 1392/1516/1392
f 1375/1455/1375 1374/1452/1374 1405/1515/1405 1406/1484/1406
f 1362/1456/1362 1361/1454/1361 1392/1516/1392 1393/1486/1393
f 1409/1490/1409 1408/1488/1408 1439/1517/1439 1440/1518/1440
f 1396/1491/1396 1395/1489/1395 1426/1519/1426 1427/1520/1427
f 1410/1492/1410 1409/1490/1409 1440/1518/1440 1441/1521/1441
f 1397/1493/1397 1396/1491/1396 1427/1520/1427 1428/1522/1428
f 1384/1495/1384 1/1523/1 1415/1524/1415
f 1411/1496/1411 1410/1492/1410 1441/1521/1441 1442/1525/1442
f 1398/1497/1398 1397/1493/1397 1428/1522/1428 1429/1526/1429
f 1385/1498/1385 1384/1495/1384 1415/1524/1415 1416/1527/1416
f 1412/1499/1412 1411/1496/1411 1442/1525/1442 1443/1528/1443
f 1399/1500/1399 1398/1497/1398 1429/1526/1429 1430/1529/1430
f 1386/1501/1386 1385/1498/1385 1416/1527/1416 1417/1530/1417
f 1413/1502/1413 1412/1499/1412 1443/1528/1443 1444/1531/1444
f 1400/1503/1400 1399/1500/1399 1430/1529/1430 1431/1532/1431
f 1387/1504/1387 1386/1501/1386 1417/1530/1417 1418/1533/1418
f 1414/1505/1414 1413/1502/1413 1444/1531/1444 1445/1534/1445
f 1401/1506/1401 1400/1503/1400 1431/1532/1431 1432/1535/1432
f 1388/1507/1388 1387/1504/1387 1418/1533/1418 1419/1536/1419
f 19/1537/19 1414/1505/1414 1445/1534/1445
f 1402/1509/1402 1401/1506/1401 1432/1535/1432 1433/1538/1433
f 1389/1510/1389 1388/1507/1388 1419/1536/1419 1420/1539/1420
f 1403/1511/1403 1402/1509/1402 1433/1538/1433 1434/1540/1434
f 1390/1512/1390 1389/1510/1389 1420/1539/1420 1421/1541/1421
f 1404/1513/1404 1403/1511/1403 1434/1540/1434 1435/1542/1435
f 1391/1514/1391 1390/1512/1390 1421/1541/1421 1422/1543/1422
f 1405/1515/1405 1404/1513/1404 1435/1542/1435 1436/1544/1436
f 1392/1516/1392 1391/1514/1391 1422/1543/1422 1423/1545/1423
f 1406/1484/1406 1405/1515/1405 1436/1544/1436 1437/1546/1437
f 1393/1486/1393 1392/1516/1392 1423/1545/1423 1424/1547/1424
f 1407/1485/1407 1406/1484/1406 1437/1546/1437 1438/1548/1438
f 1394/1487/1394 1393/1486/1393 1424/1547/1424 1425/1549/1425
f 1408/1488/1408 1407/1485/1407 1438/1548/1438 1439/1517/1439
f 1395/1489/1395 1394/1487/1394 1425/1549/1425 1426/1519/1426
f 1442/1525/1442 1441/1521/1441 1472/1550/1472 1473/1551/1473
f 1429/1526/1429 1428/1522/1428 1459/1552/1459 1460/1553/1460
f 1416/1527/1416 1415/1524/1415 1446/1554/1446 1447/1555/1447
f 1443/1528/1443 1442/1525/1442 1473/1551/1473 1474/1556/1474
f 1430/1529/1430 1429/1526/1429 1460/1553/1460 1461/1557/1461
f 1417/1530/1417 1416/1527/1416 1447/1555/1447 1448/1558/1448
f 1444/1531/1444 1443/1528/1443 1474/1556/1474 1475/1559/1475
f 1431/1532/1431 1430/1529/1430 1461/1557/1461 1462/1560/1462
f 1418/1533/1418 1417/1530/1417 1448/1558/1448 1449/1561/1449
f 1445/1534/1445 1444/1531/1444 1475/1559/1475 1476/1562/1476
f 1432/1535/1432 1431/1532/1431 1462/1560/1462 1463/1563/1463
f 1419/1536/1419 1418/1533/1418 1449/1561/1449 1450/1564/1450
f 19/1565/19 1445/1534/1445 1476/1562/1476
f 1433/1538/1433 1432/1535/1432 1463/1563/1463 1464/1566/1464
f 1420/1539/1420 1419/1536/1419 1450/1564/1450 1451/1567/1451
f 1434/1540/1434 1433/1538/1433 1464/1566/1464 1465/1568/1465
f 1421/1541/1421 1420/1539/1420 1451/1567/1451 1452/1569/1452
f 1435/1542/1435 1434/1540/1434 1465/1568/1465 1466/1570/1466
f 1422/1543/1422 1421/1541/1421 1452/1569/1452 1453/1571/1453
f 1436/1544/1436 1435/1542/1435 1466/1570/1466 1467/1572/1467
f 1423/1545/1423 1422/1543/1422 1453/1571/1453 1454/1573/1454
f 1437/1546/1437 1436/1544/1436 1467/1572/1467 1468/1574/1468
f 1424/1547/1424 1423/1545/1423 1454/1573/1454 1455/1575/1455
f 1438/1548/1438 1437/1546/1437 1468/1574/1468 1469/1576/1469
f 1425/1549/1425 1424/1547/1424 1455/1575/1455 1456/1577/1456
f 1439/1517/1439 1438/1548/1438 1469/1576/1469 1470/1578/1470
f 1426/1519/1426 1425/1549/1425 1456/1577/1456 1457/1579/1457
f 1440/1518/1440 1439/1517/1439 1470/1578/1470 1471/1580/1471
f 1427/1520/1427 1426/1519/1426 1457/1579/1457 1458/1581/1458
f 1441/1521/1441 1440/1518/1440 1471/1580/1471 1472/1550/1472
f 1428/1522/1428 1427/1520/1427 1458/1581/1458 1459/1552/1459
f 1415/1524/1415 1/1582/1 1446/1554/1446
f 1475/1559/1475 1474/1556/1474 1505/1583/1505 1506/1584/1506
f 1462/1560/1462 1461/1557/1461 1492/1585/1492 1493/1586/1493
f 1449/1561/1449 1448/1558/1448 1479/1587/1479 1480/1588/1480
f 1476/1562/1476 1475/1559/1475 1506/1584/1506 1507/1589/1507
f 1463/1563/1463 1462/1560/1462 1493/1586/1493 1494/1590/1494
f 1450/1564/1450 1449/1561/1449 1480/1588/1480 1481/1591/1481
f 19/1592/19 1476/1562/1476 1507/1589/1507
f 1464/1566/1464 1463/1563/1463 1494/1590/1494 1495/1593/1495
f 1451/1567/1451 1450/1564/1450 1481/1591/1481 1482/1594/1482
f 1465/1568/1465 1464/1566/1464 1495/1593/1495 1496/1595/1496
f 1452/1569/1452 1451/1567/1451 1482/1594/1482 1483/1596/1483
f 1466/1570/1466 1465/1568/1465 1496/1595/1496 1497/1597/1497
f 1453/1571/1453 1452/1569/1452 1483/1596/1483 1484/1598/1484
f 1467/1572/1467 1466/1570/1466 1497/1597/1497 1498/1599/1498
f 1454/1573/1454 1453/1571/1453 1484/1598/1484 1485/1600/1485
f 1468/1574/1468 1467/1572/1467 1498/1599/1498 1499/1601/1499
f 1455/1575/1455 1454/1573/1454 1485/1600/1485 1486/1602/1486
f 1469/1576/1469 1468/1574/1468 1499/1601/1499 1500/1603/1500
f 1456/1577/1456 1455/1575/1455 1486/1602/1486 1487/1604/1487
f 1470/1578/1470 1469/1576/1469 1500/1603/1500 1501/1605/1501
f 1457/1579/1457 1456/1577/1456 1487/1604/1487 1488/1606/1488
f 1471/1580/1471 1470/1578/1470 1501/1605/1501 1502/1607/1502
f 1458/1581/1458 1457/1579/1457 1488/1606/1488 1489/1608/1489
f 1472/1550/1472 1471/1580/1471 1502/1607/1502 1503/1609/1503
f 1459/1552/1459 1458/1581/1458 1489/1608/1489 1490/1610/1490
f 1446/1554/1446 1/1611/1 1477/1612/1477
f 1473/1551/1473 1472/1550/1472 1503/1609/1503 1504/1613/1504
f 1460/1553/1460 1459/1552/1459 1490/1610/1490 1491/1614/1491
f 1447/1555/1447 1446/1554/1446 1477/1612/1477 1478/1615/1478
f 1474/1556/1474 1473/1551/1473 1504/1613/1504 1505/1583/1505
f 1461/1557/1461 1460/1553/1460 1491/1614/1491 1492/1585/1492
f 1448/1558/1448 1447/1555/1447 1478/1615/1478 1479/1587/1479
f 19/1616/19 1507/1617/1507 1538/1618/1538
f 1495/1619/1495 1494/1620/1494 1525/1621/1525 1526/1622/1526
f 1482/1623/1482 1481/1624/1481 1512/1625/1512 1513/1626/1513
f 1496/1627/1496 1495/1619/1495 1526/1622/1526 1527/1628/1527
f 1483/1629/1483 1482/1623/1482 1513/1626/1513 1514/1630/1514
f 1497/1631/1497 1496/1627/1496 1527/1628/1527 1528/1632/1528
f 1484/1633/1484 1483/1629/1483 1514/1630/1514 1515/1634/1515
f 1498/1635/1498 1497/1631/1497 1528/1632/1528 1529/1636/1529
f 1485/1637/1485 1484/1633/1484 1515/1634/1515 1516/1638/1516
f 1499/1639/1499 1498/1635/1498 1529/1636/1529 1530/1640/1530
f 1486/1641/1486 1485/1637/1485 1516/1638/1516 1517/1642/1517
f 1500/1643/1500 1499/1639/1499 1530/1640/1530 1531/1644/1531
f 1487/1645/1487 1486/1641/1486 1517/1642/1517 1518/1646/1518
f 1501/1647/1501 1500/1643/1500 1531/1644/1531 1532/1648/1532
f 1488/1649/1488 1487/1645/1487 1518/1646/1518 1519/1650/1519
f 1502/1651/1502 1501/1647/1501 1532/1648/1532 1533/1652/1533
f 1489/1653/1489 1488/1649/1488 1519/1650/1519 1520/1654/1520
f 1503/1655/1503 1502/1651/1502 1533/1652/1533 1534/1656/1534
f 1490/1657/1490 1489/1653/1489 1520/1654/1520 1521/1658/1521
f 1477/1659/1477 1/1660/1 1508/1661/1508
f 1504/1662/1504 1503/1655/1503 1534/1656/1534 1535/1663/1535
f 1491/1664/1491 1490/1657/1490 1521/1658/1521 1522/1665/1522
f 1478/1666/1478 1477/1659/1477 1508/1661/1508 1509/1667/1509
f 1505/1668/1505 1504/1662/1504 1535/1663/1535 1536/1669/1536
f 1492/1670/1492 1491/1664/1491 1522/1665/1522 1523/1671/1523
f 1479/1672/1479 1478/1666/1478 1509/1667/1509 1510/1673/1510
f 1506/1674/1506 1505/1668/1505 1536/1669/1536 1537/1675/1537
f 1493/1676/1493 1492/1670/1492 1523/1671/1523 1524/1677/1524
f 1480/1678/1480 1479/1672/1479 1510/1673/1510 1511/1679/1511
f 1507/1617/1507 1506/1674/1506 1537/1675/1537 1538/1618/1538
f 1494/1620/1494 1493/1676/1493 1524/1677/1524 1525/1621/1525
f 1481/1624/1481 1480/1678/1480 1511/1679/1511 1512/1625/1512
f 1528/1632/1528 1527/1628/1527 1558/1680/1558 1559/1681/1559
f 1515/1634/1515 1514/1630/1514 1545/1682/1545 1546/1683/1546
f 1529/1636/1529 1528/1632/1528 1559/1681/1559 1560/1684/1560
f 1516/1638/1516 1515/1634/1515 1546/1683/1546 1547/1685/1547
f 1530/1640/1530 1529/1636/1529 1560/1684/1560 1561/1686/1561
f 1517/1642/1517 1516/1638/1516 1547/1685/1547 1548/1687/1548
f 1531/1644/1531 1530/1640/1530 1561/1686/1561 1562/1688/1562
f 1518/1646/1518 1517/1642/1517 1548/1687/1548 1549/1689/1549
f 1532/1648/1532 1531/1644/1531 1562/1688/1562 1563/1690/1563
f 1519/1650/1519 1518/1646/1518 1549/1689/1549 1550/1691/1550
f 1533/1652/1533 1532/1648/1532 1563/1690/1563 1564/1692/1564
f 1520/1654/1520 1519/1650/1519 1550/1691/1550 1551/1693/1551
f 1534/1656/1534 1533/1652/1533 1564/1692/1564 1565/1694/1565
f 1521/1658/1521 1520/1654/1520 1551/1693/1551 1552/1695/1552
f 1508/1661/1508 1/1696/1 1539/1697/1539
f 1535/1663/1535 1534/1656/1534 1565/1694/1565 1566/1698/1566
f 1522/1665/1522 1521/1658/1521 1552/1695/1552 1553/1699/1553
f 1509/1667/1509 1508/1661/1508 1539/1697/1539 1540/1700/1540
f 1536/1669/1536 1535/1663/1535 1566/1698/1566 1567/1701/1567
f 1523/1671/1523 1522/1665/1522 1553/1699/1553 1554/1702/1554
f 1510/1673/1510 1509/1667/1509 1540/1700/1540 1541/1703/1541
f 1537/1675/1537 1536/1669/1536 1567/1701/1567 1568/1704/1568
f 1524/1677/1524 1523/1671/1523 1554/1702/1554 1555/1705/1555
f 1511/1679/1511 1510/1673/1510 1541/1703/1541 1542/1706/1542
f 1538/1618/1538 1537/1675/1537 1568/1704/1568 1569/1707/1569
f 1525/1621/1525 1524/1677/1524 1555/1705/1555 1556/1708/1556
f 1512/1625/1512 1511/1679/1511 1542/1706/1542 1543/1709/1543
f 19/1710/19 1538/1618/1538 1569/1707/1569
f 1526/1622/1526 1525/1621/1525 1556/1708/1556 1557/1711/1557
f 1513/1626/1513 1512/1625/1512 1543/1709/1543 1544/1712/1544
f 1527/1628/1527 1526/1622/1526 1557/1711/1557 1558/1680/1558
f 1514/1630/1514 1513/1626/1513 1544/1712/1544 1545/1682/1545
f 1561/1686/1561 1560/1684/1560 1591/1713/1591 1592/1714/1592
f 1548/1687/1548 1547/1685/1547 1578/1715/1578 1579/1716/1579
f 1562/1688/1562 1561/1686/1561 1592/1714/1592 1593/1717/1593
f 1549/1689/1549 1548/1687/1548 1579/1716/1579 1580/1718/1580
f 1563/1690/1563 1562/1688/1562 1593/1717/1593 1594/1719/1594
f 1550/1691/1550 1549/1689/1549 1580/1718/1580 1581/1720/1581
f 1564/1692/1564 1563/1690/1563 1594/1719/1594 1595/1721/1595
f 1551/1693/1551 1550/1691/1550 1581/1720/1581 1582/1722/1582
f 1565/1694/1565 1564/1692/1564 1595/1721/1595 1596/1723/1596
f 1552/1695/1552 1551/1693/1551 1582/1722/1582 1583/1724/1583
f 1539/1697/1539 1/1725/1 1570/1726/1570
f 1566/1698/1566 1565/1694/1565 1596/1723/1596 1597/1727/1597
f 1553/1699/1553 1552/1695/1552 1583/1724/1583 1584/1728/1584
f 1540/1700/1540 1539/1697/1539 1570/1726/1570 1571/1729/1571
f 1567/1701/1567 1566/1698/1566 1597/1727/1597 1598/1730/1598
f 1554/1702/1554 1553/1699/1553 1584/1728/1584 1585/1731/1585
f 1541/1703/1541 1540/1700/1540 1571/1729/1571 1572/1732/1572
f 1568/1704/1568 1567/1701/1567 1598/1730/1598 1599/1733/1599
f 1555/1705/1555 1554/1702/1554 1585/1731/1585 1586/1734/1586
f 1542/1706/1542 1541/1703/1541 1572/1732/1572 1573/1735/1573
f 1569/1707/1569 1568/1704/1568 1599/1733/1599 1600/1736/1600
f 1556/1708/1556 1555/1705/1555 1586/1734/1586 1587/1737/1587
f 1543/1709/1543 1542/1706/1542 1573/1735/1573 1574/1738/1574
f 19/1739/19 1569/1707/1569 1600/1736/1600
f 1557/1711/1557 1556/1708/1556 1587/1737/1587 1588/1740/1588
f 1544/1712/1544 1543/1709/1543 1574/1738/1574 1575/1741/1575
f 1558/1680/1558 1557/1711/1557 1588/1740/1588 1589/1742/1589
f 1545/1682/1545 1544/1712/1544 1575/1741/1575 1576/1743/1576
f 1559/1681/1559 1558/1680/1558 1589/1742/1589 1590/1744/1590
f 1546/1683/1546 1545/1682/1545 1576/1743/1576 1577/1745/1577
f 1560/1684/1560 1559/1681/1559 1590/1744/1590 1591/1713/1591
f 1547/1685/1547 1546/1683/1546 1577/1745/1577 1578/1715/1578
f 1583/1724/1583 1582/1722/1582 1613/1746/1613 1614/1747/1614
f 1570/1726/1570 1/1748/1 1601/1749/1601
f 1597/1727/1597 1596/1723/1596 1627/1750/1627 1628/1751/1628
f 1584/1728/1584 1583/1724/1583 1614/1747/1614 1615/1752/1615
f 1571/1729/1571 1570/1726/1570 1601/1749/1601 1602/1753/1602
f 1598/1730/1598 1597/1727/1597 1628/1751/1628 1629/1754/1629
f 1585/1731/1585 1584/1728/1584 1615/1752/1615 1616/1755/1616
f 1572/1732/1572 1571/1729/1571 1602/1753/1602 1603/1756/1603
f 1599/1733/1599 1598/1730/1598 1629/1754/1629 1630/1757/1630
f 1586/1734/1586 1585/1731/1585 1616/1755/1616 1617/1758/1617
f 1573/1735/1573 1572/1732/1572 1603/1756/1603 1604/1759/1604
f 1600/1736/1600 1599/1733/1599 1630/1757/1630 1631/1760/1631
f 1587/1737/1587 1586/1734/1586 1617/1758/1617 1618/1761/1618
f 1574/1738/1574 1573/1735/1573 1604/1759/1604 1605/1762/1605
f 19/1763/19 1600/1736/1600 1631/1760/1631
f 1588/1740/1588 1587/1737/1587 1618/1761/1618 1619/1764/1619
f 1575/1741/1575 1574/1738/1574 1605/1762/1605 1606/1765/1606
f 1589/1742/1589 1588/1740/1588 1619/1764/1619 1620/1766/1620
f 1576/1743/1576 1575/1741/1575 1606/1765/1606 1607/1767/1607
f 1590/1744/1590 1589/1742/1589 1620/1766/1620 1621/1768/1621
f 1577/1745/1577 1576/1743/1576 1607/1767/1607 1608/1769/1608
f 1591/1713/1591 1590/1744/1590 1621/1768/1621 1622/1770/1622
f 1578/1715/1578 1577/1745/1577 1608/1769/1608 1609/1771/1609
f 1592/1714/1592 1591/1713/1591 1622/1770/1622 1623/1772/1623
f 1579/1716/1579 1578/1715/1578 1609/1771/1609 1610/1773/1610
f 1593/1717/1593 1592/1714/1592 1623/1772/1623 1624/1774/1624
f 1580/1718/1580 1579/1716/1579 1610/1773/1610 1611/1775/1611
f 1594/1719/1594 1593/1717/1593 1624/1774/1624 1625/1776/1625
f 1581/1720/1581 1580/1718/1580 1611/1775/1611 1612/1777/1612
f 1595/1721/1595 1594/1719/1594 1625/1776/1625 1626/1778/1626
f 1582/1722/1582 1581/1720/1581 1612/1777/1612 1613/1746/1613
f 1596/1723/1596 1595/1721/1595 1626/1778/1626 1627/1750/1627
f 1616/1755/1616 1615/1752/1615 1646/1779/1646 1647/1780/1647
f 1603/1756/1603 1602/1753/1602 1633/1781/1633 1634/1782/1634
f 1630/1757/1630 1629/1754/1629 1660/1783/1660 1661/1784/1661
f 1617/1758/1617 1616/1755/1616 1647/1780/1647 1648/1785/1648
f 1604/1759/1604 1603/1756/1603 1634/1782/1634 1635/1786/1635
f 1631/1760/1631 1630/1757/1630 1661/1784/1661 1662/1787/1662
f 1618/1761/1618 1617/1758/1617 1648/1785/1648 1649/1788/1649
f 1605/1762/1605 1604/1759/1604 1635/1786/1635 1636/1789/1636
f 19/1790/19 1631/1760/1631 1662/1787/1662
f 1619/1764/1619 1618/1761/1618 1649/1788/1649 1650/1791/1650
f 1606/1765/1606 1605/1762/1605 1636/1789/1636 1637/1792/1637
f 1620/1766/1620 1619/1764/1619 1650/1791/1650 1651/1793/1651
f 1607/1767/1607 1606/1765/1606 1637/1792/1637 1638/1794/1638
f 1621/1768/1621 1620/1766/1620 1651/1793/1651 1652/1795/1652
f 1608/1769/1608 1607/1767/1607 1638/1794/1638 1639/1796/1639
f 1622/1770/1622 1621/1768/1621 1652/1795/1652 1653/1797/1653
f 1609/1771/1609 1608/1769/1608 1639/1796/1639 1640/1798/1640
f 1623/1772/1623 1622/1770/1622 1653/1797/1653 1654/1799/1654
f 1610/1773/1610 1609/1771/1609 1640/1798/1640 1641/1800/1641
f 1624/1774/1624 1623/1772/1623 1654/1799/1654 1655/1801/1655
f 1611/1775/1611 1610/1773/1610 1641/1800/1641 1642/1802/1642
f 1625/1776/1625 1624/1774/1624 1655/1801/1655 1656/1803/1656
f 1612/1777/1612 1611/1775/1611 1642/1802/1642 1643/1804/1643
f 1626/1778/1626 1625/1776/1625 1656/1803/1656 1657/1805/1657
f 1613/1746/1613 1612/1777/1612 1643/1804/1643 1644/1806/1644
f 1627/1750/1627 1626/1778/1626 1657/1805/1657 1658/1807/1658
f 1614/1747/1614 1613/1746/1613 1644/1806/1644 1645/1808/1645
f 1601/1749/1601 1/1809/1 1632/1810/1632
f 1628/1751/1628 1627/1750/1627 1658/1807/1658 1659/1811/1659
f 1615/1752/1615 1614/1747/1614 1645/1808/1645 1646/1779/1646
f 1602/1753/1602 1601/1749/1601 1632/1810/1632 1633/1781/1633
f 1629/1754/1629 1628/1751/1628 1659/1811/1659 1660/1783/1660
f 1649/1788/1649 1648/1785/1648 1679/1812/1679 1680/1813/1680
f 1636/1789/1636 1635/1786/1635 1666/1814/1666 1667/1815/1667
f 19/1816/19 1662/1787/1662 1693/1817/1693
f 1650/1791/1650 1649/1788/1649 1680/1813/1680 1681/1818/1681
f 1637/1792/1637 1636/1789/1636 1667/1815/1667 1668/1819/1668
f 1651/1793/1651 1650/1791/1650 1681/1818/1681 1682/1820/1682
f 1638/1794/1638 1637/1792/1637 1668/1819/1668 1669/1821/1669
f 1652/1795/1652 1651/1793/1651 1682/1820/1682 1683/1822/1683
f 1639/1796/1639 1638/1794/1638 1669/1821/1669 1670/1823/1670
f 1653/1797/1653 1652/1795/1652 1683/1822/1683 1684/1824/1684
f 1640/1798/1640 1639/1796/1639 1670/1823/1670 1671/1825/1671
f 1654/1799/1654 1653/1797/1653 1684/1824/1684 1685/1826/1685
f 1641/1800/1641 1640/1798/1640 1671/1825/1671 1672/1827/1672
f 1655/1801/1655 1654/1799/1654 1685/1826/1685 1686/1828/1686
f 1642/1802/1642 1641/1800/1641 1672/1827/1672 1673/1829/1673
f 1656/1803/1656 1655/1801/1655 1686/1828/1686 1687/1830/1687
f 1643/1804/1643 1642/1802/1642 1673/1829/1673 1674/1831/1674
f 1657/1805/1657 1656/1803/1656 1687/1830/1687 1688/1832/1688
f 1644/1806/1644 1643/1804/1643 1674/1831/1674 1675/1833/1675
f 1658/1807/1658 1657/1805/1657 1688/1832/1688 1689/1834/1689
f 1645/1808/1645 1644/1806/1644 1675/1833/1675 1676/1835/1676
f 1632/1810/1632 1/1836/1 1663/1837/1663
f 1659/1811/1659 1658/1807/1658 1689/1834/1689 1690/1838/1690
f 1646/1779/1646 1645/1808/1645 1676/1835/1676 1677/1839/1677
f 1633/1781/1633 1632/1810/1632 1663/1837/1663 1664/1840/1664
f 1660/1783/1660 1659/1811/1659 1690/1838/1690 1691/1841/1691
f 1647/1780/1647 1646/1779/1646 1677/1839/1677 1678/1842/1678
f 1634/1782/1634 1633/1781/1633 1664/1840/1664 1665/1843/1665
f 1661/1784/1661 1660/1783/1660 1691/1841/1691 1692/1844/1692
f 1648/1785/1648 1647/1780/1647 1678/1842/1678 1679/1812/1679
f 1635/1786/1635 1634/1782/1634 1665/1843/1665 1666/1814/1666
f 1662/1787/1662 1661/1784/1661 1692/1844/1692 1693/1817/1693
f 1682/1820/1682 1681/1818/1681 1712/1845/1712 1713/1846/1713
f 1669/1821/1669 1668/1819/1668 1699/1847/1699 1700/1848/1700
f 1683/1822/1683 1682/1820/1682 1713/1846/1713 1714/1849/1714
f 1670/1823/1670 1669/1821/1669 1700/1848/1700 1701/1850/1701
f 1684/1824/1684 1683/1822/1683 1714/1849/1714 1715/1851/1715
f 1671/1825/1671 1670/1823/1670 1701/1850/1701 1702/1852/1702
f 1685/1826/1685 1684/1824/1684 1715/1851/1715 1716/1853/1716
f 1672/1827/1672 1671/1825/1671 1702/1852/1702 1703/1854/1703
f 1686/1828/1686 1685/1826/1685 1716/1853/1716 1717/1855/1717
f 1673/1829/1673 1672/1827/1672 1703/1854/1703 1704/1856/1704
f 1687/1830/1687 1686/1828/1686 1717/1855/1717 1718/1857/1718
f 1674/1831/1674 1673/1829/1673 1704/1856/1704 1705/1858/1705
f 1688/1832/1688 1687/1830/1687 1718/1857/1718 1719/1859/1719
f 1675/1833/1675 1674/1831/1674 1705/1858/1705 1706/1860/1706
f 1689/1834/1689 1688/1832/1688 1719/1859/1719 1720/1861/1720
f 1676/1835/1676 1675/1833/1675 1706/1860/1706 1707/1862/1707
f 1663/1837/1663 1/1863/1 1694/1864/1694
f 1690/1838/1690 1689/1834/1689 1720/1861/1720 1721/1865/1721
f 1677/1839/1677 1676/1835/1676 1707/1862/1707 1708/1866/1708
f 1664/1840/1664 1663/1837/1663 1694/1864/1694 1695/1867/1695
f 1691/1841/1691 1690/1838/1690 1721/1865/1721 1722/1868/1722
f 1678/1842/1678 1677/1839/1677 1708/1866/1708 1709/1869/1709
f 1665/1843/1665 1664/1840/1664 1695/1867/1695 1696/1870/1696
f 1692/1844/1692 1691/1841/1691 1722/1868/1722 1723/1871/1723
f 1679/1812/1679 1678/1842/1678 1709/1869/1709 1710/1872/1710
f 1666/1814/1666 1665/1843/1665 1696/1870/1696 1697/1873/1697
f 1693/1817/1693 1692/1844/1692 1723/1871/1723 1724/1874/1724
f 1680/1813/1680 1679/1812/1679 1710/1872/1710 1711/1875/1711
f 1667/1815/1667 1666/1814/1666 1697/1873/1697 1698/1876/1698
f 19/1877/19 1693/1817/1693 1724/1874/1724
f 1681/1818/1681 1680/1813/1680 1711/1875/1711 1712/1845/1712
f 1668/1819/1668 1667/1815/1667 1698/1876/1698 1699/1847/1699
f 1715/1851/1715 1714/1849/1714 1745/1878/1745 1746/1879/1746
f 1702/1852/1702 1701/1850/1701 1732/1880/1732 1733/1881/1733
f 1716/1853/1716 1715/1851/1715 1746/1879/1746 1747/1882/1747
f 1703/1854/1703 1702/1852/1702 1733/1881/1733 1734/1883/1734
f 1717/1855/1717 1716/1853/1716 1747/1882/1747 1748/1884/1748
f 1704/1856/1704 1703/1854/1703 1734/1883/1734 1735/1885/1735
f 1718/1857/1718 1717/1855/1717 1748/1884/1748 1749/1886/1749
f 1705/1858/1705 1704/1856/1704 1735/1885/1735 1736/1887/1736
f 1719/1859/1719 1718/1857/1718 1749/1886/1749 1750/1888/1750
f 1706/1860/1706 1705/1858/1705 1736/1887/1736 1737/1889/1737
f 1720/1861/1720 1719/1859/1719 1750/1888/1750 1751/1890/1751
f 1707/1862/1707 1706/1860/1706 1737/1889/1737 1738/1891/1738
f 1694/1864/1694 1/1892/1 1725/1893/1725
f 1721/1865/1721 1720/1861/1720 1751/1890/1751 1752/1894/1752
f 1708/1866/1708 1707/1862/1707 1738/1891/1738 1739/1895/1739
f 1695/1867/1695 1694/1864/1694 1725/1893/1725 1726/1896/1726
f 1722/1868/1722 1721/1865/1721 1752/1894/1752 1753/1897/1753
f 1709/1869/1709 1708/1866/1708 1739/1895/1739 1740/1898/1740
f 1696/1870/1696 1695/1867/1695 1726/1896/1726 1727/1899/1727
f 1723/1871/1723 1722/1868/1722 1753/1897/1753 1754/1900/1754
f 1710/1872/1710 1709/1869/1709 1740/1898/1740 1741/1901/1741
f 1697/1873/1697 1696/1870/1696 1727/1899/1727 1728/1902/1728
f 1724/1874/1724 1723/1871/1723 1754/1900/1754 1755/1903/1755
f 1711/1875/1711 1710/1872/1710 1741/1901/1741 1742/1904/1742
f 1698/1876/1698 1697/1873/1697 1728/1902/1728 1729/1905/1729
f 19/1906/19 1724/1874/1724 1755/1903/1755
f 1712/1845/1712 1711/1875/1711 1742/1904/1742 1743/1907/1743
f 1699/1847/1699 1698/1876/1698 1729/1905/1729 1730/1908/1730
f 1713/1846/1713 1712/1845/1712 1743/1907/1743 1744/1909/1744
f 1700/1848/1700 1699/1847/1699 1730/1908/1730 1731/1910/1731
f 1714/1849/1714 1713/1846/1713 1744/1909/1744 1745/1878/1745
f 1701/1850/1701 1700/1848/1700 1731/1910/1731 1732/1880/1732
f 1748/1884/1748 1747/1882/1747 1778/1911/1778 1779/1912/1779
f 1735/1885/1735 1734/1883/1734 1765/1913/1765 1766/1914/1766
f 1749/1886/1749 1748/1884/1748 1779/1912/1779 1780/1915/1780
f 1736/1887/1736 1735/1885/1735 1766/1914/1766 1767/1916/1767
f 1750/1888/1750 1749/1886/1749 1780/1915/1780 1781/1917/1781
f 1737/1889/1737 1736/1887/1736 1767/1916/1767 1768/1918/1768
f 1751/1890/1751 1750/1888/1750 1781/1917/1781 1782/1919/1782
f 1738/1891/1738 1737/1889/1737 1768/1918/1768 1769/1920/1769
f 1725/1893/1725 1/1921/1 1756/1922/1756
f 1752/1894/1752 1751/1890/1751 1782/1919/1782 1783/1923/1783
f 1739/1895/1739 1738/1891/1738 1769/1920/1769 1770/1924/1770
f 1726/1896/1726 1725/1893/1725 1756/1922/1756 1757/1925/1757
f 1753/1897/1753 1752/1894/1752 1783/1923/1783 1784/1926/1784
f 1740/1898/1740 1739/1895/1739 1770/1924/1770 1771/1927/1771
f 1727/1899/1727 1726/1896/1726 1757/1925/1757 1758/1928/1758
f 1754/1900/1754 1753/1897/1753 1784/1926/1784 1785/1929/1785
f 1741/1901/1741 1740/1898/1740 1771/1927/1771 1772/1930/1772
f 1728/1902/1728 1727/1899/1727 1758/1928/1758 1759/1931/1759
f 1755/1903/1755 1754/1900/1754 1785/1929/1785 1786/1932/1786
f 1742/1904/1742 1741/1901/1741 1772/1930/1772 1773/1933/1773
f 1729/1905/1729 1728/1902/1728 1759/1931/1759 1760/1934/1760
f 19/1935/19 1755/1903/1755 1786/1932/1786
f 1743/1907/1743 1742/1904/1742 1773/1933/1773 1774/1936/1774
f 1730/1908/1730 1729/1905/1729 1760/1934/1760 1761/1937/1761
f 1744/1909/1744 1743/1907/1743 1774/1936/1774 1775/1938/1775
f 1731/1910/1731 1730/1908/1730 1761/1937/1761 1762/1939/1762
f 1745/1878/1745 1744/1909/1744 1775/1938/1775 1776/1940/1776
f 1732/1880/1732 1731/1910/1731 1762/1939/1762 1763/1941/1763
f 1746/1879/1746 1745/1878/1745 1776/1940/1776 1777/1942/1777
f 1733/1881/1733 1732/1880/1732 1763/1941/1763 1764/1943/1764
f 1747/1882/1747 1746/1879/1746 1777/1942/1777 1778/1911/1778
f 1734/1883/1734 1733/1881/1733 1764/1943/1764 1765/1913/1765
f 1781/1917/1781 1780/1915/1780 1811/1944/1811 1812/1945/1812
f 1768/1918/1768 1767/1916/1767 1798/1946/1798 1799/1947/1799
f 1782/1919/1782 1781/1917/1781 1812/1945/1812 1813/1948/1813
f 1769/1920/1769 1768/1918/1768 1799/1947/1799 1800/1949/1800
f 1756/1922/1756 1/1950/1 1787/1951/1787
f 1783/1923/1783 1782/1919/1782 1813/1948/1813 1814/1952/1814
f 1770/1924/1770 1769/1920/1769 1800/1949/1800 1801/1953/1801
f 1757/1925/1757 1756/1922/1756 1787/1951/1787 1788/1954/1788
f 1784/1926/1784 1783/1923/1783 1814/1952/1814 1815/1955/1815
f 1771/1927/1771 1770/1924/1770 1801/1953/1801 1802/1956/1802
f 1758/1928/1758 1757/1925/1757 1788/1954/1788 1789/1957/1789
f 1785/1929/1785 1784/1926/1784 1815/1955/1815 1816/1958/1816
f 1772/1930/1772 1771/1927/1771 1802/1956/1802 1803/1959/1803
f 1759/1931/1759 1758/1928/1758 1789/1957/1789 1790/1960/1790
f 1786/1932/1786 1785/1929/1785 1816/1958/1816 1817/1961/1817
f 1773/1933/1773 1772/1930/1772 1803/1959/1803 1804/1962/1804
f 1760/1934/1760 1759/1931/1759 1790/1960/1790 1791/1963/1791
f 19/1964/19 1786/1932/1786 1817/1961/1817
f 1774/1936/1774 1773/1933/1773 1804/1962/1804 1805/1965/1805
f 1761/1937/1761 1760/1934/1760 1791/1963/1791 1792/1966/1792
f 1775/1938/1775 1774/1936/1774 1805/1965/1805 1806/1967/1806
f 1762/1939/1762 1761/1937/1761 1792/1966/1792 1793/1968/1793
f 1776/1940/1776 1775/1938/1775 1806/1967/1806 1807/1969/1807
f 1763/1941/1763 1762/1939/1762 1793/1968/1793 1794/1970/1794
f 1777/1942/1777 1776/1940/1776 1807/1969/1807 1808/1971/1808
f 1764/1943/1764 1763/1941/1763 1794/1970/1794 1795/1972/1795
f 1778/1911/1778 1777/1942/1777 1808/1971/1808 1809/1973/1809
f 1765/1913/1765 1764/1943/1764 1795/1972/1795 1796/1974/1796
f 1779/1912/1779 1778/1911/1778 1809/1973/1809 1810/1975/1810
f 1766/1914/1766 1765/1913/1765 1796/1974/1796 1797/1976/1797
f 1780/1915/1780 1779/1912/1779 1810/1975/1810 1811/1944/1811
f 1767/1916/1767 1766/1914/1766 1797/1976/1797 1798/1946/1798
f 1814/1952/1814 1813/1948/1813 1844/1977/1844 1845/1978/1845
f 1801/1953/1801 1800/1949/1800 1831/1979/1831 1832/1980/1832
f 1788/1954/1788 1787/1951/1787 1818/1981/1818 1819/1982/1819
f 1815/1955/1815 1814/1952/1814 1845/1978/1845 1846/1983/1846
f 1802/1956/1802 1801/1953/1801 1832/1980/1832 1833/1984/1833
f 1789/1957/1789 1788/1954/1788 1819/1982/1819 1820/1985/1820
f 1816/1958/1816 1815/1955/1815 1846/1983/1846 1847/1986/1847
f 1803/1959/1803 1802/1956/1802 1833/1984/1833 1834/1987/1834
f 1790/1960/1790 1789/1957/1789 1820/1985/1820 1821/1988/1821
f 1817/1961/1817 1816/1958/1816 1847/1986/1847 1848/1989/1848
f 1804/1962/1804 1803/1959/1803 1834/1987/1834 1835/1990/1835
f 1791/1963/1791 1790/1960/1790 1821/1988/1821 1822/1991/1822
f 19/1992/19 1817/1961/1817 1848/1989/1848
f 1805/1965/1805 1804/1962/1804 1835/1990/1835 1836/1993/1836
f 1792/1966/1792 1791/1963/1791 1822/1991/1822 1823/1994/1823
f 1806/1967/1806 1805/1965/1805 1836/1993/1836 1837/1995/1837
f 1793/1968/1793 1792/1966/1792 1823/1994/1823 1824/1996/1824
f 1807/1969/1807 1806/1967/1806 1837/1995/1837 1838/1997/1838
f 1794/1970/1794 1793/1968/1793 1824/1996/1824 1825/1998/1825
f 1808/1971/1808 1807/1969/1807 1838/1997/1838 1839/1999/1839
f 1795/1972/1795 1794/1970/1794 1825/1998/1825 1826/2000/1826
f 1809/1973/1809 1808/1971/1808 1839/1999/1839 1840/2001/1840
f 1796/1974/1796 1795/1972/1795 1826/2000/1826 1827/2002/1827
f 1810/1975/1810 1809/1973/1809 1840/2001/1840 1841/2003/1841
f 1797/1976/1797 1796/1974/1796 1827/2002/1827 1828/2004/1828
f 1811/1944/1811 1810/1975/1810 1841/2003/1841 1842/2005/1842
f 1798/1946/1798 1797/1976/1797 1828/2004/1828 1829/2006/1829
f 1812/1945/1812 1811/1944/1811 1842/2005/1842 1843/2007/1843
f 1799/1947/1799 1798/1946/1798 1829/2006/1829 1830/2008/1830
f 1813/1948/1813 1812/1945/1812 1843/2007/1843 1844/1977/1844
f 1800/1949/1800 1799/1947/1799 1830/2008/1830 1831/1979/1831
f 1787/1951/1787 1/2009/1 1818/1981/1818
f 1847/1986/1847 1846/1983/1846 1877/2010/1877 1878/2011/1878
f 1834/1987/1834 1833/1984/1833 1864/2012/1864 1865/2013/1865
f 1821/1988/1821 1820/1985/1820 1851/2014/1851 1852/2015/1852
f 1848/1989/1848 1847/1986/1847 1878/2011/1878 1879/2016/1879
f 1835/1990/1835 1834/1987/1834 1865/2013/1865 1866/2017/1866
f 1822/1991/1822 1821/1988/1821 1852/2015/1852 1853/2018/1853
f 19/2019/19 1848/1989/1848 1879/2016/1879
f 1836/1993/1836 1835/1990/1835 1866/2017/1866 1867/2020/1867
f 1823/1994/1823 1822/1991/1822 1853/2018/1853 1854/2021/1854
f 1837/1995/1837 1836/1993/1836 1867/2020/1867 1868/2022/1868
f 1824/1996/1824 1823/1994/1823 1854/2021/1854 1855/2023/1855
f 1838/1997/1838 1837/1995/1837 1868/2022/1868 1869/2024/1869
f 1825/1998/1825 1824/1996/1824 1855/2023/1855 1856/2025/1856
f 1839/1999/1839 1838/1997/1838 1869/2024/1869 1870/2026/1870
f 1826/2000/1826 1825/1998/1825 1856/2025/1856 1857/2027/1857
f 1840/2001/1840 1839/1999/1839 1870/2026/1870 1871/2028/1871
f 1827/2002/1827 1826/2000/1826 1857/2027/1857 1858/2029/1858
f 1841/2003/1841 1840/2001/1840 1871/2028/1871 1872/2030/1872
f 1828/2004/1828 1827/2002/1827 1858/2029/1858 1859/2031/1859
f 1842/2005/1842 1841/2003/1841 1872/2030/1872 1873/2032/1873
f 1829/2006/1829 1828/2004/1828 1859/2031/1859 1860/2033/1860
f 1843/2007/1843 1842/2005/1842 1873/2032/1873 1874/2034/1874
f 1830/2008/1830 1829/2006/1829 1860/2033/1860 1861/2035/1861
f 1844/1977/1844 1843/2007/1843 1874/2034/1874 1875/2036/1875
f 1831/1979/1831 1830/2008/1830 1861/2035/1861 1862/2037/1862
f 1818/1981/1818 1/2038/1 1849/2039/1849
f 1845/1978/1845 1844/1977/1844 1875/2036/1875 1876/2040/1876
f 1832/1980/1832 1831/1979/1831 1862/2037/1862 1863/2041/1863
f 1819/1982/1819 1818/1981/1818 1849/2039/1849 1850/2042/1850
f 1846/1983/1846 1845/1978/1845 1876/2040/1876 1877/2010/1877
f 1833/1984/1833 1832/1980/1832 1863/2041/1863 1864/2012/1864
f 1820/1985/1820 1819/1982/1819 1850/2042/1850 1851/2014/1851
f 19/2043/19 1879/2016/1879 1910/2044/1910
f 1867/2020/1867 1866/2017/1866 1897/2045/1897 1898/2046/1898
f 1854/2021/1854 1853/2018/1853 1884/2047/1884 1885/2048/1885
f 1868/2022/1868 1867/2020/1867 1898/2046/1898 1899/2049/1899
f 1855/2023/1855 1854/2021/1854 1885/2048/1885 1886/2050/1886
f 1869/2024/1869 1868/2022/1868 1899/2049/1899 1900/2051/1900
f 1856/2025/1856 1855/2023/1855 1886/2050/1886 1887/2052/1887
f 1870/2026/1870 1869/2024/1869 1900/2051/1900 1901/2053/1901
f 1857/2027/1857 1856/2025/1856 1887/2052/1887 1888/2054/1888
f 1871/2028/1871 1870/2026/1870 1901/2053/1901 1902/2055/1902
f 1858/2029/1858 1857/2027/1857 1888/2054/1888 1889/2056/1889
f 1872/2030/1872 1871/2028/1871 1902/2055/1902 1903/2057/1903
f 1859/2031/1859 1858/2029/1858 1889/2056/1889 1890/2058/1890
f 1873/2032/1873 1872/2030/1872 1903/2057/1903 1904/2059/1904
f 1860/2033/1860 1859/2031/1859 1890/2058/1890 1891/2060/1891
f 1874/2034/1874 1873/2032/1873 1904/2059/1904 1905/2061/1905
f 1861/2035/1861 1860/2033/1860 1891/2060/1891 1892/2062/1892
f 1875/2036/1875 1874/2034/1874 1905/2061/1905 1906/2063/1906
f 1862/2037/1862 1861/2035/1861 1892/2062/1892 1893/2064/1893
f 1849/2039/1849 1/2065/1 1880/2066/1880
f 1876/2040/1876 1875/2036/1875 1906/2063/1906 1907/2067/1907
f 1863/2041/1863 1862/2037/1862 1893/2064/1893 1894/2068/1894
f 1850/2042/1850 1849/2039/1849 1880/2066/1880 1881/2069/1881
f 1877/2010/1877 1876/2040/1876 1907/2067/1907 1908/2070/1908
f 1864/2012/1864 1863/2041/1863 1894/2068/1894 1895/2071/1895
f 1851/2014/1851 1850/2042/1850 1881/2069/1881 1882/2072/1882
f 1878/2011/1878 1877/2010/1877 1908/2070/1908 1909/2073/1909
f 1865/2013/1865 1864/2012/1864 1895/2071/1895 1896/2074/1896
f 1852/2015/1852 1851/2014/1851 1882/2072/1882 1883/2075/1883
f 1879/2016/1879 1878/2011/1878 1909/2073/1909 1910/2044/1910
f 1866/2017/1866 1865/2013/1865 1896/2074/1896 1897/2045/1897
f 1853/2018/1853 1852/2015/1852 1883/2075/1883 1884/2047/1884
f 1900/2051/1900 1899/2049/1899 1930/2076/1930 1931/2077/1931
f 1887/2052/1887 1886/2050/1886 1917/2078/1917 1918/2079/1918
f 1901/2053/1901 1900/2051/1900 1931/2077/1931 1932/2080/1932
f 1888/2054/1888 1887/2052/1887 1918/2079/1918 1919/2081/1919
f 1902/2055/1902 1901/2053/1901 1932/2080/1932 1933/2082/1933
f 1889/2056/1889 1888/2054/1888 1919/2081/1919 1920/2083/1920
f 1903/2057/1903 1902/2055/1902 1933/2082/1933 1934/2084/1934
f 1890/2058/1890 1889/2056/1889 1920/2083/1920 1921/2085/1921
f 1904/2059/1904 1903/2057/1903 1934/2084/1934 1935/2086/1935
f 1891/2060/1891 1890/2058/1890 1921/2085/1921 1922/2087/1922
f 1905/2061/1905 1904/2059/1904 1935/2086/1935 1936/2088/1936
f 1892/2062/1892 1891/2060/1891 1922/2087/1922 1923/2089/1923
f 1906/2063/1906 1905/2061/1905 1936/2088/1936 1937/2090/1937
f 1893/2064/1893 1892/2062/1892 1923/2089/1923 1924/2091/1924
f 1880/2066/1880 1/2092/1 1911/2093/1911
f 1907/2067/1907 1906/2063/1906 1937/2090/1937 1938/2094/1938
f 1894/2068/1894 1893/2064/1893 1924/2091/1924 1925/2095/1925
f 1881/2069/1881 1880/2066/1880 1911/2093/1911 1912/2096/1912
f 1908/2070/1908 1907/2067/1907 1938/2094/1938 1939/2097/1939
f 1895/2071/1895 1894/2068/1894 1925/2095/1925 1926/2098/1926
f 1882/2072/1882 1881/2069/1881 1912/2096/1912 1913/2099/1913
f 1909/2073/1909 1908/2070/1908 1939/2097/1939 1940/2100/1940
f 1896/2074/1896 1895/2071/1895 1926/2098/1926 1927/2101/1927
f 1883/2075/1883 1882/2072/1882 1913/2099/1913 1914/2102/1914
f 1910/2044/1910 1909/2073/1909 1940/2100/1940 1941/2103/1941
f 1897/2045/1897 1896/2074/1896 1927/2101/1927 1928/2104/1928
f 1884/2047/1884 1883/2075/1883 1914/2102/1914 1915/2105/1915
f 19/2106/19 1910/2044/1910 1941/2103/1941
f 1898/2046/1898 1897/2045/1897 1928/2104/1928 1929/2107/1929
f 1885/2048/1885 1884/2047/1884 1915/2105/1915 1916/2108/1916
f 1899/2049/1899 1898/2046/1898 1929/2107/1929 1930/2076/1930
f 1886/2050/1886 1885/2048/1885 1916/2108/1916 1917/2078/1917
f 1933/2082/1933 1932/2080/1932 1963/2109/1963 1964/2110/1964
f 1920/2083/1920 1919/2081/1919 1950/2111/1950 1951/2112/1951
f 1934/2084/1934 1933/2082/1933 1964/2110/1964 1965/2113/1965
f 1921/2085/1921 1920/2083/1920 1951/2112/1951 1952/2114/1952
f 1935/2086/1935 1934/2084/1934 1965/2113/1965 1966/2115/1966
f 1922/2087/1922 1921/2085/1921 1952/2114/1952 1953/2116/1953
f 1936/2088/1936 1935/2086/1935 1966/2115/1966 1967/2117/1967
f 1923/2089/1923 1922/2087/1922 1953/2116/1953 1954/2118/1954
f 1937/2090/1937 1936/2088/1936 1967/2117/1967 1968/2119/1968
f 1924/2091/1924 1923/2089/1923 1954/2118/1954 1955/2120/1955
f 1911/2093/1911 1/2121/1 1942/2122/1942
f 1938/2094/1938 1937/2090/1937 1968/2119/1968 1969/2123/1969
f 1925/2095/1925 1924/2091/1924 1955/2120/1955 1956/2124/1956
f 1912/2096/1912 1911/2093/1911 1942/2122/1942 1943/2125/1943
f 1939/2097/1939 1938/2094/1938 1969/2123/1969 1970/2126/1970
f 1926/2098/1926 1925/2095/1925 1956/2124/1956 1957/2127/1957
f 1913/2099/1913 1912/2096/1912 1943/2125/1943 1944/2128/1944
f 1940/2100/1940 1939/2097/1939 1970/2126/1970 1971/2129/1971
f 1927/2101/1927 1926/2098/1926 1957/2127/1957 1958/2130/1958
f 1914/2102/1914 1913/2099/1913 1944/2128/1944 1945/2131/1945
f 1941/2103/1941 1940/2100/1940 1971/2129/1971 1972/2132/1972
f 1928/2104/1928 1927/2101/1927 1958/2130/1958 1959/2133/1959
f 1915/2105/1915 1914/2102/1914 1945/2131/1945 1946/2134/1946
f 19/2135/19 1941/2103/1941 1972/2132/1972
f 1929/2107/1929 1928/2104/1928 1959/2133/1959 1960/2136/1960
f 1916/2108/1916 1915/2105/1915 1946/2134/1946 1947/2137/1947
f 1930/2076/1930 1929/2107/1929 1960/2136/1960 1961/2138/1961
f 1917/2078/1917 1916/2108/1916 1947/2137/1947 1948/2139/1948
f 1931/2077/1931 1930/2076/1930 1961/2138/1961 1962/2140/1962
f 1918/2079/1918 1917/2078/1917 1948/2139/1948 1949/2141/1949
f 1932/2080/1932 1931/2077/1931 1962/2140/1962 1963/2109/1963
f 1919/2081/1919 1918/2079/1918 1949/2141/1949 1950/2111/1950
f 1966/2115/1966 1965/2113/1965 1984/2/1984 1985/1/1985
f 1953/2116/1953 1952/2114/1952 6/6/6 7/5/7
f 1967/2117/1967 1966/2115/1966 1985/1/1985 1986/9/1986
f 1954/2118/1954 1953/2116/1953 7/5/7 8/11/8
f 1968/2119/1968 1967/2117/1967 1986/9/1986 14/13/14
f 1955/2120/1955 1954/2118/1954 8/11/8 1979/15/1979
f 1942/2122/1942 1/2142/1 2/17/2
f 1969/2123/1969 1968/2119/1968 14/13/14 15/20/15
f 1956/2124/1956 1955/2120/1955 1979/15/1979 9/22/9
f 1943/2125/1943 1942/2122/1942 2/17/2 3/24/3
f 1970/2126/1970 1969/2123/1969 15/20/15 16/26/16
f 1957/2127/1957 1956/2124/1956 9/22/9 10/28/10
f 1944/2128/1944 1943/2125/1943 3/24/3 4/30/4
f 1971/2129/1971 1970/2126/1970 16/26/16 17/32/17
f 1958/2130/1958 1957/2127/1957 10/28/10 11/34/11
f 1945/2131/1945 1944/2128/1944 4/30/4 1973/36/1973
f 1972/2132/1972 1971/2129/1971 17/32/17 18/38/18
f 1959/2133/1959 1958/2130/1958 11/34/11 1980/40/1980
f 1946/2134/1946 1945/2131/1945 1973/36/1973 5/42/5
f 19/2143/19 1972/2132/1972 18/38/18
f 1960/2136/1960 1959/2133/1959 1980/40/1980 12/45/12
f 1947/2137/1947 1946/2134/1946 5/42/5 1974/47/1974
f 1961/2138/1961 1960/2136/1960 12/45/12 1981/49/1981
f 1948/2139/1948 1947/2137/1947 1974/47/1974 1975/51/1975
f 1962/2140/1962 1961/2138/1961 1981/49/1981 13/53/13
f 1949/2141/1949 1948/2139/1948 1975/51/1975 1976/55/1976
f 1963/2109/1963 1962/2140/1962 13/53/13 1982/57/1982
f 1950/2111/1950 1949/2141/1949 1976/55/1976 1977/59/1977
f 1964/2110/1964 1963/2109/1963 1982/57/1982 1983/61/1983
f 1951/2112/1951 1950/2111/1950 1977/59/1977 1978/63/1978
f 1965/2113/1965 1964/2110/1964 1983/61/1983 1984/2/1984
f 1952/2114/1952 1951/2112/1951 1978/63/1978 6/6/6
o Eye_L
v -0.266006 1.322428 0.962518
v -0.263832 1.320646 0.954444
v -0.256413 1.276929 0.926893
v -0.254205 1.252885 0.918690
v -0.252391 1.226600 0.911954
v -0.251096 1.199865 0.907144
v -0.250407 1.174502 0.904587
v -0.250373 1.152240 0.904459
v -0.252229 1.122771 0.911353
v -0.253994 1.117573 0.917907
v -0.259695 1.320587 0.955826
v -0.253404 1.311892 0.948069
v -0.247563 1.296935 0.939777
v -0.242570 1.276735 0.931515
v -0.238764 1.252668 0.923845
v -0.236406 1.226375 0.917291
v -0.235655 1.199648 0.912299
v -0.236564 1.174307 0.909209
v -0.239069 1.152081 0.908232
v -0.243001 1.134483 0.909435
v -0.248092 1.122713 0.912735
v -0.255974 1.320417 0.957611
v -0.246215 1.311563 0.951519
v -0.237397 1.296469 0.944655
v -0.230118 1.276164 0.937490
v -0.224877 1.252031 0.930509
v -0.222028 1.225716 0.924190
v -0.221768 1.199011 0.918963
v -0.224112 1.173736 0.915184
v -0.228903 1.151615 0.913111
v -0.235813 1.134153 0.912884
v -0.244371 1.122542 0.914520
v -0.252922 1.320145 0.959679
v -0.240321 1.311038 0.955514
v -0.229060 1.295727 0.950306
v -0.219908 1.275255 0.944410
v -0.213488 1.251018 0.938228
v -0.210238 1.224667 0.932181
v -0.210380 1.197998 0.926682
v -0.213902 1.172828 0.922104
v -0.220566 1.150873 0.918761
v -0.229918 1.133629 0.916880
v -0.241319 1.122271 0.916588
v -0.250748 1.319791 0.961889
v -0.236121 1.310355 0.959783
v -0.223121 1.294761 0.956343
v -0.212635 1.274072 0.951804
v -0.205376 1.249698 0.946475
v -0.201840 1.223300 0.940719
v -0.202267 1.196677 0.934929
v -0.206629 1.171644 0.929499
v -0.214628 1.149906 0.924798
v -0.225719 1.132945 0.921149
v -0.239146 1.121917 0.918798
v -0.249600 1.319379 0.964090
v -0.233904 1.309559 0.964035
v -0.219985 1.293635 0.962356
v -0.208794 1.272693 0.959169
v -0.201092 1.248160 0.954689
v -0.197405 1.221708 0.949223
v -0.197983 1.195140 0.943143
v -0.202788 1.170266 0.936863
v -0.211492 1.148781 0.930812
v -0.223501 1.132149 0.925401
v -0.237998 1.121505 0.920999
v -0.249557 1.318937 0.966132
v -0.233819 1.308705 0.967980
v -0.219866 1.292427 0.967935
v -0.208647 1.271214 0.966001
v -0.200929 1.246510 0.962310
v -0.197235 1.220000 0.957113
v -0.197820 1.193490 0.950764
v -0.202641 1.168786 0.943696
v -0.211372 1.147573 0.936390
v -0.223416 1.131295 0.929346
v -0.237954 1.121063 0.923041
v -0.250620 1.318495 0.967876
v -0.235873 1.307851 0.971349
v -0.222770 1.291219 0.972700
v -0.212205 1.269734 0.971837
v -0.204897 1.244860 0.968818
v -0.201343 1.218292 0.963851
v -0.201788 1.191840 0.957272
v -0.206199 1.167307 0.949531
v -0.214277 1.146365 0.941155
v -0.225470 1.130441 0.932715
v -0.239017 1.120621 0.924785
v -0.252718 1.318083 0.969203
v -0.239926 1.307055 0.973912
v -0.228502 1.290094 0.976325
v -0.219224 1.268356 0.976277
v -0.212726 1.243323 0.973771
v -0.209449 1.216700 0.968978
v -0.209617 1.190302 0.962225
v -0.213218 1.165928 0.953971
v -0.220008 1.145239 0.944780
v -0.229523 1.129645 0.935278
v -0.241115 1.120209 0.926112
v -0.255707 1.317729 0.970023
v -0.245701 1.306371 0.975496
v -0.236669 1.289127 0.978564
v -0.229227 1.267172 0.979019
v -0.223882 1.242002 0.976830
v -0.220999 1.215333 0.972145
v -0.220774 1.188982 0.965283
v -0.223221 1.164745 0.956714
v -0.228175 1.144273 0.947020
v -0.235298 1.128962 0.936862
v -0.244104 1.119855 0.926932
v -0.259384 1.317458 0.970279
v -0.252805 1.305847 0.975991
v -0.246716 1.288386 0.979265
v -0.241532 1.266264 0.979877
v -0.237606 1.240989 0.977787
v -0.235207 1.214284 0.973135
v -0.234498 1.187969 0.966240
v -0.235526 1.163836 0.957572
v -0.238222 1.143531 0.947720
v -0.242402 1.128437 0.937357
v -0.247782 1.119583 0.927188
v -0.263499 1.317287 0.969955
v -0.260754 1.305517 0.975365
v -0.257957 1.287919 0.978379
v -0.255300 1.265693 0.978792
v -0.252963 1.240352 0.976576
v -0.251105 1.213625 0.971882
v -0.249854 1.187332 0.965030
v -0.249294 1.163265 0.956487
v -0.249463 1.143065 0.946834
v -0.250351 1.128108 0.936730
v -0.251896 1.119413 0.926864
v -0.267771 1.317229 0.969072
v -0.269006 1.305405 0.973659
v -0.269627 1.287760 0.975967
v -0.269592 1.265498 0.975838
v -0.268904 1.240135 0.973282
v -0.267609 1.213400 0.968471
v -0.265795 1.187115 0.961735
v -0.263586 1.163071 0.953533
v -0.261133 1.142906 0.944422
v -0.258603 1.127995 0.935025
v -0.256168 1.119354 0.925981
v -0.271908 1.317287 0.967691
v -0.276998 1.305517 0.970991
v -0.280931 1.287919 0.972193
v -0.283436 1.265693 0.971216
v -0.284345 1.240352 0.968126
v -0.283594 1.213625 0.963134
v -0.281236 1.187332 0.956580
v -0.277430 1.163265 0.948911
v -0.272437 1.143065 0.940648
v -0.266596 1.128108 0.932356
v -0.260305 1.119413 0.924600
v -0.275629 1.317458 0.965905
v -0.284187 1.305847 0.967541
v -0.291097 1.288386 0.967315
v -0.295888 1.266264 0.965241
v -0.298232 1.240989 0.961462
v -0.297972 1.214284 0.956235
v -0.295123 1.187969 0.949916
v -0.289881 1.163836 0.942936
v -0.282603 1.143531 0.935770
v -0.273785 1.128437 0.928907
v -0.264026 1.119583 0.922814
v -0.278681 1.317729 0.963837
v -0.290082 1.306371 0.963546
v -0.299434 1.289127 0.961664
v -0.306098 1.267172 0.958321
v -0.309620 1.242002 0.953744
v -0.309762 1.215333 0.948244
v -0.306511 1.188982 0.942198
v -0.300092 1.164745 0.936016
v -0.290940 1.144273 0.930120
v -0.279679 1.128962 0.924911
v -0.267078 1.119855 0.920746
v -0.280854 1.318083 0.961627
v -0.294281 1.307055 0.959277
v -0.305372 1.290094 0.955627
v -0.313371 1.268356 0.950927
v -0.317733 1.243323 0.945496
v -0.318160 1.216700 0.939706
v -0.314624 1.190302 0.933950
v -0.307365 1.165928 0.928621
v -0.296879 1.145239 0.924082
v -0.283879 1.129645 0.920642
v -0.269252 1.120209 0.918536
v -0.282002 1.318495 0.959426
v -0.296499 1.307851 0.955025
v -0.308508 1.291219 0.949614
v -0.317212 1.269734 0.943562
v -0.322017 1.244860 0.937283
v -0.322595 1.218292 0.931202
v -0.318908 1.191840 0.925736
v -0.311206 1.167307 0.921257
v -0.300015 1.146365 0.918069
v -0.286096 1.130441 0.916390
v -0.270399 1.120621 0.916335
v -0.282046 1.318937 0.957384
v -0.296584 1.308705 0.951080
v -0.308628 1.292427 0.944035
v -0.317359 1.271214 0.936730
v -0.322180 1.246510 0.929662
v -0.322765 1.220000 0.923313
v -0.319071 1.193490 0.918115
v -0.311353 1.168786 0.914424
v -0.300134 1.147573 0.912490
v -0.286181 1.131295 0.912446
v -0.270443 1.121063 0.914293
v -0.280983 1.319379 0.955640
v -0.294530 1.309559 0.947711
v -0.305723 1.293635 0.939271
v -0.313801 1.272693 0.930894
v -0.318212 1.248160 0.923153
v -0.318657 1.221708 0.916575
v -0.315103 1.195140 0.911607
v -0.307795 1.170266 0.908589
v -0.297230 1.148781 0.907726
v -0.284127 1.132149 0.909077
v -0.269380 1.121505 0.912549
v -0.278885 1.319791 0.954313
v -0.290477 1.310355 0.945147
v -0.299992 1.294761 0.935645
v -0.306782 1.274072 0.926454
v -0.310383 1.249698 0.918201
v -0.310551 1.223300 0.911448
v -0.307274 1.196677 0.906655
v -0.300776 1.171644 0.904149
v -0.291498 1.149906 0.904100
v -0.280074 1.132945 0.906513
v -0.267282 1.121917 0.911222
v -0.275896 1.320145 0.953494
v -0.284702 1.311038 0.943564
v -0.291825 1.295727 0.933406
v -0.296779 1.275255 0.923712
v -0.299226 1.251018 0.915142
v -0.299001 1.224667 0.908281
v -0.296118 1.197998 0.903596
v -0.290773 1.172828 0.901406
v -0.283331 1.150873 0.901861
v -0.274299 1.133629 0.904930
v -0.264293 1.122271 0.910403
v -0.272218 1.320417 0.953237
v -0.277598 1.311563 0.943069
v -0.281778 1.296469 0.932705
v -0.284474 1.276164 0.922854
v -0.285502 1.252031 0.914185
v -0.284793 1.225716 0.907290
v -0.282394 1.199011 0.902639
v -0.278468 1.173736 0.900548
v -0.273284 1.151615 0.901161
v -0.267195 1.134153 0.904434
v -0.260615 1.122542 0.910146
v -0.268104 1.320587 0.953562
v -0.269649 1.311892 0.943695
v -0.270537 1.296935 0.933591
v -0.270706 1.276735 0.923939
v -0.270146 1.252668 0.915395
v -0.268895 1.226375 0.908543
v -0.267037 1.199648 0.903849
v -0.264700 1.174307 0.901633
v -0.262043 1.152081 0.902047
v -0.259246 1.134483 0.905061
v -0.256501 1.122713 0.910470
v -0.261397 1.312005 0.945401
v -0.258867 1.297094 0.936003
v -0.250994 1.134595 0.906766
vn -0.0572 0.9755 0.2124
vn 0.1363 0.8515 -0.5064
vn 0.2411 0.3740 -0.8955
vn 0.2486 0.2930 -0.9232
vn 0.2536 0.2200 -0.9420
vn 0.2572 0.1457 -0.9553
vn 0.2595 0.0603 -0.9639
vn 0.2596 -0.0525 -0.9643
vn 0.2182 -0.5439 -0.8103
vn 0.0572 -0.9755 -0.2124
vn 0.2137 0.8573 -0.4683
vn 0.3060 0.6301 -0.7137
vn 0.3398 0.4807 -0.8084
vn 0.3557 0.3764 -0.8555
vn 0.3647 0.2933 -0.8837
vn 0.3702 0.2183 -0.9029
vn 0.3735 0.1420 -0.9167
vn 0.3746 0.0543 -0.9256
vn 0.3715 -0.0612 -0.9264
vn 0.3569 -0.2392 -0.9030
vn 0.2966 -0.5564 -0.7762
vn 0.2822 0.8739 -0.3957
vn 0.4071 0.6508 -0.6408
vn 0.4539 0.4950 -0.7409
vn 0.4755 0.3836 -0.7917
vn 0.4871 0.2939 -0.8224
vn 0.4937 0.2126 -0.8432
vn 0.4968 0.1297 -0.8581
vn 0.4960 0.0347 -0.8676
vn 0.4882 -0.0894 -0.8682
vn 0.4615 -0.2768 -0.8428
vn 0.3683 -0.5938 -0.7154
vn 0.3390 0.8972 -0.2829
vn 0.5089 0.6848 -0.5215
vn 0.5777 0.5194 -0.6297
vn 0.6098 0.3953 -0.6870
vn 0.6264 0.2932 -0.7222
vn 0.6349 0.1998 -0.7463
vn 0.6375 0.1044 -0.7634
vn 0.6332 -0.0042 -0.7740
vn 0.6166 -0.1436 -0.7741
vn 0.5694 -0.3456 -0.7459
vn 0.4300 -0.6553 -0.6210
vn 0.3763 0.9182 -0.1240
vn 0.6043 0.7257 -0.3291
vn 0.7103 0.5499 -0.4394
vn 0.7622 0.4071 -0.5033
vn 0.7888 0.2852 -0.5445
vn 0.8010 0.1718 -0.5734
vn 0.8022 0.0561 -0.5944
vn 0.7904 -0.0741 -0.6081
vn 0.7563 -0.2353 -0.6104
vn 0.6733 -0.4516 -0.5854
vn 0.4733 -0.7359 -0.4842
vn 0.3819 0.9209 0.0781
vn 0.6622 0.7485 -0.0353
vn 0.8173 0.5644 -0.1160
vn 0.9004 0.3993 -0.1725
vn 0.9439 0.2510 -0.2146
vn 0.9624 0.1105 -0.2481
vn 0.9605 -0.0325 -0.2763
vn 0.9349 -0.1887 -0.3006
vn 0.8722 -0.3705 -0.3195
vn 0.7405 -0.5875 -0.3263
vn 0.4841 -0.8215 -0.3013
vn 0.3448 0.8892 0.3005
vn 0.6247 0.7062 0.3332
vn 0.7947 0.5078 0.3326
vn 0.8915 0.3247 0.3159
vn 0.9436 0.1579 0.2910
vn 0.9656 -0.0000 0.2600
vn 0.9621 -0.1579 0.2222
vn 0.9296 -0.3247 0.1745
vn 0.8542 -0.5078 0.1114
vn 0.7075 -0.7062 0.0256
vn 0.4491 -0.8892 -0.0868
vn 0.2673 0.8215 0.5036
vn 0.4766 0.5875 0.6540
vn 0.5938 0.3705 0.7143
vn 0.6576 0.1887 0.7294
vn 0.6919 0.0325 0.7212
vn 0.7077 -0.1105 0.6978
vn 0.7085 -0.2510 0.6595
vn 0.6921 -0.3993 0.6013
vn 0.6486 -0.5644 0.5107
vn 0.5549 -0.7485 0.3631
vn 0.3695 -0.9209 0.1242
vn 0.1662 0.7359 0.6564
vn 0.2883 0.4516 0.8444
vn 0.3476 0.2353 0.9077
vn 0.3782 0.0741 0.9227
vn 0.3953 -0.0561 0.9168
vn 0.4048 -0.1718 0.8981
vn 0.4087 -0.2852 0.8669
vn 0.4064 -0.4071 0.8180
vn 0.3936 -0.5499 0.7367
vn 0.3573 -0.7257 0.5880
vn 0.2632 -0.9182 0.2962
vn 0.0601 0.6553 0.7530
vn 0.1178 0.3456 0.9310
vn 0.1445 0.1436 0.9790
vn 0.1590 0.0042 0.9873
vn 0.1680 -0.1044 0.9802
vn 0.1744 -0.1998 0.9642
vn 0.1791 -0.2932 0.9391
vn 0.1824 -0.3953 0.9003
vn 0.1834 -0.5194 0.8346
vn 0.1783 -0.6848 0.7066
vn 0.1511 -0.8972 0.4149
vn -0.0407 0.5938 0.8036
vn -0.0241 0.2768 0.9606
vn -0.0137 0.0894 0.9959
vn -0.0067 -0.0347 0.9994
vn -0.0013 -0.1297 0.9916
vn 0.0036 -0.2126 0.9771
vn 0.0084 -0.2939 0.9558
vn 0.0137 -0.3836 0.9234
vn 0.0205 -0.4950 0.8686
vn 0.0303 -0.6508 0.7586
vn 0.0454 -0.8739 0.4840
vn -0.1332 0.5564 0.8202
vn -0.1447 0.2392 0.9601
vn -0.1438 0.0612 0.9877
vn -0.1408 -0.0543 0.9885
vn -0.1372 -0.1420 0.9803
vn -0.1332 -0.2183 0.9667
vn -0.1284 -0.2933 0.9474
vn -0.1219 -0.3764 0.9184
vn -0.1121 -0.4807 0.8697
vn -0.0938 -0.6301 0.7708
vn -0.0503 -0.8573 0.5123
vn -0.2182 0.5439 0.8103
vn -0.2532 0.2273 0.9403
vn -0.2596 0.0525 0.9643
vn -0.2595 -0.0603 0.9639
vn -0.2572 -0.1457 0.9553
vn -0.2536 -0.2200 0.9420
vn -0.2486 -0.2930 0.9232
vn -0.2411 -0.3740 0.8955
vn -0.2287 -0.4760 0.8492
vn -0.2033 -0.6232 0.7551
vn -0.1363 -0.8515 0.5064
vn -0.2966 0.5564 0.7762
vn -0.3569 0.2392 0.9030
vn -0.3715 0.0612 0.9264
vn -0.3746 -0.0543 0.9256
vn -0.3735 -0.1420 0.9167
vn -0.3702 -0.2183 0.9029
vn -0.3647 -0.2933 0.8837
vn -0.3557 -0.3764 0.8555
vn -0.3398 -0.4807 0.8084
vn -0.3060 -0.6301 0.7137
vn -0.2137 -0.8573 0.4683
vn -0.3683 0.5938 0.7154
vn -0.4615 0.2768 0.8428
vn -0.4882 0.0894 0.8682
vn -0.4960 -0.0347 0.8676
vn -0.4968 -0.1297 0.8581
vn -0.4937 -0.2126 0.8432
vn -0.4871 -0.2939 0.8224
vn -0.4755 -0.3836 0.7917
vn -0.4539 -0.4950 0.7409
vn -0.4071 -0.6508 0.6408
vn -0.2822 -0.8739 0.3957
vn -0.4300 0.6553 0.6210
vn -0.5694 0.3456 0.7459
vn -0.6166 0.1436 0.7741
vn -0.6332 0.0042 0.7740
vn -0.6375 -0.1044 0.7634
vn -0.6349 -0.1998 0.7463
vn -0.6264 -0.2932 0.7222
vn -0.6098 -0.3953 0.6870
vn -0.5777 -0.5194 0.6297
vn -0.5089 -0.6848 0.5215
vn -0.3390 -0.8972 0.2829
vn -0.4733 0.7359 0.4842
vn -0.6733 0.4516 0.5854
vn -0.7563 0.2353 0.6104
vn -0.7904 0.0741 0.6081
vn -0.8022 -0.0561 0.5944
vn -0.8010 -0.1718 0.5734
vn -0.7888 -0.2852 0.5445
vn -0.7622 -0.4071 0.5033
vn -0.7103 -0.5499 0.4394
vn -0.6043 -0.7257 0.3291
vn -0.3763 -0.9182 0.1240
vn -0.4841 0.8215 0.3013
vn -0.7405 0.5875 0.3263
vn -0.8722 0.3705 0.3195
vn -0.9349 0.1887 0.3006
vn -0.9605 0.0325 0.2763
vn -0.9624 -0.1105 0.2481
vn -0.9439 -0.2510 0.2146
vn -0.9004 -0.3993 0.1725
vn -0.8173 -0.5644 0.1160
vn -0.6622 -0.7485 0.0353
vn -0.3819 -0.9209 -0.0781
vn -0.4491 0.8892 0.0868
vn -0.7075 0.7062 -0.0256
vn -0.8542 0.5078 -0.1114
vn -0.9296 0.3247 -0.1745
vn -0.9621 0.1579 -0.2222
vn -0.9656 -0.0000 -0.2600
vn -0.9436 -0.1579 -0.2910
vn -0.8915 -0.3247 -0.3159
vn -0.7947 -0.5078 -0.3326
vn -0.6247 -0.7062 -0.3332
vn -0.3448 -0.8892 -0.3005
vn -0.3695 0.9209 -0.1242
vn -0.5549 0.7485 -0.3631
vn -0.6486 0.5644 -0.5107
vn -0.6921 0.3993 -0.6013
vn -0.7085 0.2510 -0.6595
vn -0.7077 0.1105 -0.6978
vn -0.6919 -0.0325 -0.7212
vn -0.6576 -0.1887 -0.7294
vn -0.5938 -0.3705 -0.7143
vn -0.4766 -0.5875 -0.6540
vn -0.2673 -0.8215 -0.5036
vn -0.2632 0.9182 -0.2962
vn -0.3573 0.7257 -0.5880
vn -0.3936 0.5499 -0.7367
vn -0.4064 0.4071 -0.8180
vn -0.4087 0.2852 -0.8669
vn -0.4048 0.1718 -0.8981
vn -0.3953 0.0561 -0.9168
vn -0.3782 -0.0741 -0.9227
vn -0.3476 -0.2353 -0.9077
vn -0.2883 -0.4516 -0.8444
vn -0.1662 -0.7359 -0.6564
vn -0.1511 0.8972 -0.4149
vn -0.1783 0.6848 -0.7066
vn -0.1834 0.5194 -0.8346
vn -0.1824 0.3953 -0.9003
vn -0.1791 0.2932 -0.9391
vn -0.1744 0.1998 -0.9642
vn -0.1680 0.1044 -0.9802
vn -0.1590 -0.0042 -0.9873
vn -0.1445 -0.1436 -0.9790
vn -0.1178 -0.3456 -0.9310
vn -0.0601 -0.6553 -0.7530
vn -0.0454 0.8739 -0.4840
vn -0.0303 0.6508 -0.7586
vn -0.0205 0.4950 -0.8686
vn -0.0137 0.3836 -0.9234
vn -0.0084 0.2939 -0.9558
vn -0.0036 0.2126 -0.9771
vn 0.0013 0.1297 -0.9916
vn 0.0067 0.0347 -0.9994
vn 0.0137 -0.0894 -0.9959
vn 0.0241 -0.2768 -0.9606
vn 0.0407 -0.5938 -0.8036
vn 0.0503 0.8573 -0.5123
vn 0.0938 0.6301 -0.7708
vn 0.1121 0.4807 -0.8697
vn 0.1219 0.3764 -0.9184
vn 0.1284 0.2933 -0.9474
vn 0.1332 0.2183 -0.9667
vn 0.1372 0.1420 -0.9803
vn 0.1408 0.0543 -0.9885
vn 0.1438 -0.0612 -0.9877
vn 0.1447 -0.2392 -0.9601
vn 0.1332 -0.5564 -0.8202
vn 0.2033 0.6232 -0.7551
vn 0.2287 0.4760 -0.8492
vn 0.2532 -0.2273 -0.9403
vt 0.750000 0.333333
vt 0.750000 0.416667
vt 0.708333 0.416667
vt 0.708333 0.333333
vt 0.750000 0.583333
vt 0.750000 0.666667
vt 0.708333 0.666667
vt 0.708333 0.583333
vt 0.729167 0.000000
vt 0.750000 0.083333
vt 0.708333 0.083333
vt 0.750000 0.833333
vt 0.750000 0.916667
vt 0.708333 0.916667
vt 0.708333 0.833333
vt 0.750000 0.250000
vt 0.708333 0.250000
vt 0.750000 0.500000
vt 0.708333 0.500000
vt 0.750000 0.750000
vt 0.708333 0.750000
vt 0.750000 0.166667
vt 0.708333 0.166667
vt 0.729167 1.000000
vt 0.666667 0.833333
vt 0.666667 0.750000
vt 0.666667 0.250000
vt 0.666667 0.166667
vt 0.666667 0.500000
vt 0.666667 0.416667
vt 0.666667 0.666667
vt 0.666667 0.083333
vt 0.687500 1.000000
vt 0.666667 0.916667
vt 0.666667 0.333333
vt 0.666667 0.583333
vt 0.687500 0.000000
vt 0.625000 0.666667
vt 0.625000 0.583333
vt 0.645833 0.000000
vt 0.625000 0.083333
vt 0.625000 0.916667
vt 0.625000 0.833333
vt 0.625000 0.333333
vt 0.625000 0.250000
vt 0.625000 0.500000
vt 0.625000 0.750000
vt 0.625000 0.166667
vt 0.625000 0.416667
vt 0.645833 1.000000
vt 0.583333 0.750000
vt 0.583333 0.666667
vt 0.583333 0.166667
vt 0.583333 0.083333
vt 0.604167 1.000000
vt 0.583333 0.916667
vt 0.583333 0.416667
vt 0.583333 0.333333
vt 0.583333 0.583333
vt 0.604167 0.000000
vt 0.583333 0.833333
vt 0.583333 0.250000
vt 0.583333 0.500000
vt 0.541667 0.583333
vt 0.541667 0.500000
vt 0.541667 0.833333
vt 0.541667 0.750000
vt 0.541667 0.250000
vt 0.541667 0.166667
vt 0.541667 0.416667
vt 0.541667 0.666667
vt 0.541667 0.083333
vt 0.562500 1.000000
vt 0.541667 0.916667
vt 0.541667 0.333333
vt 0.562500 0.000000
vt 0.500000 0.666667
vt 0.500000 0.583333
vt 0.520833 0.000000
vt 0.500000 0.083333
vt 0.500000 0.916667
vt 0.500000 0.833333
vt 0.500000 0.333333
vt 0.500000 0.250000
vt 0.500000 0.500000
vt 0.500000 0.750000
vt 0.500000 0.166667
vt 0.500000 0.416667
vt 0.520833 1.000000
vt 0.458333 0.500000
vt 0.458333 0.416667
vt 0.458333 0.750000
vt 0.458333 0.666667
vt 0.458333 0.166667
vt 0.458333 0.083333
vt 0.479167 1.000000
vt 0.458333 0.916667
vt 0.458333 0.333333
vt 0.458333 0.583333
vt 0.479167 0.000000
vt 0.458333 0.833333
vt 0.458333 0.250000
vt 0.416667 0.583333
vt 0.416667 0.500000
vt 0.416667 0.833333
vt 0.416667 0.750000
vt 0.416667 0.250000
vt 0.416667 0.166667
vt 0.416667 0.416667
vt 0.416667 0.666667
vt 0.416667 0.083333
vt 0.437500 1.000000
vt 0.416667 0.916667
vt 0.416667 0.333333
vt 0.437500 0.000000
vt 0.375000 0.416667
vt 0.375000 0.333333
vt 0.375000 0.666667
vt 0.375000 0.583333
vt 0.395833 0.000000
vt 0.375000 0.083333
vt 0.375000 0.916667
vt 0.375000 0.833333
vt 0.375000 0.250000
vt 0.375000 0.500000
vt 0.375000 0.750000
vt 0.375000 0.166667
vt 0.395833 1.000000
vt 0.333333 0.500000
vt 0.333333 0.416667
vt 0.333333 0.750000
vt 0.333333 0.666667
vt 0.333333 0.166667
vt 0.333333 0.083333
vt 0.354167 1.000000
vt 0.333333 0.916667
vt 0.333333 0.333333
vt 0.333333 0.583333
vt 0.354167 0.000000
vt 0.333333 0.833333
vt 0.333333 0.250000
vt 0.291667 0.333333
vt 0.291667 0.250000
vt 0.291667 0.583333
vt 0.291667 0.500000
vt 0.291667 0.833333
vt 0.291667 0.750000
vt 0.291667 0.166667
vt 0.291667 0.416667
vt 0.291667 0.666667
vt 0.291667 0.083333
vt 0.312500 1.000000
vt 0.291667 0.916667
vt 0.312500 0.000000
vt 0.270833 1.000000
vt 0.250000 0.916667
vt 0.250000 0.416667
vt 0.250000 0.333333
vt 0.250000 0.666667
vt 0.250000 0.583333
vt 0.270833 0.000000
vt 0.250000 0.083333
vt 0.250000 0.833333
vt 0.250000 0.250000
vt 0.250000 0.500000
vt 0.250000 0.750000
vt 0.250000 0.166667
vt 0.208333 0.250000
vt 0.208333 0.166667
vt 0.208333 0.500000
vt 0.208333 0.416667
vt 0.208333 0.750000
vt 0.208333 0.666667
vt 0.208333 0.083333
vt 0.229167 1.000000
vt 0.208333 0.916667
vt 0.208333 0.333333
vt 0.208333 0.583333
vt 0.229167 0.000000
vt 0.208333 0.833333
vt 0.166667 0.916667
vt 0.166667 0.833333
vt 0.166667 0.333333
vt 0.166667 0.250000
vt 0.166667 0.583333
vt 0.166667 0.500000
vt 0.166667 0.750000
vt 0.166667 0.166667
vt 0.166667 0.416667
vt 0.166667 0.666667
vt 0.166667 0.083333
vt 0.187500 1.000000
vt 0.187500 0.000000
vt 0.125000 0.166667
vt 0.125000 0.083333
vt 0.145833 1.000000
vt 0.125000 0.916667
vt 0.125000 0.416667
vt 0.125000 0.333333
vt 0.125000 0.666667
vt 0.125000 0.583333
vt 0.145833 0.000000
vt 0.125000 0.833333
vt 0.125000 0.250000
vt 0.125000 0.500000
vt 0.125000 0.750000
vt 0.083333 0.833333
vt 0.083333 0.750000
vt 0.083333 0.250000
vt 0.083333 0.166667
vt 0.083333 0.500000
vt 0.083333 0.416667
vt 0.083333 0.666667
vt 0.083333 0.083333
vt 0.104167 1.000000
vt 0.083333 0.916667
vt 0.083333 0.333333
vt 0.083333 0.583333
vt 0.104167 0.000000
vt 0.062500 0.000000
vt 0.041667 0.083333
vt 0.041667 0.916667
vt 0.041667 0.833333
vt 0.041667 0.333333
vt 0.041667 0.250000
vt 0.041667 0.583333
vt 0.041667 0.500000
vt 0.041667 0.750000
vt 0.041667 0.166667
vt 0.041667 0.416667
vt 0.041667 0.666667
vt 0.062500 1.000000
vt 0.000000 0.750000
vt 0.000000 0.666667
vt 0.000000 0.166667
vt 0.000000 0.083333
vt 0.020833 1.000000
vt 0.000000 0.916667
vt 0.000000 0.416667
vt 0.000000 0.333333
vt 0.000000 0.583333
vt 0.020833 0.000000
vt 0.000000 0.833333
vt 0.000000 0.250000
vt 0.000000 0.500000
vt 1.000000 0.750000
vt 1.000000 0.833333
vt 0.958333 0.833333
vt 0.958333 0.750000
vt 1.000000 0.166667
vt 1.000000 0.250000
vt 0.958333 0.250000
vt 0.958333 0.166667
vt 1.000000 0.416667
vt 1.000000 0.500000
vt 0.958333 0.500000
vt 0.958333 0.416667
vt 1.000000 0.666667
vt 0.958333 0.666667
vt 1.000000 0.083333
vt 0.958333 0.083333
vt 1.000000 0.916667
vt 0.979167 1.000000
vt 0.958333 0.916667
vt 1.000000 0.333333
vt 0.958333 0.333333
vt 1.000000 0.583333
vt 0.958333 0.583333
vt 0.979167 0.000000
vt 0.916667 0.666667
vt 0.916667 0.583333
vt 0.937500 0.000000
vt 0.916667 0.083333
vt 0.916667 0.916667
vt 0.916667 0.833333
vt 0.916667 0.333333
vt 0.916667 0.250000
vt 0.916667 0.500000
vt 0.916667 0.750000
vt 0.916667 0.166667
vt 0.916667 0.416667
vt 0.937500 1.000000
vt 0.875000 0.750000
vt 0.875000 0.666667
vt 0.875000 0.166667
vt 0.875000 0.083333
vt 0.895833 1.000000
vt 0.875000 0.916667
vt 0.875000 0.416667
vt 0.875000 0.333333
vt 0.875000 0.583333
vt 0.895833 0.000000
vt 0.875000 0.833333
vt 0.875000 0.250000
vt 0.875000 0.500000
vt 0.833333 0.583333
vt 0.833333 0.500000
vt 0.833333 0.833333
vt 0.833333 0.750000
vt 0.833333 0.250000
vt 0.833333 0.166667
vt 0.833333 0.416667
vt 0.833333 0.666667
vt 0.833333 0.083333
vt 0.854167 1.000000
vt 0.833333 0.916667
vt 0.833333 0.333333
vt 0.854167 0.000000
vt 0.791667 0.666667
vt 0.791667 0.583333
vt 0.812500 0.000000
vt 0.791667 0.083333
vt 0.791667 0.916667
vt 0.791667 0.833333
vt 0.791667 0.333333
vt 0.791667 0.250000
vt 0.791667 0.500000
vt 0.791667 0.750000
vt 0.791667 0.166667
vt 0.791667 0.416667
vt 0.812500 1.000000
vt 0.770833 1.000000
vt 0.770833 0.000000
s 1
usemtl Smiley_Black
f 1993/2144/1993 1992/2145/1992 2003/2146/2003 2004/2147/2004
f 1990/2148/1990 1989/2149/1989 2000/2150/2000 2001/2151/2001
f 1996/2152/1996 1995/2153/1995 2007/2154/2007
f 2250/2155/2250 1988/2156/1988 1997/2157/1997 1998/2158/1998
f 1994/2159/1994 1993/2144/1993 2004/2147/2004 2005/2160/2005
f 1991/2161/1991 1990/2148/1990 2001/2151/2001 2002/2162/2002
f 2251/2163/2251 2250/2155/2250 1998/2158/1998 1999/2164/1999
f 2252/2165/2252 1994/2159/1994 2005/2160/2005 2006/2166/2006
f 1992/2145/1992 1991/2161/1991 2002/2162/2002 2003/2146/2003
f 1989/2149/1989 2251/2163/2251 1999/2164/1999 2000/2150/2000
f 1995/2153/1995 2252/2165/2252 2006/2166/2006 2007/2154/2007
f 1988/2156/1988 1987/2167/1987 1997/2157/1997
f 1999/2164/1999 1998/2158/1998 2009/2168/2009 2010/2169/2010
f 2006/2166/2006 2005/2160/2005 2016/2170/2016 2017/2171/2017
f 2003/2146/2003 2002/2162/2002 2013/2172/2013 2014/2173/2014
f 2000/2150/2000 1999/2164/1999 2010/2169/2010 2011/2174/2011
f 2007/2154/2007 2006/2166/2006 2017/2171/2017 2018/2175/2018
f 1997/2157/1997 1987/2176/1987 2008/2177/2008
f 2004/2147/2004 2003/2146/2003 2014/2173/2014 2015/2178/2015
f 2001/2151/2001 2000/2150/2000 2011/2174/2011 2012/2179/2012
f 1996/2180/1996 2007/2154/2007 2018/2175/2018
f 1998/2158/1998 1997/2157/1997 2008/2177/2008 2009/2168/2009
f 2005/2160/2005 2004/2147/2004 2015/2178/2015 2016/2170/2016
f 2002/2162/2002 2001/2151/2001 2012/2179/2012 2013/2172/2013
f 2012/2179/2012 2011/2174/2011 2022/2181/2022 2023/2182/2023
f 1996/2183/1996 2018/2175/2018 2029/2184/2029
f 2009/2168/2009 2008/2177/2008 2019/2185/2019 2020/2186/2020
f 2016/2170/2016 2015/2178/2015 2026/2187/2026 2027/2188/2027
f 2013/2172/2013 2012/2179/2012 2023/2182/2023 2024/2189/2024
f 2010/2169/2010 2009/2168/2009 2020/2186/2020 2021/2190/2021
f 2017/2171/2017 2016/2170/2016 2027/2188/2027 2028/2191/2028
f 2014/2173/2014 2013/2172/2013 2024/2189/2024 2025/2192/2025
f 2011/2174/2011 2010/2169/2010 2021/2190/2021 2022/2181/2022
f 2018/2175/2018 2017/2171/2017 2028/2191/2028 2029/2184/2029
f 2008/2177/2008 1987/2193/1987 2019/2185/2019
f 2015/2178/2015 2014/2173/2014 2025/2192/2025 2026/2187/2026
f 2022/2181/2022 2021/2190/2021 2032/2194/2032 2033/2195/2033
f 2029/2184/2029 2028/2191/2028 2039/2196/2039 2040/2197/2040
f 2019/2185/2019 1987/2198/1987 2030/2199/2030
f 2026/2187/2026 2025/2192/2025 2036/2200/2036 2037/2201/2037
f 2023/2182/2023 2022/2181/2022 2033/2195/2033 2034/2202/2034
f 1996/2203/1996 2029/2184/2029 2040/2197/2040
f 2020/2186/2020 2019/2185/2019 2030/2199/2030 2031/2204/2031
f 2027/2188/2027 2026/2187/2026 2037/2201/2037 2038/2205/2038
f 2024/2189/2024 2023/2182/2023 2034/2202/2034 2035/2206/2035
f 2021/2190/2021 2020/2186/2020 2031/2204/2031 2032/2194/2032
f 2028/2191/2028 2027/2188/2027 2038/2205/2038 2039/2196/2039
f 2025/2192/2025 2024/2189/2024 2035/2206/2035 2036/2200/2036
f 2035/2206/2035 2034/2202/2034 2045/2207/2045 2046/2208/2046
f 2032/2194/2032 2031/2204/2031 2042/2209/2042 2043/2210/2043
f 2039/2196/2039 2038/2205/2038 2049/2211/2049 2050/2212/2050
f 2036/2200/2036 2035/2206/2035 2046/2208/2046 2047/2213/2047
f 2033/2195/2033 2032/2194/2032 2043/2210/2043 2044/2214/2044
f 2040/2197/2040 2039/2196/2039 2050/2212/2050 2051/2215/2051
f 2030/2199/2030 1987/2216/1987 2041/2217/2041
f 2037/2201/2037 2036/2200/2036 2047/2213/2047 2048/2218/2048
f 2034/2202/2034 2033/2195/2033 2044/2214/2044 2045/2207/2045
f 1996/2219/1996 2040/2197/2040 2051/2215/2051
f 2031/2204/2031 2030/2199/2030 2041/2217/2041 2042/2209/2042
f 2038/2205/2038 2037/2201/2037 2048/2218/2048 2049/2211/2049
f 2045/2207/2045 2044/2214/2044 2055/2220/2055 2056/2221/2056
f 1996/2222/1996 2051/2215/2051 2062/2223/2062
f 2042/2209/2042 2041/2217/2041 2052/2224/2052 2053/2225/2053
f 2049/2211/2049 2048/2218/2048 2059/2226/2059 2060/2227/2060
f 2046/2208/2046 2045/2207/2045 2056/2221/2056 2057/2228/2057
f 2043/2210/2043 2042/2209/2042 2053/2225/2053 2054/2229/2054
f 2050/2212/2050 2049/2211/2049 2060/2227/2060 2061/2230/2061
f 2047/2213/2047 2046/2208/2046 2057/2228/2057 2058/2231/2058
f 2044/2214/2044 2043/2210/2043 2054/2229/2054 2055/2220/2055
f 2051/2215/2051 2050/2212/2050 2061/2230/2061 2062/2223/2062
f 2041/2217/2041 1987/2232/1987 2052/2224/2052
f 2048/2218/2048 2047/2213/2047 2058/2231/2058 2059/2226/2059
f 2058/2231/2058 2057/2228/2057 2068/2233/2068 2069/2234/2069
f 2055/2220/2055 2054/2229/2054 2065/2235/2065 2066/2236/2066
f 2062/2223/2062 2061/2230/2061 2072/2237/2072 2073/2238/2073
f 2052/2224/2052 1987/2239/1987 2063/2240/2063
f 2059/2226/2059 2058/2231/2058 2069/2234/2069 2070/2241/2070
f 2056/2221/2056 2055/2220/2055 2066/2236/2066 2067/2242/2067
f 1996/2243/1996 2062/2223/2062 2073/2238/2073
f 2053/2225/2053 2052/2224/2052 2063/2240/2063 2064/2244/2064
f 2060/2227/2060 2059/2226/2059 2070/2241/2070 2071/2245/2071
f 2057/2228/2057 2056/2221/2056 2067/2242/2067 2068/2233/2068
f 2054/2229/2054 2053/2225/2053 2064/2244/2064 2065/2235/2065
f 2061/2230/2061 2060/2227/2060 2071/2245/2071 2072/2237/2072
f 2068/2233/2068 2067/2242/2067 2078/2246/2078 2079/2247/2079
f 2065/2235/2065 2064/2244/2064 2075/2248/2075 2076/2249/2076
f 2072/2237/2072 2071/2245/2071 2082/2250/2082 2083/2251/2083
f 2069/2234/2069 2068/2233/2068 2079/2247/2079 2080/2252/2080
f 2066/2236/2066 2065/2235/2065 2076/2249/2076 2077/2253/2077
f 2073/2238/2073 2072/2237/2072 2083/2251/2083 2084/2254/2084
f 2063/2240/2063 1987/2255/1987 2074/2256/2074
f 2070/2241/2070 2069/2234/2069 2080/2252/2080 2081/2257/2081
f 2067/2242/2067 2066/2236/2066 2077/2253/2077 2078/2246/2078
f 1996/2258/1996 2073/2238/2073 2084/2254/2084
f 2064/2244/2064 2063/2240/2063 2074/2256/2074 2075/2248/2075
f 2071/2245/2071 2070/2241/2070 2081/2257/2081 2082/2250/2082
f 2081/2257/2081 2080/2252/2080 2091/2259/2091 2092/2260/2092
f 2078/2246/2078 2077/2253/2077 2088/2261/2088 2089/2262/2089
f 1996/2263/1996 2084/2254/2084 2095/2264/2095
f 2075/2248/2075 2074/2256/2074 2085/2265/2085 2086/2266/2086
f 2082/2250/2082 2081/2257/2081 2092/2260/2092 2093/2267/2093
f 2079/2247/2079 2078/2246/2078 2089/2262/2089 2090/2268/2090
f 2076/2249/2076 2075/2248/2075 2086/2266/2086 2087/2269/2087
f 2083/2251/2083 2082/2250/2082 2093/2267/2093 2094/2270/2094
f 2080/2252/2080 2079/2247/2079 2090/2268/2090 2091/2259/2091
f 2077/2253/2077 2076/2249/2076 2087/2269/2087 2088/2261/2088
f 2084/2254/2084 2083/2251/2083 2094/2270/2094 2095/2264/2095
f 2074/2256/2074 1987/2271/1987 2085/2265/2085
f 2091/2259/2091 2090/2268/2090 2101/2272/2101 2102/2273/2102
f 2088/2261/2088 2087/2269/2087 2098/2274/2098 2099/2275/2099
f 2095/2264/2095 2094/2270/2094 2105/2276/2105 2106/2277/2106
f 2085/2265/2085 1987/2278/1987 2096/2279/2096
f 2092/2260/2092 2091/2259/2091 2102/2273/2102 2103/2280/2103
f 2089/2262/2089 2088/2261/2088 2099/2275/2099 2100/2281/2100
f 1996/2282/1996 2095/2264/2095 2106/2277/2106
f 2086/2266/2086 2085/2265/2085 2096/2279/2096 2097/2283/2097
f 2093/2267/2093 2092/2260/2092 2103/2280/2103 2104/2284/2104
f 2090/2268/2090 2089/2262/2089 2100/2281/2100 2101/2272/2101
f 2087/2269/2087 2086/2266/2086 2097/2283/2097 2098/2274/2098
f 2094/2270/2094 2093/2267/2093 2104/2284/2104 2105/2276/2105
f 2104/2284/2104 2103/2280/2103 2114/2285/2114 2115/2286/2115
f 2101/2272/2101 2100/2281/2100 2111/2287/2111 2112/2288/2112
f 2098/2274/2098 2097/2283/2097 2108/2289/2108 2109/2290/2109
f 2105/2276/2105 2104/2284/2104 2115/2286/2115 2116/2291/2116
f 2102/2273/2102 2101/2272/2101 2112/2288/2112 2113/2292/2113
f 2099/2275/2099 2098/2274/2098 2109/2290/2109 2110/2293/2110
f 2106/2277/2106 2105/2276/2105 2116/2291/2116 2117/2294/2117
f 2096/2279/2096 1987/2295/1987 2107/2296/2107
f 2103/2280/2103 2102/2273/2102 2113/2292/2113 2114/2285/2114
f 2100/2281/2100 2099/2275/2099 2110/2293/2110 2111/2287/2111
f 1996/2297/1996 2106/2277/2106 2117/2294/2117
f 2097/2283/2097 2096/2279/2096 2107/2296/2107 2108/2289/2108
f 2107/2296/2107 1987/2298/1987 2118/2299/2118
f 2114/2285/2114 2113/2292/2113 2124/2300/2124 2125/2301/2125
f 2111/2287/2111 2110/2293/2110 2121/2302/2121 2122/2303/2122
f 1996/2304/1996 2117/2294/2117 2128/2305/2128
f 2108/2289/2108 2107/2296/2107 2118/2299/2118 2119/2306/2119
f 2115/2286/2115 2114/2285/2114 2125/2301/2125 2126/2307/2126
f 2112/2288/2112 2111/2287/2111 2122/2303/2122 2123/2308/2123
f 2109/2290/2109 2108/2289/2108 2119/2306/2119 2120/2309/2120
f 2116/2291/2116 2115/2286/2115 2126/2307/2126 2127/2310/2127
f 2113/2292/2113 2112/2288/2112 2123/2308/2123 2124/2300/2124
f 2110/2293/2110 2109/2290/2109 2120/2309/2120 2121/2302/2121
f 2117/2294/2117 2116/2291/2116 2127/2310/2127 2128/2305/2128
f 2127/2310/2127 2126/2307/2126 2137/2311/2137 2138/2312/2138
f 2124/2300/2124 2123/2308/2123 2134/2313/2134 2135/2314/2135
f 2121/2302/2121 2120/2309/2120 2131/2315/2131 2132/2316/2132
f 2128/2305/2128 2127/2310/2127 2138/2312/2138 2139/2317/2139
f 2118/2299/2118 1987/2318/1987 2129/2319/2129
f 2125/2301/2125 2124/2300/2124 2135/2314/2135 2136/2320/2136
f 2122/2303/2122 2121/2302/2121 2132/2316/2132 2133/2321/2133
f 1996/2322/1996 2128/2305/2128 2139/2317/2139
f 2119/2306/2119 2118/2299/2118 2129/2319/2129 2130/2323/2130
f 2126/2307/2126 2125/2301/2125 2136/2320/2136 2137/2311/2137
f 2123/2308/2123 2122/2303/2122 2133/2321/2133 2134/2313/2134
f 2120/2309/2120 2119/2306/2119 2130/2323/2130 2131/2315/2131
f 2130/2323/2130 2129/2319/2129 2140/2324/2140 2141/2325/2141
f 2137/2311/2137 2136/2320/2136 2147/2326/2147 2148/2327/2148
f 2134/2313/2134 2133/2321/2133 2144/2328/2144 2145/2329/2145
f 2131/2315/2131 2130/2323/2130 2141/2325/2141 2142/2330/2142
f 2138/2312/2138 2137/2311/2137 2148/2327/2148 2149/2331/2149
f 2135/2314/2135 2134/2313/2134 2145/2329/2145 2146/2332/2146
f 2132/2316/2132 2131/2315/2131 2142/2330/2142 2143/2333/2143
f 2139/2317/2139 2138/2312/2138 2149/2331/2149 2150/2334/2150
f 2129/2319/2129 1987/2335/1987 2140/2324/2140
f 2136/2320/2136 2135/2314/2135 2146/2332/2146 2147/2326/2147
f 2133/2321/2133 2132/2316/2132 2143/2333/2143 2144/2328/2144
f 1996/2336/1996 2139/2317/2139 2150/2334/2150
f 2150/2334/2150 2149/2331/2149 2160/2337/2160 2161/2338/2161
f 2140/2324/2140 1987/2339/1987 2151/2340/2151
f 2147/2326/2147 2146/2332/2146 2157/2341/2157 2158/2342/2158
f 2144/2328/2144 2143/2333/2143 2154/2343/2154 2155/2344/2155
f 1996/2345/1996 2150/2334/2150 2161/2338/2161
f 2141/2325/2141 2140/2324/2140 2151/2340/2151 2152/2346/2152
f 2148/2327/2148 2147/2326/2147 2158/2342/2158 2159/2347/2159
f 2145/2329/2145 2144/2328/2144 2155/2344/2155 2156/2348/2156
f 2142/2330/2142 2141/2325/2141 2152/2346/2152 2153/2349/2153
f 2149/2331/2149 2148/2327/2148 2159/2347/2159 2160/2337/2160
f 2146/2332/2146 2145/2329/2145 2156/2348/2156 2157/2341/2157
f 2143/2333/2143 2142/2330/2142 2153/2349/2153 2154/2343/2154
f 2153/2349/2153 2152/2346/2152 2163/2350/2163 2164/2351/2164
f 2160/2337/2160 2159/2347/2159 2170/2352/2170 2171/2353/2171
f 2157/2341/2157 2156/2348/2156 2167/2354/2167 2168/2355/2168
f 2154/2343/2154 2153/2349/2153 2164/2351/2164 2165/2356/2165
f 2161/2338/2161 2160/2337/2160 2171/2353/2171 2172/2357/2172
f 2151/2340/2151 1987/2358/1987 2162/2359/2162
f 2158/2342/2158 2157/2341/2157 2168/2355/2168 2169/2360/2169
f 2155/2344/2155 2154/2343/2154 2165/2356/2165 2166/2361/2166
f 1996/2362/1996 2161/2338/2161 2172/2357/2172
f 2152/2346/2152 2151/2340/2151 2162/2359/2162 2163/2350/2163
f 2159/2347/2159 2158/2342/2158 2169/2360/2169 2170/2352/2170
f 2156/2348/2156 2155/2344/2155 2166/2361/2166 2167/2354/2167
f 1996/2363/1996 2172/2357/2172 2183/2364/2183
f 2163/2350/2163 2162/2359/2162 2173/2365/2173 2174/2366/2174
f 2170/2352/2170 2169/2360/2169 2180/2367/2180 2181/2368/2181
f 2167/2354/2167 2166/2361/2166 2177/2369/2177 2178/2370/2178
f 2164/2351/2164 2163/2350/2163 2174/2366/2174 2175/2371/2175
f 2171/2353/2171 2170/2352/2170 2181/2368/2181 2182/2372/2182
f 2168/2355/2168 2167/2354/2167 2178/2370/2178 2179/2373/2179
f 2165/2356/2165 2164/2351/2164 2175/2371/2175 2176/2374/2176
f 2172/2357/2172 2171/2353/2171 2182/2372/2182 2183/2364/2183
f 2162/2359/2162 1987/2375/1987 2173/2365/2173
f 2169/2360/2169 2168/2355/2168 2179/2373/2179 2180/2367/2180
f 2166/2361/2166 2165/2356/2165 2176/2374/2176 2177/2369/2177
f 2176/2374/2176 2175/2371/2175 2186/2376/2186 2187/2377/2187
f 2183/2364/2183 2182/2372/2182 2193/2378/2193 2194/2379/2194
f 2173/2365/2173 1987/2380/1987 2184/2381/2184
f 2180/2367/2180 2179/2373/2179 2190/2382/2190 2191/2383/2191
f 2177/2369/2177 2176/2374/2176 2187/2377/2187 2188/2384/2188
f 1996/2385/1996 2183/2364/2183 2194/2379/2194
f 2174/2366/2174 2173/2365/2173 2184/2381/2184 2185/2386/2185
f 2181/2368/2181 2180/2367/2180 2191/2383/2191 2192/2387/2192
f 2178/2370/2178 2177/2369/2177 2188/2384/2188 2189/2388/2189
f 2175/2371/2175 2174/2366/2174 2185/2386/2185 2186/2376/2186
f 2182/2372/2182 2181/2368/2181 2192/2387/2192 2193/2378/2193
f 2179/2373/2179 2178/2370/2178 2189/2388/2189 2190/2382/2190
f 2186/2389/2186 2185/2390/2185 2196/2391/2196 2197/2392/2197
f 2193/2393/2193 2192/2394/2192 2203/2395/2203 2204/2396/2204
f 2190/2397/2190 2189/2398/2189 2200/2399/2200 2201/2400/2201
f 2187/2401/2187 2186/2389/2186 2197/2392/2197 2198/2402/2198
f 2194/2403/2194 2193/2393/2193 2204/2396/2204 2205/2404/2205
f 2184/2405/2184 1987/2406/1987 2195/2407/2195
f 2191/2408/2191 2190/2397/2190 2201/2400/2201 2202/2409/2202
f 2188/2410/2188 2187/2401/2187 2198/2402/2198 2199/2411/2199
f 1996/2412/1996 2194/2403/2194 2205/2404/2205
f 2185/2390/2185 2184/2405/2184 2195/2407/2195 2196/2391/2196
f 2192/2394/2192 2191/2408/2191 2202/2409/2202 2203/2395/2203
f 2189/2398/2189 2188/2410/2188 2199/2411/2199 2200/2399/2200
f 2199/2411/2199 2198/2402/2198 2209/2413/2209 2210/2414/2210
f 1996/2415/1996 2205/2404/2205 2216/2416/2216
f 2196/2391/2196 2195/2407/2195 2206/2417/2206 2207/2418/2207
f 2203/2395/2203 2202/2409/2202 2213/2419/2213 2214/2420/2214
f 2200/2399/2200 2199/2411/2199 2210/2414/2210 2211/2421/2211
f 2197/2392/2197 2196/2391/2196 2207/2418/2207 2208/2422/2208
f 2204/2396/2204 2203/2395/2203 2214/2420/2214 2215/2423/2215
f 2201/2400/2201 2200/2399/2200 2211/2421/2211 2212/2424/2212
f 2198/2402/2198 2197/2392/2197 2208/2422/2208 2209/2413/2209
f 2205/2404/2205 2204/2396/2204 2215/2423/2215 2216/2416/2216
f 2195/2407/2195 1987/2425/1987 2206/2417/2206
f 2202/2409/2202 2201/2400/2201 2212/2424/2212 2213/2419/2213
f 2209/2413/2209 2208/2422/2208 2219/2426/2219 2220/2427/2220
f 2216/2416/2216 2215/2423/2215 2226/2428/2226 2227/2429/2227
f 2206/2417/2206 1987/2430/1987 2217/2431/2217
f 2213/2419/2213 2212/2424/2212 2223/2432/2223 2224/2433/2224
f 2210/2414/2210 2209/2413/2209 2220/2427/2220 2221/2434/2221
f 1996/2435/1996 2216/2416/2216 2227/2429/2227
f 2207/2418/2207 2206/2417/2206 2217/2431/2217 2218/2436/2218
f 2214/2420/2214 2213/2419/2213 2224/2433/2224 2225/2437/2225
f 2211/2421/2211 2210/2414/2210 2221/2434/2221 2222/2438/2222
f 2208/2422/2208 2207/2418/2207 2218/2436/2218 2219/2426/2219
f 2215/2423/2215 2214/2420/2214 2225/2437/2225 2226/2428/2226
f 2212/2424/2212 2211/2421/2211 2222/2438/2222 2223/2432/2223
f 2222/2438/2222 2221/2434/2221 2232/2439/2232 2233/2440/2233
f 2219/2426/2219 2218/2436/2218 2229/2441/2229 2230/2442/2230
f 2226/2428/2226 2225/2437/2225 2236/2443/2236 2237/2444/2237
f 2223/2432/2223 2222/2438/2222 2233/2440/2233 2234/2445/2234
f 2220/2427/2220 2219/2426/2219 2230/2442/2230 2231/2446/2231
f 2227/2429/2227 2226/2428/2226 2237/2444/2237 2238/2447/2238
f 2217/2431/2217 1987/2448/1987 2228/2449/2228
f 2224/2433/2224 2223/2432/2223 2234/2445/2234 2235/2450/2235
f 2221/2434/2221 2220/2427/2220 2231/2446/2231 2232/2439/2232
f 1996/2451/1996 2227/2429/2227 2238/2447/2238
f 2218/2436/2218 2217/2431/2217 2228/2449/2228 2229/2441/2229
f 2225/2437/2225 2224/2433/2224 2235/2450/2235 2236/2443/2236
f 2232/2439/2232 2231/2446/2231 2242/2452/2242 2243/2453/2243
f 1996/2454/1996 2238/2447/2238 2249/2455/2249
f 2229/2441/2229 2228/2449/2228 2239/2456/2239 2240/2457/2240
f 2236/2443/2236 2235/2450/2235 2246/2458/2246 2247/2459/2247
f 2233/2440/2233 2232/2439/2232 2243/2453/2243 2244/2460/2244
f 2230/2442/2230 2229/2441/2229 2240/2457/2240 2241/2461/2241
f 2237/2444/2237 2236/2443/2236 2247/2459/2247 2248/2462/2248
f 2234/2445/2234 2233/2440/2233 2244/2460/2244 2245/2463/2245
f 2231/2446/2231 2230/2442/2230 2241/2461/2241 2242/2452/2242
f 2238/2447/2238 2237/2444/2237 2248/2462/2248 2249/2455/2249
f 2228/2449/2228 1987/2464/1987 2239/2456/2239
f 2235/2450/2235 2234/2445/2234 2245/2463/2245 2246/2458/2246
f 2245/2463/2245 2244/2460/2244 1991/2161/1991 1992/2145/1992
f 2242/2452/2242 2241/2461/2241 2251/2163/2251 1989/2149/1989
f 2249/2455/2249 2248/2462/2248 2252/2165/2252 1995/2153/1995
f 2239/2456/2239 1987/2465/1987 1988/2156/1988
f 2246/2458/2246 2245/2463/2245 1992/2145/1992 1993/2144/1993
f 2243/2453/2243 2242/2452/2242 1989/2149/1989 1990/2148/1990
f 1996/2466/1996 2249/2455/2249 1995/2153/1995
f 2240/2457/2240 2239/2456/2239 1988/2156/1988 2250/2155/2250
f 2247/2459/2247 2246/2458/2246 1993/2144/1993 1994/2159/1994
f 2244/2460/2244 2243/2453/2243 1990/2148/1990 1991/2161/1991
f 2241/2461/2241 2240/2457/2240 2250/2155/2250 2251/2163/2251
f 2248/2462/2248 2247/2459/2247 1994/2159/1994 2252/2165/2252
o Eye_R
v 0.266006 1.322428 0.962518
v 0.263832 1.320646 0.954444
v 0.256413 1.276929 0.926893
v 0.254205 1.252885 0.918690
v 0.252391 1.226600 0.911954
v 0.251096 1.199865 0.907144
v 0.250407 1.174502 0.904587
v 0.250373 1.152240 0.904459
v 0.252229 1.122771 0.911353
v 0.253994 1.117573 0.917907
v 0.268104 1.320587 0.953562
v 0.269649 1.311892 0.943695
v 0.270537 1.296935 0.933591
v 0.270706 1.276735 0.923939
v 0.270146 1.252668 0.915395
v 0.268895 1.226375 0.908543
v 0.267037 1.199648 0.903849
v 0.264700 1.174307 0.901633
v 0.262043 1.152081 0.902046
v 0.259246 1.134483 0.905061
v 0.256501 1.122713 0.910470
v 0.272218 1.320417 0.953237
v 0.277598 1.311563 0.943069
v 0.281778 1.296469 0.932705
v 0.284474 1.276164 0.922854
v 0.285502 1.252031 0.914185
v 0.284793 1.225716 0.907290
v 0.282394 1.199011 0.902639
v 0.278468 1.173736 0.900548
v 0.273284 1.151615 0.901161
v 0.267195 1.134153 0.904434
v 0.260615 1.122542 0.910146
v 0.275896 1.320145 0.953494
v 0.284702 1.311038 0.943564
v 0.291825 1.295727 0.933406
v 0.296779 1.275255 0.923712
v 0.299226 1.251018 0.915142
v 0.299001 1.224667 0.908281
v 0.296118 1.197998 0.903596
v 0.290773 1.172828 0.901406
v 0.283331 1.150873 0.901861
v 0.274299 1.133629 0.904930
v 0.264293 1.122271 0.910403
v 0.278885 1.319791 0.954313
v 0.290477 1.310355 0.945147
v 0.299992 1.294761 0.935645
v 0.306782 1.274072 0.926454
v 0.310383 1.249698 0.918201
v 0.310551 1.223300 0.911448
v 0.307274 1.196677 0.906655
v 0.300776 1.171644 0.904149
v 0.291498 1.149906 0.904100
v 0.280074 1.132945 0.906513
v 0.267282 1.121917 0.911222
v 0.280983 1.319379 0.955640
v 0.294530 1.309559 0.947711
v 0.305723 1.293635 0.939271
v 0.313801 1.272693 0.930894
v 0.318212 1.248160 0.923153
v 0.318657 1.221708 0.916575
v 0.315103 1.195140 0.911607
v 0.307795 1.170266 0.908589
v 0.297230 1.148781 0.907726
v 0.284127 1.132149 0.909077
v 0.269380 1.121505 0.912549
v 0.282046 1.318937 0.957384
v 0.296584 1.308705 0.951080
v 0.308628 1.292427 0.944035
v 0.317359 1.271214 0.936730
v 0.322180 1.246510 0.929662
v 0.322765 1.220000 0.923313
v 0.319071 1.193490 0.918115
v 0.311353 1.168786 0.914424
v 0.300134 1.147573 0.912490
v 0.286181 1.131295 0.912446
v 0.270443 1.121063 0.914293
v 0.282002 1.318495 0.959426
v 0.296499 1.307851 0.955025
v 0.308508 1.291219 0.949614
v 0.317212 1.269734 0.943562
v 0.322017 1.244860 0.937283
v 0.322595 1.218292 0.931202
v 0.318908 1.191840 0.925736
v 0.311206 1.167307 0.921257
v 0.300015 1.146365 0.918069
v 0.286096 1.130441 0.916390
v 0.270399 1.120621 0.916335
v 0.280854 1.318083 0.961627
v 0.294281 1.307055 0.959277
v 0.305372 1.290094 0.955627
v 0.313371 1.268356 0.950927
v 0.317733 1.243323 0.945496
v 0.318160 1.216700 0.939706
v 0.314624 1.190302 0.933950
v 0.307365 1.165928 0.928621
v 0.296879 1.145239 0.924082
v 0.283879 1.129645 0.920642
v 0.269252 1.120209 0.918536
v 0.278681 1.317729 0.963837
v 0.290082 1.306371 0.963546
v 0.299434 1.289127 0.961664
v 0.306098 1.267172 0.958321
v 0.309620 1.242002 0.953744
v 0.309762 1.215333 0.948244
v 0.306511 1.188982 0.942198
v 0.300092 1.164745 0.936016
v 0.290940 1.144273 0.930120
v 0.279679 1.128962 0.924911
v 0.267078 1.119855 0.920746
v 0.275629 1.317458 0.965905
v 0.284187 1.305847 0.967541
v 0.291097 1.288386 0.967315
v 0.295888 1.266264 0.965241
v 0.298232 1.240989 0.961462
v 0.297972 1.214284 0.956235
v 0.295123 1.187969 0.949916
v 0.289881 1.163836 0.942936
v 0.282603 1.143531 0.935770
v 0.273785 1.128437 0.928907
v 0.264026 1.119583 0.922814
v 0.271908 1.317287 0.967691
v 0.276998 1.305517 0.970991
v 0.280931 1.287919 0.972193
v 0.283436 1.265693 0.971216
v 0.284345 1.240352 0.968126
v 0.283594 1.213625 0.963134
v 0.281236 1.187332 0.956580
v 0.277430 1.163265 0.948911
v 0.272437 1.143065 0.940648
v 0.266596 1.128108 0.932356
v 0.260305 1.119413 0.924600
v 0.267771 1.317229 0.969072
v 0.269006 1.305405 0.973659
v 0.269627 1.287760 0.975967
v 0.269592 1.265498 0.975838
v 0.268904 1.240135 0.973282
v 0.267609 1.213400 0.968471
v 0.265795 1.187115 0.961735
v 0.263586 1.163071 0.953533
v 0.261133 1.142906 0.944422
v 0.258603 1.127995 0.935025
v 0.256168 1.119354 0.925981
v 0.263499 1.317287 0.969955
v 0.260754 1.305517 0.975365
v 0.257957 1.287919 0.978379
v 0.255300 1.265693 0.978792
v 0.252963 1.240352 0.976576
v 0.251105 1.213625 0.971882
v 0.249854 1.187332 0.965030
v 0.249294 1.163265 0.956487
v 0.249463 1.143065 0.946834
v 0.250351 1.128108 0.936730
v 0.251896 1.119413 0.926864
v 0.259384 1.317458 0.970279
v 0.252805 1.305847 0.975991
v 0.246716 1.288386 0.979265
v 0.241532 1.266264 0.979877
v 0.237606 1.240989 0.977787
v 0.235207 1.214284 0.973135
v 0.234498 1.187969 0.966240
v 0.235526 1.163836 0.957572
v 0.238222 1.143531 0.947720
v 0.242402 1.128437 0.937357
v 0.247782 1.119583 0.927188
v 0.255707 1.317729 0.970023
v 0.245701 1.306371 0.975496
v 0.236669 1.289127 0.978564
v 0.229227 1.267172 0.979019
v 0.223882 1.242002 0.976830
v 0.220999 1.215333 0.972145
v 0.220774 1.188982 0.965283
v 0.223221 1.164745 0.956714
v 0.228175 1.144273 0.947020
v 0.235298 1.128962 0.936862
v 0.244104 1.119855 0.926932
v 0.252718 1.318083 0.969203
v 0.239926 1.307055 0.973912
v 0.228502 1.290094 0.976325
v 0.219224 1.268356 0.976277
v 0.212726 1.243323 0.973771
v 0.209449 1.216700 0.968978
v 0.209617 1.190302 0.962225
v 0.213218 1.165928 0.953971
v 0.220008 1.145239 0.944780
v 0.229523 1.129645 0.935278
v 0.241115 1.120209 0.926112
v 0.250620 1.318495 0.967876
v 0.235873 1.307851 0.971349
v 0.222770 1.291219 0.972700
v 0.212205 1.269734 0.971837
v 0.204897 1.244860 0.968818
v 0.201343 1.218292 0.963851
v 0.201788 1.191840 0.957272
v 0.206199 1.167307 0.949531
v 0.214277 1.146365 0.941155
v 0.225470 1.130441 0.932715
v 0.239017 1.120621 0.924785
v 0.249557 1.318937 0.966132
v 0.233819 1.308705 0.967980
v 0.219866 1.292427 0.967935
v 0.208647 1.271214 0.966001
v 0.200929 1.246510 0.962310
v 0.197235 1.220000 0.957113
v 0.197820 1.193490 0.950764
v 0.202641 1.168786 0.943696
v 0.211372 1.147573 0.936390
v 0.223416 1.131295 0.929346
v 0.237954 1.121063 0.923041
v 0.249600 1.319379 0.964090
v 0.233904 1.309559 0.964035
v 0.219985 1.293635 0.962356
v 0.208794 1.272693 0.959169
v 0.201092 1.248160 0.954689
v 0.197405 1.221708 0.949223
v 0.197983 1.195140 0.943143
v 0.202788 1.170266 0.936863
v 0.211492 1.148781 0.930812
v 0.223501 1.132149 0.925401
v 0.237998 1.121505 0.920999
v 0.250748 1.319791 0.961889
v 0.236121 1.310355 0.959783
v 0.223121 1.294761 0.956343
v 0.212635 1.274072 0.951804
v 0.205376 1.249698 0.946475
v 0.201840 1.223300 0.940719
v 0.202267 1.196677 0.934929
v 0.206629 1.171644 0.929499
v 0.214628 1.149906 0.924798
v 0.225719 1.132945 0.921149
v 0.239146 1.121917 0.918798
v 0.252922 1.320145 0.959679
v 0.240321 1.311038 0.955514
v 0.229060 1.295727 0.950306
v 0.219908 1.275255 0.944410
v 0.213488 1.251018 0.938228
v 0.210238 1.224667 0.932181
v 0.210380 1.197998 0.926682
v 0.213902 1.172828 0.922104
v 0.220566 1.150873 0.918761
v 0.229918 1.133629 0.916880
v 0.241319 1.122271 0.916588
v 0.255974 1.320417 0.957611
v 0.246215 1.311563 0.951519
v 0.237397 1.296469 0.944655
v 0.230118 1.276164 0.937490
v 0.224877 1.252031 0.930509
v 0.222028 1.225716 0.924190
v 0.221768 1.199011 0.918963
v 0.224112 1.173736 0.915184
v 0.228903 1.151615 0.913111
v 0.235813 1.134153 0.912884
v 0.244371 1.122542 0.914520
v 0.259695 1.320587 0.955826
v 0.253404 1.311892 0.948069
v 0.247563 1.296935 0.939777
v 0.242570 1.276735 0.931515
v 0.238764 1.252668 0.923845
v 0.236406 1.226375 0.917291
v 0.235655 1.199648 0.912299
v 0.236564 1.174307 0.909209
v 0.239069 1.152081 0.908232
v 0.243002 1.134483 0.909435
v 0.248092 1.122713 0.912735
v 0.261397 1.312005 0.945401
v 0.258867 1.297094 0.936003
v 0.250994 1.134595 0.906766
vn 0.0572 0.9755 0.2124
vn -0.1363 0.8515 -0.5064
vn -0.2411 0.3740 -0.8955
vn -0.2486 0.2930 -0.9232
vn -0.2536 0.2200 -0.9420
vn -0.2572 0.1457 -0.9553
vn -0.2595 0.0603 -0.9639
vn -0.2596 -0.0525 -0.9643
vn -0.2182 -0.5439 -0.8103
vn -0.0572 -0.9755 -0.2124
vn -0.0503 0.8573 -0.5123
vn -0.0938 0.6301 -0.7708
vn -0.1121 0.4807 -0.8697
vn -0.1219 0.3764 -0.9184
vn -0.1284 0.2933 -0.9474
vn -0.1332 0.2183 -0.9667
vn -0.1372 0.1420 -0.9803
vn -0.1408 0.0543 -0.9885
vn -0.1438 -0.0612 -0.9877
vn -0.1447 -0.2392 -0.9601
vn -0.1332 -0.5564 -0.8202
vn 0.0454 0.8739 -0.4840
vn 0.0303 0.6508 -0.7586
vn 0.0205 0.4950 -0.8686
vn 0.0137 0.3836 -0.9234
vn 0.0084 0.2939 -0.9558
vn 0.0036 0.2126 -0.9771
vn -0.0013 0.1297 -0.9916
vn -0.0067 0.0347 -0.9994
vn -0.0137 -0.0894 -0.9959
vn -0.0241 -0.2768 -0.9606
vn -0.0407 -0.5938 -0.8036
vn 0.1511 0.8972 -0.4149
vn 0.1783 0.6848 -0.7066
vn 0.1834 0.5194 -0.8346
vn 0.1824 0.3953 -0.9003
vn 0.1791 0.2932 -0.9391
vn 0.1744 0.1998 -0.9642
vn 0.1680 0.1044 -0.9802
vn 0.1590 -0.0042 -0.9873
vn 0.1445 -0.1436 -0.9790
vn 0.1178 -0.3456 -0.9310
vn 0.0601 -0.6553 -0.7530
vn 0.2632 0.9182 -0.2962
vn 0.3573 0.7257 -0.5880
vn 0.3936 0.5499 -0.7367
vn 0.4064 0.4071 -0.8180
vn 0.4087 0.2852 -0.8669
vn 0.4048 0.1718 -0.8981
vn 0.3953 0.0561 -0.9168
vn 0.3782 -0.0741 -0.9227
vn 0.3476 -0.2353 -0.9077
vn 0.2883 -0.4516 -0.8444
vn 0.1662 -0.7359 -0.6564
vn 0.3695 0.9209 -0.1242
vn 0.5549 0.7485 -0.3631
vn 0.6486 0.5644 -0.5107
vn 0.6921 0.3993 -0.6013
vn 0.7085 0.2510 -0.6595
vn 0.7077 0.1105 -0.6978
vn 0.6919 -0.0325 -0.7212
vn 0.6576 -0.1887 -0.7294
vn 0.5938 -0.3705 -0.7143
vn 0.4766 -0.5875 -0.6540
vn 0.2673 -0.8215 -0.5036
vn 0.4491 0.8892 0.0868
vn 0.7075 0.7062 -0.0256
vn 0.8542 0.5078 -0.1114
vn 0.9296 0.3247 -0.1745
vn 0.9621 0.1579 -0.2222
vn 0.9656 -0.0000 -0.2600
vn 0.9436 -0.1579 -0.2910
vn 0.8915 -0.3247 -0.3159
vn 0.7947 -0.5078 -0.3326
vn 0.6247 -0.7062 -0.3332
vn 0.3448 -0.8892 -0.3005
vn 0.4841 0.8215 0.3013
vn 0.7405 0.5875 0.3263
vn 0.8722 0.3705 0.3195
vn 0.9349 0.1887 0.3006
vn 0.9605 0.0325 0.2763
vn 0.9624 -0.1105 0.2481
vn 0.9439 -0.2510 0.2146
vn 0.9004 -0.3993 0.1725
vn 0.8173 -0.5644 0.1160
vn 0.6622 -0.7485 0.0353
vn 0.3819 -0.9209 -0.0781
vn 0.4733 0.7359 0.4842
vn 0.6733 0.4516 0.5854
vn 0.7563 0.2353 0.6104
vn 0.7904 0.0741 0.6081
vn 0.8022 -0.0561 0.5944
vn 0.8010 -0.1718 0.5734
vn 0.7888 -0.2852 0.5445
vn 0.7622 -0.4071 0.5033
vn 0.7103 -0.5499 0.4394
vn 0.6043 -0.7257 0.3291
vn 0.3763 -0.9182 0.1240
vn 0.4300 0.6553 0.6210
vn 0.5694 0.3456 0.7459
vn 0.6166 0.1436 0.7741
vn 0.6332 0.0042 0.7740
vn 0.6375 -0.1044 0.7634
vn 0.6349 -0.1998 0.7463
vn 0.6264 -0.2932 0.7222
vn 0.6098 -0.3953 0.6870
vn 0.5777 -0.5194 0.6297
vn 0.5089 -0.6848 0.5215
vn 0.3390 -0.8972 0.2829
vn 0.3683 0.5938 0.7154
vn 0.4615 0.2768 0.8428
vn 0.4882 0.0894 0.8682
vn 0.4960 -0.0347 0.8676
vn 0.4968 -0.1297 0.8581
vn 0.4937 -0.2126 0.8432
vn 0.4871 -0.2939 0.8224
vn 0.4755 -0.3836 0.7917
vn 0.4539 -0.4950 0.7409
vn 0.4071 -0.6508 0.6408
vn 0.2822 -0.8739 0.3957
vn 0.2966 0.5564 0.7762
vn 0.3569 0.2392 0.9030
vn 0.3715 0.0612 0.9264
vn 0.3746 -0.0543 0.9256
vn 0.3735 -0.1420 0.9167
vn 0.3702 -0.2183 0.9029
vn 0.3647 -0.2933 0.8837
vn 0.3557 -0.3764 0.8555
vn 0.3398 -0.4807 0.8084
vn 0.3060 -0.6301 0.7137
vn 0.2137 -0.8573 0.4683
vn 0.2182 0.5439 0.8103
vn 0.2532 0.2273 0.9403
vn 0.2596 0.0525 0.9643
vn 0.2595 -0.0603 0.9639
vn 0.2572 -0.1457 0.9553
vn 0.2536 -0.2200 0.9420
vn 0.2486 -0.2930 0.9232
vn 0.2411 -0.3740 0.8955
vn 0.2287 -0.4760 0.8492
vn 0.2033 -0.6232 0.7551
vn 0.1363 -0.8515 0.5064
vn 0.1332 0.5564 0.8202
vn 0.1447 0.2392 0.9601
vn 0.1438 0.0612 0.9877
vn 0.1408 -0.0543 0.9885
vn 0.1372 -0.1420 0.9803
vn 0.1332 -0.2183 0.9667
vn 0.1284 -0.2933 0.9474
vn 0.1219 -0.3764 0.9184
vn 0.1121 -0.4807 0.8697
vn 0.0938 -0.6301 0.7708
vn 0.0503 -0.8573 0.5123
vn 0.0407 0.5938 0.8036
vn 0.0241 0.2768 0.9606
vn 0.0137 0.0894 0.9959
vn 0.0067 -0.0347 0.9994
vn 0.0013 -0.1297 0.9916
vn -0.0036 -0.2126 0.9771
vn -0.0084 -0.2939 0.9558
vn -0.0137 -0.3836 0.9234
vn -0.0205 -0.4950 0.8686
vn -0.0303 -0.6508 0.7586
vn -0.0454 -0.8739 0.4840
vn -0.0601 0.6553 0.7530
vn -0.1178 0.3456 0.9310
vn -0.1445 0.1436 0.9790
vn -0.1590 0.0042 0.9873
vn -0.1680 -0.1044 0.9802
vn -0.1744 -0.1998 0.9642
vn -0.1791 -0.2932 0.9391
vn -0.1824 -0.3953 0.9003
vn -0.1834 -0.5194 0.8346
vn -0.1783 -0.6848 0.7066
vn -0.1511 -0.8972 0.4149
vn -0.1662 0.7359 0.6564
vn -0.2883 0.4516 0.8444
vn -0.3476 0.2353 0.9077
vn -0.3782 0.0741 0.9227
vn -0.3953 -0.0561 0.9168
vn -0.4048 -0.1718 0.8981
vn -0.4087 -0.2852 0.8669
vn -0.4064 -0.4071 0.8180
vn -0.3936 -0.5499 0.7367
vn -0.3573 -0.7257 0.5880
vn -0.2632 -0.9182 0.2962
vn -0.2673 0.8215 0.5036
vn -0.4766 0.5875 0.6540
vn -0.5938 0.3705 0.7143
vn -0.6576 0.1887 0.7294
vn -0.6919 0.0325 0.7212
vn -0.7077 -0.1105 0.6978
vn -0.7085 -0.2510 0.6595
vn -0.6921 -0.3993 0.6013
vn -0.6486 -0.5644 0.5107
vn -0.5549 -0.7485 0.3631
vn -0.3695 -0.9209 0.1242
vn -0.3448 0.8892 0.3005
vn -0.6247 0.7062 0.3332
vn -0.7947 0.5078 0.3326
vn -0.8915 0.3247 0.3159
vn -0.9436 0.1579 0.2910
vn -0.9656 -0.0000 0.2600
vn -0.9621 -0.1579 0.2222
vn -0.9296 -0.3247 0.1745
vn -0.8542 -0.5078 0.1114
vn -0.7075 -0.7062 0.0256
vn -0.4491 -0.8892 -0.0868
vn -0.3819 0.9209 0.0781
vn -0.6622 0.7485 -0.0353
vn -0.8173 0.5644 -0.1160
vn -0.9004 0.3993 -0.1725
vn -0.9439 0.2510 -0.2146
vn -0.9624 0.1105 -0.2481
vn -0.9605 -0.0325 -0.2763
vn -0.9349 -0.1887 -0.3006
vn -0.8722 -0.3705 -0.3195
vn -0.7405 -0.5875 -0.3263
vn -0.4841 -0.8215 -0.3013
vn -0.3763 0.9182 -0.1240
vn -0.6043 0.7257 -0.3291
vn -0.7103 0.5499 -0.4394
vn -0.7622 0.4071 -0.5033
vn -0.7888 0.2852 -0.5445
vn -0.8010 0.1718 -0.5734
vn -0.8022 0.0561 -0.5944
vn -0.7904 -0.0741 -0.6081
vn -0.7563 -0.2353 -0.6104
vn -0.6733 -0.4516 -0.5854
vn -0.4733 -0.7359 -0.4842
vn -0.3390 0.8972 -0.2829
vn -0.5089 0.6848 -0.5215
vn -0.5777 0.5194 -0.6297
vn -0.6098 0.3953 -0.6870
vn -0.6264 0.2932 -0.7222
vn -0.6349 0.1998 -0.7463
vn -0.6375 0.1044 -0.7634
vn -0.6332 -0.0042 -0.7740
vn -0.6166 -0.1436 -0.7741
vn -0.5694 -0.3456 -0.7459
vn -0.4300 -0.6553 -0.6210
vn -0.2822 0.8739 -0.3957
vn -0.4071 0.6508 -0.6408
vn -0.4539 0.4950 -0.7409
vn -0.4755 0.3836 -0.7917
vn -0.4871 0.2939 -0.8224
vn -0.4937 0.2126 -0.8432
vn -0.4968 0.1297 -0.8581
vn -0.4960 0.0347 -0.8676
vn -0.4882 -0.0894 -0.8682
vn -0.4615 -0.2768 -0.8428
vn -0.3683 -0.5938 -0.7154
vn -0.2137 0.8573 -0.4683
vn -0.3060 0.6301 -0.7137
vn -0.3398 0.4807 -0.8084
vn -0.3557 0.3764 -0.8555
vn -0.3647 0.2933 -0.8837
vn -0.3702 0.2183 -0.9029
vn -0.3735 0.1420 -0.9167
vn -0.3746 0.0543 -0.9256
vn -0.3715 -0.0612 -0.9264
vn -0.3569 -0.2392 -0.9030
vn -0.2966 -0.5564 -0.7762
vn -0.2033 0.6232 -0.7551
vn -0.2287 0.4760 -0.8492
vn -0.2532 -0.2273 -0.9403
vt 0.750000 0.333333
vt 0.750000 0.416667
vt 0.708333 0.416667
vt 0.708333 0.333333
vt 0.750000 0.583333
vt 0.750000 0.666667
vt 0.708333 0.666667
vt 0.708333 0.583333
vt 0.729167 0.000000
vt 0.750000 0.083333
vt 0.708333 0.083333
vt 0.750000 0.833333
vt 0.750000 0.916667
vt 0.708333 0.916667
vt 0.708333 0.833333
vt 0.750000 0.250000
vt 0.708333 0.250000
vt 0.750000 0.500000
vt 0.708333 0.500000
vt 0.750000 0.750000
vt 0.708333 0.750000
vt 0.750000 0.166667
vt 0.708333 0.166667
vt 0.729167 1.000000
vt 0.666667 0.833333
vt 0.666667 0.750000
vt 0.666667 0.250000
vt 0.666667 0.166667
vt 0.666667 0.500000
vt 0.666667 0.416667
vt 0.666667 0.666667
vt 0.666667 0.083333
vt 0.687500 1.000000
vt 0.666667 0.916667
vt 0.666667 0.333333
vt 0.666667 0.583333
vt 0.687500 0.000000
vt 0.625000 0.666667
vt 0.625000 0.583333
vt 0.645833 0.000000
vt 0.625000 0.083333
vt 0.625000 0.916667
vt 0.625000 0.833333
vt 0.625000 0.333333
vt 0.625000 0.250000
vt 0.625000 0.500000
vt 0.625000 0.750000
vt 0.625000 0.166667
vt 0.625000 0.416667
vt 0.645833 1.000000
vt 0.583333 0.750000
vt 0.583333 0.666667
vt 0.583333 0.166667
vt 0.583333 0.083333
vt 0.604167 1.000000
vt 0.583333 0.916667
vt 0.583333 0.416667
vt 0.583333 0.333333
vt 0.583333 0.583333
vt 0.604167 0.000000
vt 0.583333 0.833333
vt 0.583333 0.250000
vt 0.583333 0.500000
vt 0.541667 0.583333
vt 0.541667 0.500000
vt 0.541667 0.833333
vt 0.541667 0.750000
vt 0.541667 0.250000
vt 0.541667 0.166667
vt 0.541667 0.416667
vt 0.541667 0.666667
vt 0.541667 0.083333
vt 0.562500 1.000000
vt 0.541667 0.916667
vt 0.541667 0.333333
vt 0.562500 0.000000
vt 0.500000 0.666667
vt 0.500000 0.583333
vt 0.520833 0.000000
vt 0.500000 0.083333
vt 0.500000 0.916667
vt 0.500000 0.833333
vt 0.500000 0.333333
vt 0.500000 0.250000
vt 0.500000 0.500000
vt 0.500000 0.750000
vt 0.500000 0.166667
vt 0.500000 0.416667
vt 0.520833 1.000000
vt 0.458333 0.500000
vt 0.458333 0.416667
vt 0.458333 0.750000
vt 0.458333 0.666667
vt 0.458333 0.166667
vt 0.458333 0.083333
vt 0.479167 1.000000
vt 0.458333 0.916667
vt 0.458333 0.333333
vt 0.458333 0.583333
vt 0.479167 0.000000
vt 0.458333 0.833333
vt 0.458333 0.250000
vt 0.416667 0.583333
vt 0.416667 0.500000
vt 0.416667 0.833333
vt 0.416667 0.750000
vt 0.416667 0.250000
vt 0.416667 0.166667
vt 0.416667 0.416667
vt 0.416667 0.666667
vt 0.416667 0.083333
vt 0.437500 1.000000
vt 0.416667 0.916667
vt 0.416667 0.333333
vt 0.437500 0.000000
vt 0.375000 0.416667
vt 0.375000 0.333333
vt 0.375000 0.666667
vt 0.375000 0.583333
vt 0.395833 0.000000
vt 0.375000 0.083333
vt 0.375000 0.916667
vt 0.375000 0.833333
vt 0.375000 0.250000
vt 0.375000 0.500000
vt 0.375000 0.750000
vt 0.375000 0.166667
vt 0.395833 1.000000
vt 0.333333 0.500000
vt 0.333333 0.416667
vt 0.333333 0.750000
vt 0.333333 0.666667
vt 0.333333 0.166667
vt 0.333333 0.083333
vt 0.354167 1.000000
vt 0.333333 0.916667
vt 0.333333 0.333333
vt 0.333333 0.583333
vt 0.354167 0.000000
vt 0.333333 0.833333
vt 0.333333 0.250000
vt 0.291667 0.333333
vt 0.291667 0.250000
vt 0.291667 0.583333
vt 0.291667 0.500000
vt 0.291667 0.833333
vt 0.291667 0.750000
vt 0.291667 0.166667
vt 0.291667 0.416667
vt 0.291667 0.666667
vt 0.291667 0.083333
vt 0.312500 1.000000
vt 0.291667 0.916667
vt 0.312500 0.000000
vt 0.270833 1.000000
vt 0.250000 0.916667
vt 0.250000 0.416667
vt 0.250000 0.333333
vt 0.250000 0.666667
vt 0.250000 0.583333
vt 0.270833 0.000000
vt 0.250000 0.083333
vt 0.250000 0.833333
vt 0.250000 0.250000
vt 0.250000 0.500000
vt 0.250000 0.750000
vt 0.250000 0.166667
vt 0.208333 0.250000
vt 0.208333 0.166667
vt 0.208333 0.500000
vt 0.208333 0.416667
vt 0.208333 0.750000
vt 0.208333 0.666667
vt 0.208333 0.083333
vt 0.229167 1.000000
vt 0.208333 0.916667
vt 0.208333 0.333333
vt 0.208333 0.583333
vt 0.229167 0.000000
vt 0.208333 0.833333
vt 0.166667 0.916667
vt 0.166667 0.833333
vt 0.166667 0.333333
vt 0.166667 0.250000
vt 0.166667 0.583333
vt 0.166667 0.500000
vt 0.166667 0.750000
vt 0.166667 0.166667
vt 0.166667 0.416667
vt 0.166667 0.666667
vt 0.166667 0.083333
vt 0.187500 1.000000
vt 0.187500 0.000000
vt 0.125000 0.166667
vt 0.125000 0.083333
vt 0.145833 1.000000
vt 0.125000 0.916667
vt 0.125000 0.416667
vt 0.125000 0.333333
vt 0.125000 0.666667
vt 0.125000 0.583333
vt 0.145833 0.000000
vt 0.125000 0.833333
vt 0.125000 0.250000
vt 0.125000 0.500000
vt 0.125000 0.750000
vt 0.083333 0.833333
vt 0.083333 0.750000
vt 0.083333 0.250000
vt 0.083333 0.166667
vt 0.083333 0.500000
vt 0.083333 0.416667
vt 0.083333 0.666667
vt 0.083333 0.083333
vt 0.104167 1.000000
vt 0.083333 0.916667
vt 0.083333 0.333333
vt 0.083333 0.583333
vt 0.104167 0.000000
vt 0.062500 0.000000
vt 0.041667 0.083333
vt 0.041667 0.916667
vt 0.041667 0.833333
vt 0.041667 0.333333
vt 0.041667 0.250000
vt 0.041667 0.583333
vt 0.041667 0.500000
vt 0.041667 0.750000
vt 0.041667 0.166667
vt 0.041667 0.416667
vt 0.041667 0.666667
vt 0.062500 1.000000
vt 0.000000 0.750000
vt 0.000000 0.666667
vt 0.000000 0.166667
vt 0.000000 0.083333
vt 0.020833 1.000000
vt 0.000000 0.916667
vt 0.000000 0.416667
vt 0.000000 0.333333
vt 0.000000 0.583333
vt 0.020833 0.000000
vt 0.000000 0.833333
vt 0.000000 0.250000
vt 0.000000 0.500000
vt 1.000000 0.750000
vt 1.000000 0.833333
vt 0.958333 0.833333
vt 0.958333 0.750000
vt 1.000000 0.166667
vt 1.000000 0.250000
vt 0.958333 0.250000
vt 0.958333 0.166667
vt 1.000000 0.416667
vt 1.000000 0.500000
vt 0.958333 0.500000
vt 0.958333 0.416667
vt 1.000000 0.666667
vt 0.958333 0.666667
vt 1.000000 0.083333
vt 0.958333 0.083333
vt 1.000000 0.916667
vt 0.979167 1.000000
vt 0.958333 0.916667
vt 1.000000 0.333333
vt 0.958333 0.333333
vt 1.000000 0.583333
vt 0.958333 0.583333
vt 0.979167 0.000000
vt 0.916667 0.666667
vt 0.916667 0.583333
vt 0.937500 0.000000
vt 0.916667 0.083333
vt 0.916667 0.916667
vt 0.916667 0.833333
vt 0.916667 0.333333
vt 0.916667 0.250000
vt 0.916667 0.500000
vt 0.916667 0.750000
vt 0.916667 0.166667
vt 0.916667 0.416667
vt 0.937500 1.000000
vt 0.875000 0.750000
vt 0.875000 0.666667
vt 0.875000 0.166667
vt 0.875000 0.083333
vt 0.895833 1.000000
vt 0.875000 0.916667
vt 0.875000 0.416667
vt 0.875000 0.333333
vt 0.875000 0.583333
vt 0.895833 0.000000
vt 0.875000 0.833333
vt 0.875000 0.250000
vt 0.875000 0.500000
vt 0.833333 0.583333
vt 0.833333 0.500000
vt 0.833333 0.833333
vt 0.833333 0.750000
vt 0.833333 0.250000
vt 0.833333 0.166667
vt 0.833333 0.416667
vt 0.833333 0.666667
vt 0.833333 0.083333
vt 0.854167 1.000000
vt 0.833333 0.916667
vt 0.833333 0.333333
vt 0.854167 0.000000
vt 0.791667 0.666667
vt 0.791667 0.583333
vt 0.812500 0.000000
vt 0.791667 0.083333
vt 0.791667 0.916667
vt 0.791667 0.833333
vt 0.791667 0.333333
vt 0.791667 0.250000
vt 0.791667 0.500000
vt 0.791667 0.750000
vt 0.791667 0.166667
vt 0.791667 0.416667
vt 0.812500 1.000000
vt 0.770833 1.000000
vt 0.770833 0.000000
s 1
usemtl Smiley_Black
f 2259/2467/2259 2258/2468/2258 2269/2469/2269 2270/2470/2270
f 2256/2471/2256 2255/2472/2255 2266/2473/2266 2267/2474/2267
f 2262/2475/2262 2261/2476/2261 2273/2477/2273
f 2516/2478/2516 2254/2479/2254 2263/2480/2263 2264/2481/2264
f 2260/2482/2260 2259/2467/2259 2270/2470/2270 2271/2483/2271
f 2257/2484/2257 2256/2471/2256 2267/2474/2267 2268/2485/2268
f 2517/2486/2517 2516/2478/2516 2264/2481/2264 2265/2487/2265
f 2518/2488/2518 2260/2482/2260 2271/2483/2271 2272/2489/2272
f 2258/2468/2258 2257/2484/2257 2268/2485/2268 2269/2469/2269
f 2255/2472/2255 2517/2486/2517 2265/2487/2265 2266/2473/2266
f 2261/2476/2261 2518/2488/2518 2272/2489/2272 2273/2477/2273
f 2254/2479/2254 2253/2490/2253 2263/2480/2263
f 2265/2487/2265 2264/2481/2264 2275/2491/2275 2276/2492/2276
f 2272/2489/2272 2271/2483/2271 2282/2493/2282 2283/2494/2283
f 2269/2469/2269 2268/2485/2268 2279/2495/2279 2280/2496/2280
f 2266/2473/2266 2265/2487/2265 2276/2492/2276 2277/2497/2277
f 2273/2477/2273 2272/2489/2272 2283/2494/2283 2284/2498/2284
f 2263/2480/2263 2253/2499/2253 2274/2500/2274
f 2270/2470/2270 2269/2469/2269 2280/2496/2280 2281/2501/2281
f 2267/2474/2267 2266/2473/2266 2277/2497/2277 2278/2502/2278
f 2262/2503/2262 2273/2477/2273 2284/2498/2284
f 2264/2481/2264 2263/2480/2263 2274/2500/2274 2275/2491/2275
f 2271/2483/2271 2270/2470/2270 2281/2501/2281 2282/2493/2282
f 2268/2485/2268 2267/2474/2267 2278/2502/2278 2279/2495/2279
f 2278/2502/2278 2277/2497/2277 2288/2504/2288 2289/2505/2289
f 2262/2506/2262 2284/2498/2284 2295/2507/2295
f 2275/2491/2275 2274/2500/2274 2285/2508/2285 2286/2509/2286
f 2282/2493/2282 2281/2501/2281 2292/2510/2292 2293/2511/2293
f 2279/2495/2279 2278/2502/2278 2289/2505/2289 2290/2512/2290
f 2276/2492/2276 2275/2491/2275 2286/2509/2286 2287/2513/2287
f 2283/2494/2283 2282/2493/2282 2293/2511/2293 2294/2514/2294
f 2280/2496/2280 2279/2495/2279 2290/2512/2290 2291/2515/2291
f 2277/2497/2277 2276/2492/2276 2287/2513/2287 2288/2504/2288
f 2284/2498/2284 2283/2494/2283 2294/2514/2294 2295/2507/2295
f 2274/2500/2274 2253/2516/2253 2285/2508/2285
f 2281/2501/2281 2280/2496/2280 2291/2515/2291 2292/2510/2292
f 2288/2504/2288 2287/2513/2287 2298/2517/2298 2299/2518/2299
f 2295/2507/2295 2294/2514/2294 2305/2519/2305 2306/2520/2306
f 2285/2508/2285 2253/2521/2253 2296/2522/2296
f 2292/2510/2292 2291/2515/2291 2302/2523/2302 2303/2524/2303
f 2289/2505/2289 2288/2504/2288 2299/2518/2299 2300/2525/2300
f 2262/2526/2262 2295/2507/2295 2306/2520/2306
f 2286/2509/2286 2285/2508/2285 2296/2522/2296 2297/2527/2297
f 2293/2511/2293 2292/2510/2292 2303/2524/2303 2304/2528/2304
f 2290/2512/2290 2289/2505/2289 2300/2525/2300 2301/2529/2301
f 2287/2513/2287 2286/2509/2286 2297/2527/2297 2298/2517/2298
f 2294/2514/2294 2293/2511/2293 2304/2528/2304 2305/2519/2305
f 2291/2515/2291 2290/2512/2290 2301/2529/2301 2302/2523/2302
f 2301/2529/2301 2300/2525/2300 2311/2530/2311 2312/2531/2312
f 2298/2517/2298 2297/2527/2297 2308/2532/2308 2309/2533/2309
f 2305/2519/2305 2304/2528/2304 2315/2534/2315 2316/2535/2316
f 2302/2523/2302 2301/2529/2301 2312/2531/2312 2313/2536/2313
f 2299/2518/2299 2298/2517/2298 2309/2533/2309 2310/2537/2310
f 2306/2520/2306 2305/2519/2305 2316/2535/2316 2317/2538/2317
f 2296/2522/2296 2253/2539/2253 2307/2540/2307
f 2303/2524/2303 2302/2523/2302 2313/2536/2313 2314/2541/2314
f 2300/2525/2300 2299/2518/2299 2310/2537/2310 2311/2530/2311
f 2262/2542/2262 2306/2520/2306 2317/2538/2317
f 2297/2527/2297 2296/2522/2296 2307/2540/2307 2308/2532/2308
f 2304/2528/2304 2303/2524/2303 2314/2541/2314 2315/2534/2315
f 2311/2530/2311 2310/2537/2310 2321/2543/2321 2322/2544/2322
f 2262/2545/2262 2317/2538/2317 2328/2546/2328
f 2308/2532/2308 2307/2540/2307 2318/2547/2318 2319/2548/2319
f 2315/2534/2315 2314/2541/2314 2325/2549/2325 2326/2550/2326
f 2312/2531/2312 2311/2530/2311 2322/2544/2322 2323/2551/2323
f 2309/2533/2309 2308/2532/2308 2319/2548/2319 2320/2552/2320
f 2316/2535/2316 2315/2534/2315 2326/2550/2326 2327/2553/2327
f 2313/2536/2313 2312/2531/2312 2323/2551/2323 2324/2554/2324
f 2310/2537/2310 2309/2533/2309 2320/2552/2320 2321/2543/2321
f 2317/2538/2317 2316/2535/2316 2327/2553/2327 2328/2546/2328
f 2307/2540/2307 2253/2555/2253 2318/2547/2318
f 2314/2541/2314 2313/2536/2313 2324/2554/2324 2325/2549/2325
f 2324/2554/2324 2323/2551/2323 2334/2556/2334 2335/2557/2335
f 2321/2543/2321 2320/2552/2320 2331/2558/2331 2332/2559/2332
f 2328/2546/2328 2327/2553/2327 2338/2560/2338 2339/2561/2339
f 2318/2547/2318 2253/2562/2253 2329/2563/2329
f 2325/2549/2325 2324/2554/2324 2335/2557/2335 2336/2564/2336
f 2322/2544/2322 2321/2543/2321 2332/2559/2332 2333/2565/2333
f 2262/2566/2262 2328/2546/2328 2339/2561/2339
f 2319/2548/2319 2318/2547/2318 2329/2563/2329 2330/2567/2330
f 2326/2550/2326 2325/2549/2325 2336/2564/2336 2337/2568/2337
f 2323/2551/2323 2322/2544/2322 2333/2565/2333 2334/2556/2334
f 2320/2552/2320 2319/2548/2319 2330/2567/2330 2331/2558/2331
f 2327/2553/2327 2326/2550/2326 2337/2568/2337 2338/2560/2338
f 2334/2556/2334 2333/2565/2333 2344/2569/2344 2345/2570/2345
f 2331/2558/2331 2330/2567/2330 2341/2571/2341 2342/2572/2342
f 2338/2560/2338 2337/2568/2337 2348/2573/2348 2349/2574/2349
f 2335/2557/2335 2334/2556/2334 2345/2570/2345 2346/2575/2346
f 2332/2559/2332 2331/2558/2331 2342/2572/2342 2343/2576/2343
f 2339/2561/2339 2338/2560/2338 2349/2574/2349 2350/2577/2350
f 2329/2563/2329 2253/2578/2253 2340/2579/2340
f 2336/2564/2336 2335/2557/2335 2346/2575/2346 2347/2580/2347
f 2333/2565/2333 2332/2559/2332 2343/2576/2343 2344/2569/2344
f 2262/2581/2262 2339/2561/2339 2350/2577/2350
f 2330/2567/2330 2329/2563/2329 2340/2579/2340 2341/2571/2341
f 2337/2568/2337 2336/2564/2336 2347/2580/2347 2348/2573/2348
f 2347/2580/2347 2346/2575/2346 2357/2582/2357 2358/2583/2358
f 2344/2569/2344 2343/2576/2343 2354/2584/2354 2355/2585/2355
f 2262/2586/2262 2350/2577/2350 2361/2587/2361
f 2341/2571/2341 2340/2579/2340 2351/2588/2351 2352/2589/2352
f 2348/2573/2348 2347/2580/2347 2358/2583/2358 2359/2590/2359
f 2345/2570/2345 2344/2569/2344 2355/2585/2355 2356/2591/2356
f 2342/2572/2342 2341/2571/2341 2352/2589/2352 2353/2592/2353
f 2349/2574/2349 2348/2573/2348 2359/2590/2359 2360/2593/2360
f 2346/2575/2346 2345/2570/2345 2356/2591/2356 2357/2582/2357
f 2343/2576/2343 2342/2572/2342 2353/2592/2353 2354/2584/2354
f 2350/2577/2350 2349/2574/2349 2360/2593/2360 2361/2587/2361
f 2340/2579/2340 2253/2594/2253 2351/2588/2351
f 2357/2582/2357 2356/2591/2356 2367/2595/2367 2368/2596/2368
f 2354/2584/2354 2353/2592/2353 2364/2597/2364 2365/2598/2365
f 2361/2587/2361 2360/2593/2360 2371/2599/2371 2372/2600/2372
f 2351/2588/2351 2253/2601/2253 2362/2602/2362
f 2358/2583/2358 2357/2582/2357 2368/2596/2368 2369/2603/2369
f 2355/2585/2355 2354/2584/2354 2365/2598/2365 2366/2604/2366
f 2262/2605/2262 2361/2587/2361 2372/2600/2372
f 2352/2589/2352 2351/2588/2351 2362/2602/2362 2363/2606/2363
f 2359/2590/2359 2358/2583/2358 2369/2603/2369 2370/2607/2370
f 2356/2591/2356 2355/2585/2355 2366/2604/2366 2367/2595/2367
f 2353/2592/2353 2352/2589/2352 2363/2606/2363 2364/2597/2364
f 2360/2593/2360 2359/2590/2359 2370/2607/2370 2371/2599/2371
f 2370/2607/2370 2369/2603/2369 2380/2608/2380 2381/2609/2381
f 2367/2595/2367 2366/2604/2366 2377/2610/2377 2378/2611/2378
f 2364/2597/2364 2363/2606/2363 2374/2612/2374 2375/2613/2375
f 2371/2599/2371 2370/2607/2370 2381/2609/2381 2382/2614/2382
f 2368/2596/2368 2367/2595/2367 2378/2611/2378 2379/2615/2379
f 2365/2598/2365 2364/2597/2364 2375/2613/2375 2376/2616/2376
f 2372/2600/2372 2371/2599/2371 2382/2614/2382 2383/2617/2383
f 2362/2602/2362 2253/2618/2253 2373/2619/2373
f 2369/2603/2369 2368/2596/2368 2379/2615/2379 2380/2608/2380
f 2366/2604/2366 2365/2598/2365 2376/2616/2376 2377/2610/2377
f 2262/2620/2262 2372/2600/2372 2383/2617/2383
f 2363/2606/2363 2362/2602/2362 2373/2619/2373 2374/2612/2374
f 2373/2619/2373 2253/2621/2253 2384/2622/2384
f 2380/2608/2380 2379/2615/2379 2390/2623/2390 2391/2624/2391
f 2377/2610/2377 2376/2616/2376 2387/2625/2387 2388/2626/2388
f 2262/2627/2262 2383/2617/2383 2394/2628/2394
f 2374/2612/2374 2373/2619/2373 2384/2622/2384 2385/2629/2385
f 2381/2609/2381 2380/2608/2380 2391/2624/2391 2392/2630/2392
f 2378/2611/2378 2377/2610/2377 2388/2626/2388 2389/2631/2389
f 2375/2613/2375 2374/2612/2374 2385/2629/2385 2386/2632/2386
f 2382/2614/2382 2381/2609/2381 2392/2630/2392 2393/2633/2393
f 2379/2615/2379 2378/2611/2378 2389/2631/2389 2390/2623/2390
f 2376/2616/2376 2375/2613/2375 2386/2632/2386 2387/2625/2387
f 2383/2617/2383 2382/2614/2382 2393/2633/2393 2394/2628/2394
f 2393/2633/2393 2392/2630/2392 2403/2634/2403 2404/2635/2404
f 2390/2623/2390 2389/2631/2389 2400/2636/2400 2401/2637/2401
f 2387/2625/2387 2386/2632/2386 2397/2638/2397 2398/2639/2398
f 2394/2628/2394 2393/2633/2393 2404/2635/2404 2405/2640/2405
f 2384/2622/2384 2253/2641/2253 2395/2642/2395
f 2391/2624/2391 2390/2623/2390 2401/2637/2401 2402/2643/2402
f 2388/2626/2388 2387/2625/2387 2398/2639/2398 2399/2644/2399
f 2262/2645/2262 2394/2628/2394 2405/2640/2405
f 2385/2629/2385 2384/2622/2384 2395/2642/2395 2396/2646/2396
f 2392/2630/2392 2391/2624/2391 2402/2643/2402 2403/2634/2403
f 2389/2631/2389 2388/2626/2388 2399/2644/2399 2400/2636/2400
f 2386/2632/2386 2385/2629/2385 2396/2646/2396 2397/2638/2397
f 2396/2646/2396 2395/2642/2395 2406/2647/2406 2407/2648/2407
f 2403/2634/2403 2402/2643/2402 2413/2649/2413 2414/2650/2414
f 2400/2636/2400 2399/2644/2399 2410/2651/2410 2411/2652/2411
f 2397/2638/2397 2396/2646/2396 2407/2648/2407 2408/2653/2408
f 2404/2635/2404 2403/2634/2403 2414/2650/2414 2415/2654/2415
f 2401/2637/2401 2400/2636/2400 2411/2652/2411 2412/2655/2412
f 2398/2639/2398 2397/2638/2397 2408/2653/2408 2409/2656/2409
f 2405/2640/2405 2404/2635/2404 2415/2654/2415 2416/2657/2416
f 2395/2642/2395 2253/2658/2253 2406/2647/2406
f 2402/2643/2402 2401/2637/2401 2412/2655/2412 2413/2649/2413
f 2399/2644/2399 2398/2639/2398 2409/2656/2409 2410/2651/2410
f 2262/2659/2262 2405/2640/2405 2416/2657/2416
f 2416/2657/2416 2415/2654/2415 2426/2660/2426 2427/2661/2427
f 2406/2647/2406 2253/2662/2253 2417/2663/2417
f 2413/2649/2413 2412/2655/2412 2423/2664/2423 2424/2665/2424
f 2410/2651/2410 2409/2656/2409 2420/2666/2420 2421/2667/2421
f 2262/2668/2262 2416/2657/2416 2427/2661/2427
f 2407/2648/2407 2406/2647/2406 2417/2663/2417 2418/2669/2418
f 2414/2650/2414 2413/2649/2413 2424/2665/2424 2425/2670/2425
f 2411/2652/2411 2410/2651/2410 2421/2667/2421 2422/2671/2422
f 2408/2653/2408 2407/2648/2407 2418/2669/2418 2419/2672/2419
f 2415/2654/2415 2414/2650/2414 2425/2670/2425 2426/2660/2426
f 2412/2655/2412 2411/2652/2411 2422/2671/2422 2423/2664/2423
f 2409/2656/2409 2408/2653/2408 2419/2672/2419 2420/2666/2420
f 2419/2672/2419 2418/2669/2418 2429/2673/2429 2430/2674/2430
f 2426/2660/2426 2425/2670/2425 2436/2675/2436 2437/2676/2437
f 2423/2664/2423 2422/2671/2422 2433/2677/2433 2434/2678/2434
f 2420/2666/2420 2419/2672/2419 2430/2674/2430 2431/2679/2431
f 2427/2661/2427 2426/2660/2426 2437/2676/2437 2438/2680/2438
f 2417/2663/2417 2253/2681/2253 2428/2682/2428
f 2424/2665/2424 2423/2664/2423 2434/2678/2434 2435/2683/2435
f 2421/2667/2421 2420/2666/2420 2431/2679/2431 2432/2684/2432
f 2262/2685/2262 2427/2661/2427 2438/2680/2438
f 2418/2669/2418 2417/2663/2417 2428/2682/2428 2429/2673/2429
f 2425/2670/2425 2424/2665/2424 2435/2683/2435 2436/2675/2436
f 2422/2671/2422 2421/2667/2421 2432/2684/2432 2433/2677/2433
f 2262/2686/2262 2438/2680/2438 2449/2687/2449
f 2429/2673/2429 2428/2682/2428 2439/2688/2439 2440/2689/2440
f 2436/2675/2436 2435/2683/2435 2446/2690/2446 2447/2691/2447
f 2433/2677/2433 2432/2684/2432 2443/2692/2443 2444/2693/2444
f 2430/2674/2430 2429/2673/2429 2440/2689/2440 2441/2694/2441
f 2437/2676/2437 2436/2675/2436 2447/2691/2447 2448/2695/2448
f 2434/2678/2434 2433/2677/2433 2444/2693/2444 2445/2696/2445
f 2431/2679/2431 2430/2674/2430 2441/2694/2441 2442/2697/2442
f 2438/2680/2438 2437/2676/2437 2448/2695/2448 2449/2687/2449
f 2428/2682/2428 2253/2698/2253 2439/2688/2439
f 2435/2683/2435 2434/2678/2434 2445/2696/2445 2446/2690/2446
f 2432/2684/2432 2431/2679/2431 2442/2697/2442 2443/2692/2443
f 2442/2697/2442 2441/2694/2441 2452/2699/2452 2453/2700/2453
f 2449/2687/2449 2448/2695/2448 2459/2701/2459 2460/2702/2460
f 2439/2688/2439 2253/2703/2253 2450/2704/2450
f 2446/2690/2446 2445/2696/2445 2456/2705/2456 2457/2706/2457
f 2443/2692/2443 2442/2697/2442 2453/2700/2453 2454/2707/2454
f 2262/2708/2262 2449/2687/2449 2460/2702/2460
f 2440/2689/2440 2439/2688/2439 2450/2704/2450 2451/2709/2451
f 2447/2691/2447 2446/2690/2446 2457/2706/2457 2458/2710/2458
f 2444/2693/2444 2443/2692/2443 2454/2707/2454 2455/2711/2455
f 2441/2694/2441 2440/2689/2440 2451/2709/2451 2452/2699/2452
f 2448/2695/2448 2447/2691/2447 2458/2710/2458 2459/2701/2459
f 2445/2696/2445 2444/2693/2444 2455/2711/2455 2456/2705/2456
f 2452/2712/2452 2451/2713/2451 2462/2714/2462 2463/2715/2463
f 2459/2716/2459 2458/2717/2458 2469/2718/2469 2470/2719/2470
f 2456/2720/2456 2455/2721/2455 2466/2722/2466 2467/2723/2467
f 2453/2724/2453 2452/2712/2452 2463/2715/2463 2464/2725/2464
f 2460/2726/2460 2459/2716/2459 2470/2719/2470 2471/2727/2471
f 2450/2728/2450 2253/2729/2253 2461/2730/2461
f 2457/2731/2457 2456/2720/2456 2467/2723/2467 2468/2732/2468
f 2454/2733/2454 2453/2724/2453 2464/2725/2464 2465/2734/2465
f 2262/2735/2262 2460/2726/2460 2471/2727/2471
f 2451/2713/2451 2450/2728/2450 2461/2730/2461 2462/2714/2462
f 2458/2717/2458 2457/2731/2457 2468/2732/2468 2469/2718/2469
f 2455/2721/2455 2454/2733/2454 2465/2734/2465 2466/2722/2466
f 2465/2734/2465 2464/2725/2464 2475/2736/2475 2476/2737/2476
f 2262/2738/2262 2471/2727/2471 2482/2739/2482
f 2462/2714/2462 2461/2730/2461 2472/2740/2472 2473/2741/2473
f 2469/2718/2469 2468/2732/2468 2479/2742/2479 2480/2743/2480
f 2466/2722/2466 2465/2734/2465 2476/2737/2476 2477/2744/2477
f 2463/2715/2463 2462/2714/2462 2473/2741/2473 2474/2745/2474
f 2470/2719/2470 2469/2718/2469 2480/2743/2480 2481/2746/2481
f 2467/2723/2467 2466/2722/2466 2477/2744/2477 2478/2747/2478
f 2464/2725/2464 2463/2715/2463 2474/2745/2474 2475/2736/2475
f 2471/2727/2471 2470/2719/2470 2481/2746/2481 2482/2739/2482
f 2461/2730/2461 2253/2748/2253 2472/2740/2472
f 2468/2732/2468 2467/2723/2467 2478/2747/2478 2479/2742/2479
f 2475/2736/2475 2474/2745/2474 2485/2749/2485 2486/2750/2486
f 2482/2739/2482 2481/2746/2481 2492/2751/2492 2493/2752/2493
f 2472/2740/2472 2253/2753/2253 2483/2754/2483
f 2479/2742/2479 2478/2747/2478 2489/2755/2489 2490/2756/2490
f 2476/2737/2476 2475/2736/2475 2486/2750/2486 2487/2757/2487
f 2262/2758/2262 2482/2739/2482 2493/2752/2493
f 2473/2741/2473 2472/2740/2472 2483/2754/2483 2484/2759/2484
f 2480/2743/2480 2479/2742/2479 2490/2756/2490 2491/2760/2491
f 2477/2744/2477 2476/2737/2476 2487/2757/2487 2488/2761/2488
f 2474/2745/2474 2473/2741/2473 2484/2759/2484 2485/2749/2485
f 2481/2746/2481 2480/2743/2480 2491/2760/2491 2492/2751/2492
f 2478/2747/2478 2477/2744/2477 2488/2761/2488 2489/2755/2489
f 2488/2761/2488 2487/2757/2487 2498/2762/2498 2499/2763/2499
f 2485/2749/2485 2484/2759/2484 2495/2764/2495 2496/2765/2496
f 2492/2751/2492 2491/2760/2491 2502/2766/2502 2503/2767/2503
f 2489/2755/2489 2488/2761/2488 2499/2763/2499 2500/2768/2500
f 2486/2750/2486 2485/2749/2485 2496/2765/2496 2497/2769/2497
f 2493/2752/2493 2492/2751/2492 2503/2767/2503 2504/2770/2504
f 2483/2754/2483 2253/2771/2253 2494/2772/2494
f 2490/2756/2490 2489/2755/2489 2500/2768/2500 2501/2773/2501
f 2487/2757/2487 2486/2750/2486 2497/2769/2497 2498/2762/2498
f 2262/2774/2262 2493/2752/2493 2504/2770/2504
f 2484/2759/2484 2483/2754/2483 2494/2772/2494 2495/2764/2495
f 2491/2760/2491 2490/2756/2490 2501/2773/2501 2502/2766/2502
f 2498/2762/2498 2497/2769/2497 2508/2775/2508 2509/2776/2509
f 2262/2777/2262 2504/2770/2504 2515/2778/2515
f 2495/2764/2495 2494/2772/2494 2505/2779/2505 2506/2780/2506
f 2502/2766/2502 2501/2773/2501 2512/2781/2512 2513/2782/2513
f 2499/2763/2499 2498/2762/2498 2509/2776/2509 2510/2783/2510
f 2496/2765/2496 2495/2764/2495 2506/2780/2506 2507/2784/2507
f 2503/2767/2503 2502/2766/2502 2513/2782/2513 2514/2785/2514
f 2500/2768/2500 2499/2763/2499 2510/2783/2510 2511/2786/2511
f 2497/2769/2497 2496/2765/2496 2507/2784/2507 2508/2775/2508
f 2504/2770/2504 2503/2767/2503 2514/2785/2514 2515/2778/2515
f 2494/2772/2494 2253/2787/2253 2505/2779/2505
f 2501/2773/2501 2500/2768/2500 2511/2786/2511 2512/2781/2512
f 2511/2786/2511 2510/2783/2510 2257/2484/2257 2258/2468/2258
f 2508/2775/2508 2507/2784/2507 2517/2486/2517 2255/2472/2255
f 2515/2778/2515 2514/2785/2514 2518/2488/2518 2261/2476/2261
f 2505/2779/2505 2253/2788/2253 2254/2479/2254
f 2512/2781/2512 2511/2786/2511 2258/2468/2258 2259/2467/2259
f 2509/2776/2509 2508/2775/2508 2255/2472/2255 2256/2471/2256
f 2262/2789/2262 2515/2778/2515 2261/2476/2261
f 2506/2780/2506 2505/2779/2505 2254/2479/2254 2516/2478/2516
f 2513/2782/2513 2512/2781/2512 2259/2467/2259 2260/2482/2260
f 2510/2783/2510 2509/2776/2509 2256/2471/2256 2257/2484/2257
f 2507/2784/2507 2506/2780/2506 2516/2478/2516 2517/2486/2517
f 2514/2785/2514 2513/2782/2513 2260/2482/2260 2518/2488/2518
o Smile
v 0.639066 0.893062 0.791719
v 0.626193 0.895707 0.785608
v 0.617876 0.896675 0.773777
v 0.616345 0.895707 0.759397
v 0.622010 0.893062 0.746320
v 0.633352 0.889450 0.738051
v 0.647334 0.885838 0.736806
v 0.660207 0.883193 0.742918
v 0.668524 0.882225 0.754749
v 0.670055 0.883193 0.769129
v 0.664390 0.885838 0.782205
v 0.653048 0.889450 0.790474
v -0.639066 0.893062 0.791719
v -0.626193 0.895707 0.785608
v -0.617876 0.896675 0.773777
v -0.616345 0.895707 0.759397
v -0.622010 0.893062 0.746320
v -0.633352 0.889450 0.738051
v -0.647334 0.885838 0.736806
v -0.660207 0.883193 0.742918
v -0.668524 0.882225 0.754749
v -0.670055 0.883193 0.769129
v -0.664390 0.885838 0.782205
v -0.653048 0.889450 0.790474
v -0.639066 0.893062 0.791719
v -0.626193 0.895707 0.785608
v -0.617876 0.896675 0.773777
v -0.616345 0.895707 0.759397
v -0.622010 0.893062 0.746320
v -0.633352 0.889450 0.738051
v -0.647334 0.885838 0.736806
v -0.660207 0.883193 0.742918
v -0.668524 0.882225 0.754749
v -0.670055 0.883193 0.769129
v -0.664390 0.885838 0.782205
v -0.653048 0.889450 0.790474
v -0.658374 0.909825 0.779584
v -0.648917 0.903820 0.770388
v -0.640621 0.904736 0.758539
v -0.635709 0.912328 0.747211
v -0.635497 0.924561 0.739441
v -0.640042 0.938158 0.737310
v -0.648126 0.949475 0.741389
v -0.657583 0.955480 0.750586
v -0.665879 0.954564 0.762435
v -0.670791 0.946972 0.773763
v -0.671003 0.934739 0.781533
v -0.666458 0.921142 0.783664
v -0.646283 0.845250 0.782880
v -0.643563 0.841399 0.769175
v -0.635360 0.842345 0.757263
v -0.623871 0.847834 0.750337
v -0.612176 0.856395 0.750253
v -0.603408 0.865734 0.757033
v -0.599917 0.873350 0.768861
v -0.602637 0.877201 0.782566
v -0.610840 0.876255 0.794478
v -0.622329 0.870766 0.801403
v -0.634024 0.862205 0.801488
v -0.642792 0.852866 0.794708
v -0.616777 0.820210 0.801047
v -0.613018 0.815269 0.787950
v -0.605004 0.816413 0.775927
v -0.594882 0.823336 0.768201
v -0.585364 0.834182 0.766841
v -0.579002 0.846045 0.772211
v -0.577498 0.855748 0.782874
v -0.581257 0.860688 0.795971
v -0.589271 0.859544 0.807993
v -0.599393 0.852621 0.815719
v -0.608911 0.841775 0.817079
v -0.615273 0.829912 0.811709
v -0.590224 0.799332 0.815955
v -0.586755 0.794619 0.802695
v -0.579112 0.796054 0.790464
v -0.569341 0.803253 0.782540
v -0.560062 0.814287 0.781046
v -0.553761 0.826199 0.786382
v -0.552126 0.835797 0.797119
v -0.555595 0.840510 0.810379
v -0.563238 0.839075 0.822609
v -0.573009 0.831876 0.830533
v -0.582288 0.820842 0.832027
v -0.588589 0.808930 0.826691
v -0.563646 0.779363 0.829481
v -0.560454 0.774858 0.816079
v -0.553178 0.776570 0.803661
v -0.543768 0.784039 0.795554
v -0.534745 0.795265 0.793929
v -0.528527 0.807239 0.799223
v -0.526779 0.816753 0.810017
v -0.529971 0.821258 0.823418
v -0.537247 0.819546 0.835836
v -0.546657 0.812077 0.843943
v -0.555680 0.800851 0.845568
v -0.561898 0.788877 0.840274
v -0.537040 0.760303 0.841753
v -0.534113 0.755988 0.828230
v -0.527204 0.757962 0.815643
v -0.518163 0.765695 0.807365
v -0.509414 0.777117 0.805614
v -0.503300 0.789166 0.810860
v -0.501460 0.798614 0.821696
v -0.504387 0.802929 0.835219
v -0.511296 0.800955 0.847806
v -0.520337 0.793221 0.856084
v -0.529086 0.781800 0.857835
v -0.535200 0.769751 0.852590
v -0.510408 0.742155 0.852887
v -0.507734 0.738011 0.839258
v -0.501188 0.740233 0.826518
v -0.492525 0.748224 0.818082
v -0.484067 0.759844 0.816209
v -0.478079 0.771979 0.821402
v -0.476167 0.781377 0.832269
v -0.478841 0.785521 0.845898
v -0.485387 0.783299 0.858637
v -0.494050 0.775308 0.867073
v -0.502508 0.763688 0.868946
v -0.508496 0.751553 0.863753
v -0.483750 0.724920 0.862980
v -0.481314 0.720931 0.849260
v -0.475130 0.723386 0.836384
v -0.466855 0.731628 0.827801
v -0.458705 0.743447 0.825811
v -0.452865 0.755678 0.830948
v -0.450900 0.765042 0.841834
v -0.453336 0.769031 0.855554
v -0.459520 0.766576 0.868430
v -0.467795 0.758335 0.877013
v -0.475945 0.746515 0.879003
v -0.481785 0.734285 0.873866
v -0.457065 0.708601 0.872121
v -0.454856 0.704751 0.858324
v -0.449031 0.707425 0.845325
v -0.441151 0.715909 0.836606
v -0.433328 0.727928 0.834504
v -0.427658 0.740262 0.839583
v -0.425660 0.749606 0.850480
v -0.427869 0.753457 0.864278
v -0.433694 0.750782 0.877277
v -0.441574 0.742299 0.885996
v -0.449397 0.730280 0.888098
v -0.455067 0.717946 0.883019
v -0.430353 0.693199 0.880390
v -0.428358 0.689472 0.866527
v -0.422890 0.692352 0.853417
v -0.415415 0.701069 0.844572
v -0.407937 0.713286 0.842364
v -0.402458 0.725731 0.847383
v -0.400447 0.735067 0.858285
v -0.402442 0.738795 0.872149
v -0.407910 0.735914 0.885259
v -0.415385 0.727198 0.894103
v -0.422863 0.714980 0.896311
v -0.428342 0.702536 0.891292
v -0.403616 0.678717 0.887857
v -0.401821 0.675098 0.873937
v -0.396708 0.678171 0.860728
v -0.389647 0.687111 0.851768
v -0.382530 0.699524 0.849458
v -0.377264 0.712084 0.854418
v -0.375259 0.721424 0.865318
v -0.377054 0.725043 0.879238
v -0.382167 0.721970 0.892447
v -0.389228 0.713029 0.901407
v -0.396345 0.700616 0.903717
v -0.401611 0.688057 0.898757
v -0.376852 0.665155 0.894584
v -0.375246 0.661632 0.880617
v -0.370486 0.664883 0.867319
v -0.363847 0.674038 0.858252
v -0.357109 0.686643 0.855848
v -0.352077 0.699321 0.860748
v -0.350098 0.708674 0.871642
v -0.351704 0.712197 0.885609
v -0.356464 0.708946 0.898907
v -0.363103 0.699791 0.907973
v -0.369841 0.687186 0.910378
v -0.374873 0.674509 0.905477
v -0.350062 0.652517 0.900628
v -0.348632 0.649076 0.886621
v -0.344223 0.652493 0.873244
v -0.338016 0.661851 0.864080
v -0.331673 0.674643 0.861586
v -0.326896 0.687441 0.866429
v -0.324963 0.696816 0.877312
v -0.326393 0.700256 0.891319
v -0.330802 0.696839 0.904697
v -0.337009 0.687481 0.913860
v -0.343352 0.674690 0.916355
v -0.348129 0.661892 0.911511
v -0.323247 0.640803 0.906040
v -0.321982 0.637435 0.892000
v -0.317921 0.641004 0.878552
v -0.312153 0.650554 0.869300
v -0.306224 0.663525 0.866722
v -0.301721 0.676444 0.871510
v -0.299852 0.685847 0.882380
v -0.301118 0.689215 0.896420
v -0.305179 0.685646 0.909868
v -0.310947 0.676096 0.919120
v -0.316876 0.663125 0.921698
v -0.321379 0.650206 0.916910
v -0.296409 0.630018 0.910865
v -0.295296 0.626711 0.896797
v -0.291582 0.630419 0.883287
v -0.286261 0.640148 0.873954
v -0.280760 0.653292 0.871299
v -0.276553 0.666329 0.876034
v -0.274766 0.675765 0.886889
v -0.275879 0.679072 0.900957
v -0.279593 0.675364 0.914467
v -0.284914 0.665634 0.923800
v -0.290414 0.652490 0.926455
v -0.294622 0.639454 0.921720
v -0.269546 0.620161 0.915143
v -0.268575 0.616906 0.901053
v -0.265206 0.620740 0.887488
v -0.260341 0.630637 0.878082
v -0.255284 0.643944 0.875357
v -0.251391 0.657095 0.880041
v -0.249704 0.666568 0.890881
v -0.250675 0.669823 0.904971
v -0.254044 0.665989 0.918536
v -0.258909 0.656092 0.927942
v -0.263966 0.642785 0.930668
v -0.267859 0.629634 0.925983
v -0.242662 0.611236 0.918911
v -0.241822 0.608024 0.904803
v -0.238795 0.611972 0.891190
v -0.234393 0.622022 0.881719
v -0.229795 0.635482 0.878929
v -0.226234 0.648744 0.883567
v -0.224663 0.658255 0.894390
v -0.225503 0.661466 0.908499
v -0.228530 0.657518 0.922112
v -0.232932 0.647468 0.931583
v -0.237530 0.634009 0.934373
v -0.241091 0.620747 0.929735
v -0.215757 0.603244 0.922201
v -0.215037 0.600068 0.908078
v -0.212352 0.604118 0.894423
v -0.208420 0.614307 0.884895
v -0.204295 0.627907 0.882047
v -0.201082 0.641272 0.886642
v -0.199643 0.650822 0.897449
v -0.200363 0.653998 0.911572
v -0.203048 0.649949 0.925227
v -0.206980 0.639759 0.934756
v -0.211105 0.626160 0.937603
v -0.214318 0.612794 0.933008
v -0.188833 0.596188 0.925040
v -0.188224 0.593041 0.910905
v -0.185878 0.597179 0.897214
v -0.182423 0.607494 0.887636
v -0.178783 0.621220 0.884736
v -0.175936 0.634681 0.889293
v -0.174642 0.644270 0.900085
v -0.175251 0.647416 0.914220
v -0.177597 0.643278 0.927911
v -0.181052 0.632964 0.937489
v -0.184692 0.619237 0.940389
v -0.187539 0.605776 0.935832
v -0.161891 0.590068 0.927453
v -0.161386 0.586945 0.913308
v -0.159378 0.591160 0.899587
v -0.156404 0.601583 0.889965
v -0.153262 0.615423 0.887022
v -0.150793 0.628970 0.891544
v -0.149659 0.638595 0.902322
v -0.150164 0.641718 0.916466
v -0.152172 0.637503 0.930188
v -0.155146 0.627079 0.939809
v -0.158288 0.613240 0.942753
v -0.160757 0.599692 0.938230
v -0.134934 0.584887 0.929460
v -0.134525 0.581782 0.915308
v -0.132853 0.586062 0.901562
v -0.130367 0.596579 0.891904
v -0.127732 0.610516 0.888922
v -0.125655 0.624138 0.893416
v -0.124691 0.633795 0.904181
v -0.125100 0.636900 0.918332
v -0.126772 0.632621 0.932079
v -0.129258 0.622103 0.941736
v -0.131893 0.608166 0.944718
v -0.133970 0.594544 0.940225
v -0.107963 0.580646 0.931079
v -0.107644 0.577555 0.916922
v -0.106308 0.581887 0.903155
v -0.104314 0.592482 0.893468
v -0.102195 0.606500 0.890455
v -0.100520 0.620185 0.894925
v -0.099737 0.629871 0.905678
v -0.100056 0.632962 0.919835
v -0.101392 0.628629 0.933602
v -0.103386 0.618035 0.943289
v -0.105505 0.604017 0.946302
v -0.107180 0.590331 0.941833
v -0.080982 0.577345 0.932323
v -0.080747 0.574265 0.918163
v -0.079746 0.578638 0.904381
v -0.078247 0.589294 0.894670
v -0.076652 0.603376 0.891633
v -0.075387 0.617111 0.896084
v -0.074793 0.626820 0.906829
v -0.075028 0.629901 0.920990
v -0.076029 0.625527 0.934772
v -0.077528 0.614872 0.944482
v -0.079123 0.600790 0.947519
v -0.080388 0.587054 0.943069
v -0.053993 0.574988 0.933205
v -0.053838 0.571914 0.919041
v -0.053171 0.576317 0.905248
v -0.052170 0.587016 0.895522
v -0.051104 0.601144 0.892468
v -0.050257 0.614916 0.896904
v -0.049857 0.624642 0.907643
v -0.050012 0.627715 0.921807
v -0.050679 0.623312 0.935600
v -0.051680 0.612614 0.945326
v -0.052746 0.598485 0.948380
v -0.053593 0.584713 0.943944
v -0.026998 0.573573 0.933731
v -0.026921 0.570503 0.919566
v -0.026588 0.574923 0.905766
v -0.026087 0.585648 0.896030
v -0.025553 0.599804 0.892965
v -0.025128 0.613598 0.897394
v -0.024927 0.623335 0.908129
v -0.025004 0.626404 0.922294
v -0.025337 0.621984 0.936093
v -0.025838 0.611259 0.945830
v -0.026372 0.597103 0.948894
v -0.026797 0.583309 0.944466
v -0.000000 0.573101 0.933905
v -0.000000 0.570033 0.919740
v -0.000000 0.574459 0.905938
v -0.000000 0.585192 0.896199
v -0.000000 0.599358 0.893131
v 0.000000 0.613159 0.897556
v 0.000000 0.622899 0.908290
v 0.000000 0.625967 0.922455
v 0.000000 0.621541 0.936257
v 0.000000 0.610808 0.945997
v 0.000000 0.596642 0.949065
v -0.000000 0.582841 0.944639
v 0.026998 0.573573 0.933731
v 0.026921 0.570503 0.919566
v 0.026588 0.574923 0.905766
v 0.026087 0.585648 0.896030
v 0.025553 0.599804 0.892965
v 0.025128 0.613598 0.897394
v 0.024927 0.623335 0.908129
v 0.025004 0.626404 0.922294
v 0.025337 0.621984 0.936093
v 0.025838 0.611259 0.945830
v 0.026372 0.597103 0.948894
v 0.026797 0.583309 0.944466
v 0.053993 0.574988 0.933205
v 0.053838 0.571914 0.919041
v 0.053171 0.576317 0.905248
v 0.052170 0.587016 0.895522
v 0.051104 0.601144 0.892468
v 0.050257 0.614916 0.896904
v 0.049857 0.624642 0.907643
v 0.050012 0.627715 0.921807
v 0.050679 0.623312 0.935600
v 0.051680 0.612614 0.945326
v 0.052746 0.598485 0.948380
v 0.053593 0.584713 0.943944
v 0.080982 0.577346 0.932323
v 0.080747 0.574265 0.918163
v 0.079746 0.578638 0.904381
v 0.078247 0.589294 0.894670
v 0.076652 0.603376 0.891633
v 0.075387 0.617111 0.896084
v 0.074793 0.626820 0.906829
v 0.075028 0.629901 0.920990
v 0.076029 0.625527 0.934772
v 0.077528 0.614872 0.944482
v 0.079123 0.600790 0.947519
v 0.080388 0.587054 0.943069
v 0.107963 0.580646 0.931079
v 0.107644 0.577555 0.916922
v 0.106308 0.581887 0.903155
v 0.104314 0.592482 0.893468
v 0.102195 0.606500 0.890455
v 0.100520 0.620185 0.894925
v 0.099737 0.629871 0.905678
v 0.100056 0.632962 0.919835
v 0.101392 0.628629 0.933602
v 0.103386 0.618035 0.943289
v 0.105505 0.604017 0.946302
v 0.107180 0.590331 0.941833
v 0.134934 0.584887 0.929460
v 0.134525 0.581782 0.915308
v 0.132853 0.586062 0.901562
v 0.130367 0.596579 0.891904
v 0.127732 0.610516 0.888922
v 0.125655 0.624138 0.893416
v 0.124691 0.633795 0.904181
v 0.125100 0.636900 0.918332
v 0.126772 0.632621 0.932079
v 0.129258 0.622103 0.941736
v 0.131893 0.608166 0.944718
v 0.133970 0.594544 0.940225
v 0.161891 0.590068 0.927453
v 0.161386 0.586945 0.913308
v 0.159378 0.591160 0.899587
v 0.156404 0.601583 0.889965
v 0.153262 0.615423 0.887022
v 0.150793 0.628970 0.891544
v 0.149659 0.638595 0.902322
v 0.150164 0.641718 0.916466
v 0.152172 0.637503 0.930188
v 0.155146 0.627079 0.939809
v 0.158288 0.613240 0.942753
v 0.160757 0.599692 0.938230
v 0.188833 0.596188 0.925040
v 0.188224 0.593041 0.910905
v 0.185878 0.597179 0.897214
v 0.182423 0.607494 0.887636
v 0.178783 0.621220 0.884736
v 0.175936 0.634681 0.889293
v 0.174642 0.644270 0.900085
v 0.175251 0.647416 0.914220
v 0.177597 0.643278 0.927911
v 0.181052 0.632964 0.937489
v 0.184692 0.619237 0.940389
v 0.187539 0.605776 0.935832
v 0.215757 0.603244 0.922201
v 0.215037 0.600068 0.908078
v 0.212352 0.604118 0.894423
v 0.208420 0.614307 0.884895
v 0.204295 0.627907 0.882047
v 0.201082 0.641272 0.886642
v 0.199643 0.650822 0.897449
v 0.200363 0.653998 0.911572
v 0.203048 0.649949 0.925227
v 0.206980 0.639759 0.934756
v 0.211105 0.626160 0.937603
v 0.214318 0.612794 0.933008
v 0.242662 0.611236 0.918911
v 0.241822 0.608024 0.904803
v 0.238795 0.611972 0.891190
v 0.234393 0.622022 0.881719
v 0.229795 0.635482 0.878929
v 0.226234 0.648744 0.883567
v 0.224663 0.658255 0.894390
v 0.225503 0.661466 0.908499
v 0.228530 0.657518 0.922112
v 0.232932 0.647468 0.931583
v 0.237530 0.634009 0.934373
v 0.241091 0.620747 0.929735
v 0.269546 0.620161 0.915143
v 0.268575 0.616906 0.901053
v 0.265206 0.620740 0.887488
v 0.260341 0.630637 0.878082
v 0.255284 0.643944 0.875357
v 0.251391 0.657095 0.880041
v 0.249704 0.666568 0.890881
v 0.250675 0.669823 0.904971
v 0.254044 0.665989 0.918536
v 0.258909 0.656092 0.927942
v 0.263966 0.642785 0.930668
v 0.267859 0.629634 0.925983
v 0.296409 0.630018 0.910865
v 0.295296 0.626711 0.896797
v 0.291582 0.630419 0.883287
v 0.286261 0.640148 0.873954
v 0.280761 0.653292 0.871299
v 0.276553 0.666329 0.876034
v 0.274766 0.675765 0.886889
v 0.275879 0.679072 0.900957
v 0.279593 0.675364 0.914467
v 0.284914 0.665634 0.923800
v 0.290414 0.652490 0.926455
v 0.294622 0.639454 0.921720
v 0.323247 0.640803 0.906040
v 0.321982 0.637435 0.892000
v 0.317921 0.641004 0.878552
v 0.312153 0.650554 0.869300
v 0.306224 0.663525 0.866722
v 0.301721 0.676444 0.871510
v 0.299852 0.685847 0.882380
v 0.301118 0.689215 0.896420
v 0.305179 0.685646 0.909868
v 0.310947 0.676096 0.919120
v 0.316876 0.663125 0.921698
v 0.321379 0.650206 0.916910
v 0.350062 0.652517 0.900628
v 0.348632 0.649076 0.886621
v 0.344223 0.652493 0.873244
v 0.338016 0.661851 0.864080
v 0.331673 0.674643 0.861586
v 0.326896 0.687441 0.866429
v 0.324963 0.696816 0.877312
v 0.326393 0.700256 0.891319
v 0.330802 0.696839 0.904697
v 0.337009 0.687481 0.913860
v 0.343352 0.674690 0.916355
v 0.348129 0.661892 0.911511
v 0.376852 0.665155 0.894584
v 0.375246 0.661632 0.880617
v 0.370486 0.664883 0.867319
v 0.363847 0.674038 0.858252
v 0.357109 0.686643 0.855848
v 0.352077 0.699321 0.860748
v 0.350098 0.708674 0.871642
v 0.351704 0.712197 0.885609
v 0.356464 0.708946 0.898907
v 0.363103 0.699791 0.907973
v 0.369841 0.687186 0.910378
v 0.374873 0.674509 0.905477
v 0.403616 0.678717 0.887857
v 0.401821 0.675098 0.873937
v 0.396708 0.678171 0.860728
v 0.389647 0.687111 0.851768
v 0.382530 0.699524 0.849458
v 0.377264 0.712084 0.854418
v 0.375259 0.721424 0.865318
v 0.377054 0.725043 0.879238
v 0.382167 0.721970 0.892447
v 0.389228 0.713030 0.901407
v 0.396345 0.700616 0.903717
v 0.401611 0.688057 0.898757
v 0.430353 0.693199 0.880390
v 0.428358 0.689472 0.866527
v 0.422890 0.692352 0.853417
v 0.415415 0.701069 0.844572
v 0.407937 0.713286 0.842364
v 0.402458 0.725731 0.847383
v 0.400447 0.735067 0.858285
v 0.402442 0.738795 0.872149
v 0.407910 0.735914 0.885259
v 0.415385 0.727198 0.894103
v 0.422863 0.714980 0.896311
v 0.428342 0.702536 0.891292
v 0.457065 0.708601 0.872121
v 0.454856 0.704751 0.858324
v 0.449031 0.707425 0.845325
v 0.441151 0.715909 0.836606
v 0.433328 0.727928 0.834504
v 0.427658 0.740262 0.839583
v 0.425660 0.749606 0.850480
v 0.427869 0.753457 0.864278
v 0.433694 0.750782 0.877277
v 0.441574 0.742299 0.885996
v 0.449397 0.730280 0.888098
v 0.455067 0.717946 0.883019
v 0.483750 0.724920 0.862980
v 0.481314 0.720931 0.849260
v 0.475130 0.723386 0.836384
v 0.466855 0.731628 0.827801
v 0.458705 0.743447 0.825811
v 0.452865 0.755678 0.830948
v 0.450900 0.765042 0.841834
v 0.453336 0.769031 0.855554
v 0.459520 0.766576 0.868430
v 0.467795 0.758335 0.877013
v 0.475945 0.746515 0.879003
v 0.481785 0.734285 0.873866
v 0.510408 0.742155 0.852887
v 0.507734 0.738011 0.839258
v 0.501188 0.740233 0.826518
v 0.492525 0.748224 0.818082
v 0.484067 0.759844 0.816209
v 0.478079 0.771979 0.821402
v 0.476167 0.781377 0.832269
v 0.478841 0.785521 0.845898
v 0.485387 0.783299 0.858637
v 0.494050 0.775308 0.867073
v 0.502508 0.763688 0.868946
v 0.508496 0.751553 0.863753
v 0.537040 0.760303 0.841753
v 0.534113 0.755988 0.828230
v 0.527204 0.757962 0.815643
v 0.518163 0.765695 0.807365
v 0.509414 0.777117 0.805614
v 0.503300 0.789166 0.810860
v 0.501460 0.798614 0.821696
v 0.504387 0.802929 0.835219
v 0.511296 0.800955 0.847806
v 0.520337 0.793221 0.856084
v 0.529086 0.781800 0.857835
v 0.535200 0.769751 0.852590
v 0.563646 0.779363 0.829481
v 0.560454 0.774858 0.816079
v 0.553178 0.776570 0.803661
v 0.543768 0.784039 0.795554
v 0.534745 0.795265 0.793929
v 0.528527 0.807239 0.799223
v 0.526779 0.816753 0.810017
v 0.529971 0.821258 0.823418
v 0.537247 0.819546 0.835836
v 0.546657 0.812077 0.843943
v 0.555680 0.800851 0.845568
v 0.561898 0.788877 0.840274
v 0.590224 0.799332 0.815955
v 0.586755 0.794619 0.802695
v 0.579112 0.796054 0.790464
v 0.569341 0.803253 0.782540
v 0.560062 0.814287 0.781046
v 0.553761 0.826199 0.786382
v 0.552126 0.835797 0.797119
v 0.555595 0.840510 0.810379
v 0.563238 0.839075 0.822609
v 0.573009 0.831876 0.830533
v 0.582288 0.820842 0.832027
v 0.588589 0.808930 0.826691
v 0.616777 0.820210 0.801047
v 0.613018 0.815269 0.787950
v 0.605004 0.816413 0.775927
v 0.594882 0.823336 0.768201
v 0.585364 0.834182 0.766841
v 0.579002 0.846045 0.772211
v 0.577498 0.855748 0.782874
v 0.581257 0.860688 0.795971
v 0.589271 0.859544 0.807993
v 0.599393 0.852621 0.815719
v 0.608911 0.841775 0.817079
v 0.615273 0.829912 0.811709
v 0.646283 0.845250 0.782880
v 0.643563 0.841399 0.769175
v 0.635360 0.842345 0.757263
v 0.623871 0.847834 0.750337
v 0.612176 0.856395 0.750253
v 0.603408 0.865734 0.757033
v 0.599917 0.873350 0.768861
v 0.602637 0.877201 0.782566
v 0.610840 0.876255 0.794478
v 0.622329 0.870766 0.801403
v 0.634024 0.862205 0.801488
v 0.642792 0.852866 0.794708
v 0.658374 0.909825 0.779584
v 0.648917 0.903820 0.770388
v 0.640621 0.904736 0.758539
v 0.635709 0.912328 0.747211
v 0.635497 0.924561 0.739441
v 0.640042 0.938158 0.737310
v 0.648126 0.949475 0.741389
v 0.657583 0.955480 0.750586
v 0.665879 0.954564 0.762435
v 0.670791 0.946972 0.773763
v 0.671003 0.934739 0.781533
v 0.666458 0.921142 0.783664
v 0.639066 0.893062 0.791719
v 0.626193 0.895707 0.785608
v 0.617876 0.896675 0.773777
v 0.616345 0.895707 0.759397
v 0.622010 0.893062 0.746320
v 0.633352 0.889450 0.738051
v 0.647334 0.885838 0.736806
v 0.660207 0.883193 0.742918
v 0.668524 0.882225 0.754749
v 0.670055 0.883193 0.769129
v 0.664390 0.885838 0.782205
v 0.653048 0.889450 0.790474
vn -0.2415 -0.9661 0.0907
vn 0.2415 -0.9661 0.0907
vn 0.3343 0.8004 0.4976
vn 0.2562 0.9340 0.2489
vn 0.2500 0.9339 0.2557
vn 0.5155 0.8245 0.2333
vn 0.8263 0.4095 -0.3867
vn 0.2155 0.0483 -0.9753
vn -0.3748 0.0593 -0.9252
vn -0.7066 0.0878 -0.7021
vn -0.9064 0.0651 -0.4174
vn -0.9993 -0.0118 -0.0364
vn -0.8454 -0.0743 0.5290
vn -0.1155 0.2944 0.9487
vn -0.7111 0.4218 0.5625
vn -0.5982 0.7647 -0.2394
vn -0.4943 0.7769 -0.3900
vn 0.2307 0.5449 -0.8062
vn 0.5645 0.0914 -0.8203
vn 0.5071 0.2742 -0.8171
vn 0.3261 0.5801 -0.7464
vn -0.0390 0.9041 -0.4256
vn -0.4745 0.8581 0.1961
vn -0.6271 0.4759 0.6167
vn -0.6083 0.1499 0.7795
vn -0.5759 -0.0396 0.8166
vn -0.8951 -0.4454 0.0192
vn -0.7878 -0.4953 -0.3661
vn -0.5847 -0.4706 -0.6608
vn -0.2705 -0.3703 -0.8887
vn 0.2354 -0.1410 -0.9616
vn 0.7025 0.2447 -0.6683
vn 0.7908 0.5781 -0.2010
vn 0.6432 0.7307 0.2286
vn 0.3870 0.7006 0.5995
vn 0.0521 0.4920 0.8690
vn -0.3869 0.1191 0.9144
vn -0.7979 -0.2618 0.5429
vn -0.7051 -0.6325 0.3207
vn -0.5742 -0.8056 -0.1460
vn -0.2910 -0.7664 -0.5726
vn 0.0718 -0.5242 -0.8486
vn 0.4174 -0.1378 -0.8982
vn 0.6472 0.2911 -0.7046
vn 0.6954 0.6424 -0.3220
vn 0.5556 0.8192 0.1420
vn 0.2720 0.7776 0.5668
vn -0.0831 0.5291 0.8445
vn -0.4206 0.1379 0.8967
vn -0.6491 -0.2884 0.7039
vn -0.6804 -0.6503 0.3378
vn -0.5575 -0.8192 -0.1348
vn -0.2853 -0.7691 -0.5719
vn 0.0638 -0.5127 -0.8562
vn 0.3962 -0.1181 -0.9106
vn 0.6220 0.3085 -0.7197
vn 0.6802 0.6520 -0.3350
vn 0.5554 0.8198 0.1396
vn 0.2816 0.7673 0.5761
vn -0.0671 0.5095 0.8578
vn -0.3976 0.1160 0.9102
vn -0.6219 -0.3082 0.7199
vn -0.6584 -0.6670 0.3488
vn -0.5453 -0.8283 -0.1287
vn -0.2862 -0.7684 -0.5724
vn 0.0499 -0.5023 -0.8632
vn 0.3731 -0.1009 -0.9223
vn 0.5959 0.3279 -0.7330
vn 0.6582 0.6684 -0.3463
vn 0.5434 0.8288 0.1334
vn 0.2828 0.7665 0.5766
vn -0.0532 0.4990 0.8650
vn -0.3746 0.0986 0.9219
vn -0.5959 -0.3279 0.7331
vn -0.6354 -0.6835 0.3593
vn -0.5317 -0.8380 -0.1226
vn -0.2857 -0.7687 -0.5722
vn 0.0372 -0.4932 -0.8691
vn 0.3505 -0.0849 -0.9327
vn 0.5696 0.3466 -0.7453
vn 0.6353 0.6848 -0.3570
vn 0.5300 0.8384 0.1270
vn 0.2825 0.7668 0.5764
vn -0.0404 0.4898 0.8709
vn -0.3521 0.0824 0.9323
vn -0.5697 -0.3468 0.7451
vn -0.6115 -0.6998 0.3692
vn -0.5167 -0.8482 -0.1164
vn -0.2837 -0.7701 -0.5715
vn 0.0257 -0.4854 -0.8739
vn 0.3285 -0.0700 -0.9419
vn 0.5431 0.3645 -0.7564
vn 0.6114 0.7010 -0.3672
vn 0.5152 0.8485 0.1207
vn 0.2806 0.7680 0.5756
vn -0.0288 0.4819 0.8758
vn -0.3302 0.0673 0.9415
vn -0.5432 -0.3650 0.7561
vn -0.5866 -0.7160 0.3785
vn -0.5003 -0.8588 -0.1103
vn -0.2802 -0.7723 -0.5702
vn 0.0153 -0.4788 -0.8778
vn 0.3070 -0.0563 -0.9500
vn 0.5163 0.3817 -0.7666
vn 0.5866 0.7169 -0.3767
vn 0.4990 0.8590 0.1144
vn 0.2773 0.7702 0.5744
vn -0.0183 0.4751 0.8798
vn -0.3087 0.0533 0.9497
vn -0.5165 -0.3823 0.7662
vn -0.5608 -0.7318 0.3872
vn -0.4825 -0.8697 -0.1044
vn -0.2752 -0.7753 -0.5685
vn 0.0061 -0.4732 -0.8810
vn 0.2860 -0.0436 -0.9572
vn 0.4893 0.3981 -0.7760
vn 0.5608 0.7326 -0.3857
vn 0.4813 0.8698 0.1083
vn 0.2726 0.7731 0.5727
vn -0.0090 0.4693 0.8830
vn -0.2878 0.0404 0.9568
vn -0.4896 -0.3989 0.7753
vn -0.5340 -0.7473 0.3954
vn -0.4633 -0.8807 -0.0985
vn -0.2687 -0.7790 -0.5665
vn -0.0020 -0.4686 -0.8834
vn 0.2656 -0.0320 -0.9635
vn 0.4620 0.4136 -0.7845
vn 0.5341 0.7480 -0.3941
vn 0.4623 0.8808 0.1023
vn 0.2663 0.7768 0.5707
vn -0.0009 0.4646 0.8855
vn -0.2674 0.0286 0.9632
vn -0.4624 -0.4147 0.7837
vn -0.5064 -0.7624 0.4030
vn -0.4427 -0.8918 -0.0928
vn -0.2608 -0.7833 -0.5643
vn -0.0089 -0.4649 -0.8853
vn 0.2458 -0.0213 -0.9691
vn 0.4346 0.4284 -0.7922
vn 0.5064 0.7629 -0.4019
vn 0.4418 0.8919 0.0965
vn 0.2585 0.7810 0.5685
vn 0.0061 0.4608 0.8875
vn -0.2476 0.0177 0.9687
vn -0.4350 -0.4297 0.7913
vn -0.4777 -0.7769 0.4101
vn -0.4208 -0.9029 -0.0874
vn -0.2514 -0.7880 -0.5620
vn -0.0146 -0.4620 -0.8868
vn 0.2265 -0.0116 -0.9740
vn 0.4068 0.4423 -0.7993
vn 0.4777 0.7774 -0.4092
vn 0.4200 0.9030 0.0909
vn 0.2493 0.7857 0.5662
vn 0.0120 0.4578 0.8890
vn -0.2282 0.0078 0.9736
vn -0.4073 -0.4438 0.7982
vn -0.4482 -0.7909 0.4167
vn -0.3975 -0.9139 -0.0822
vn -0.2406 -0.7931 -0.5596
vn -0.0192 -0.4599 -0.8878
vn 0.2077 -0.0029 -0.9782
vn 0.3789 0.4554 -0.8056
vn 0.4482 0.7912 -0.4160
vn 0.3968 0.9139 0.0856
vn 0.2387 0.7907 0.5637
vn 0.0167 0.4555 0.8901
vn -0.2094 -0.0012 0.9778
vn -0.3794 -0.4571 0.8044
vn -0.4178 -0.8042 0.4227
vn -0.3729 -0.9247 -0.0773
vn -0.2284 -0.7984 -0.5571
vn -0.0227 -0.4584 -0.8885
vn 0.1894 0.0050 -0.9819
vn 0.3508 0.4676 -0.8114
vn 0.4178 0.8045 -0.4223
vn 0.3723 0.9246 0.0805
vn 0.2266 0.7960 0.5613
vn 0.0204 0.4539 0.8908
vn -0.1911 -0.0093 0.9815
vn -0.3513 -0.4694 0.8101
vn -0.3865 -0.8168 0.4283
vn -0.3470 -0.9350 -0.0727
vn -0.2149 -0.8038 -0.5547
vn -0.0252 -0.4574 -0.8889
vn 0.1716 0.0121 -0.9851
vn 0.3224 0.4789 -0.8165
vn 0.3865 0.8170 -0.4280
vn 0.3465 0.9350 0.0758
vn 0.2133 0.8014 0.5589
vn 0.0230 0.4528 0.8913
vn -0.1732 -0.0165 0.9847
vn -0.3229 -0.4809 0.8151
vn -0.3543 -0.8287 0.4333
vn -0.3199 -0.9450 -0.0685
vn -0.2000 -0.8092 -0.5524
vn -0.0266 -0.4569 -0.8891
vn 0.1542 0.0184 -0.9879
vn 0.2938 0.4893 -0.8211
vn 0.3543 0.8287 -0.4332
vn 0.3194 0.9449 0.0715
vn 0.1986 0.8068 0.5565
vn 0.0245 0.4522 0.8916
vn -0.1558 -0.0230 0.9875
vn -0.2944 -0.4915 0.8196
vn -0.3214 -0.8396 0.4379
vn -0.2916 -0.9544 -0.0646
vn -0.1840 -0.8146 -0.5501
vn -0.0270 -0.4568 -0.8891
vn 0.1374 0.0239 -0.9902
vn 0.2650 0.4988 -0.8252
vn 0.3214 0.8396 -0.4379
vn 0.2912 0.9543 0.0674
vn 0.1826 0.8121 0.5543
vn 0.0252 0.4520 0.8917
vn -0.1388 -0.0287 0.9899
vn -0.2656 -0.5011 0.8236
vn -0.2877 -0.8496 0.4419
vn -0.2622 -0.9631 -0.0610
vn -0.1667 -0.8197 -0.5480
vn -0.0265 -0.4570 -0.8891
vn 0.1209 0.0287 -0.9922
vn 0.2361 0.5073 -0.8288
vn 0.2877 0.8496 -0.4421
vn 0.2619 0.9630 0.0638
vn 0.1655 0.8171 0.5522
vn 0.0249 0.4520 0.8917
vn -0.1223 -0.0337 0.9919
vn -0.2366 -0.5098 0.8271
vn -0.2534 -0.8587 0.4455
vn -0.2318 -0.9710 -0.0579
vn -0.1484 -0.8245 -0.5461
vn 0.1049 0.0329 -0.9939
vn 0.2070 0.5148 -0.8319
vn 0.2534 0.8585 -0.4458
vn 0.2315 0.9709 0.0605
vn 0.1474 0.8219 0.5502
vn 0.0237 0.4523 0.8916
vn -0.1061 -0.0380 0.9936
vn -0.2074 -0.5175 0.8302
vn -0.2184 -0.8666 0.4486
vn -0.2005 -0.9781 -0.0551
vn -0.1291 -0.8288 -0.5444
vn -0.0231 -0.4579 -0.8887
vn 0.0892 0.0364 -0.9953
vn 0.1777 0.5214 -0.8346
vn 0.2184 0.8665 -0.4489
vn 0.2003 0.9780 0.0577
vn 0.1282 0.8263 0.5485
vn 0.0218 0.4527 0.8914
vn -0.0903 -0.0416 0.9950
vn -0.1781 -0.5242 0.8328
vn -0.1829 -0.8735 0.4512
vn -0.1684 -0.9843 -0.0527
vn -0.1090 -0.8327 -0.5429
vn -0.0204 -0.4584 -0.8885
vn 0.0738 0.0393 -0.9965
vn 0.1483 0.5270 -0.8368
vn 0.1829 0.8733 -0.4516
vn 0.1682 0.9842 0.0553
vn 0.1082 0.8301 0.5470
vn 0.0193 0.4532 0.8912
vn -0.0748 -0.0446 0.9962
vn -0.1487 -0.5299 0.8349
vn -0.1469 -0.8792 0.4533
vn -0.1356 -0.9895 -0.0508
vn -0.0881 -0.8360 -0.5416
vn -0.0170 -0.4589 -0.8883
vn 0.0587 0.0416 -0.9974
vn 0.1188 0.5316 -0.8386
vn 0.1469 0.8789 -0.4538
vn 0.1354 0.9894 0.0533
vn 0.0875 0.8334 0.5458
vn 0.0161 0.4537 0.8910
vn -0.0595 -0.0471 0.9971
vn -0.1191 -0.5346 0.8367
vn -0.1105 -0.8836 0.4550
vn -0.1022 -0.9935 -0.0493
vn -0.0666 -0.8386 -0.5406
vn -0.0132 -0.4594 -0.8881
vn 0.0439 0.0434 -0.9981
vn 0.0892 0.5352 -0.8400
vn 0.1105 0.8833 -0.4555
vn 0.1021 0.9934 0.0517
vn 0.0662 0.8360 0.5448
vn 0.0125 0.4541 0.8909
vn -0.0444 -0.0489 0.9978
vn -0.0894 -0.5382 0.8380
vn -0.0738 -0.8868 0.4561
vn -0.0684 -0.9965 -0.0482
vn -0.0447 -0.8405 -0.5399
vn -0.0090 -0.4598 -0.8880
vn 0.0291 0.0447 -0.9986
vn 0.0595 0.5378 -0.8410
vn 0.0738 0.8865 -0.4568
vn 0.0683 0.9964 0.0506
vn 0.0444 0.8379 0.5441
vn 0.0085 0.4544 0.8907
vn -0.0295 -0.0503 0.9983
vn -0.0596 -0.5409 0.8390
vn -0.0370 -0.8888 0.4569
vn -0.0343 -0.9983 -0.0475
vn -0.0224 -0.8417 -0.5395
vn -0.0046 -0.4600 -0.8879
vn 0.0145 0.0454 -0.9989
vn 0.0298 0.5393 -0.8416
vn 0.0370 0.8884 -0.4575
vn 0.0342 0.9982 0.0499
vn 0.0223 0.8390 0.5436
vn 0.0043 0.4546 0.8907
vn -0.0147 -0.0510 0.9986
vn -0.0298 -0.5424 0.8396
vn -0.0000 -0.8894 0.4571
vn -0.0000 -0.9989 -0.0473
vn -0.0000 -0.8421 -0.5394
vn -0.0000 -0.4601 -0.8879
vn -0.0000 0.0457 -0.9990
vn -0.0000 0.5399 -0.8418
vn -0.0000 0.8891 -0.4577
vn -0.0000 0.9988 0.0497
vn -0.0000 0.8394 0.5435
vn -0.0000 0.4547 0.8906
vn -0.0000 -0.0513 0.9987
vn -0.0000 -0.5429 0.8398
vn 0.0370 -0.8888 0.4569
vn 0.0343 -0.9983 -0.0475
vn 0.0224 -0.8417 -0.5395
vn 0.0046 -0.4600 -0.8879
vn -0.0145 0.0454 -0.9989
vn -0.0298 0.5393 -0.8416
vn -0.0370 0.8884 -0.4575
vn -0.0342 0.9982 0.0499
vn -0.0223 0.8390 0.5436
vn -0.0043 0.4546 0.8907
vn 0.0147 -0.0510 0.9986
vn 0.0298 -0.5424 0.8396
vn 0.0738 -0.8868 0.4561
vn 0.0684 -0.9965 -0.0482
vn 0.0447 -0.8405 -0.5399
vn 0.0090 -0.4598 -0.8880
vn -0.0291 0.0447 -0.9986
vn -0.0595 0.5378 -0.8410
vn -0.0738 0.8865 -0.4568
vn -0.0683 0.9964 0.0506
vn -0.0444 0.8379 0.5441
vn -0.0085 0.4544 0.8907
vn 0.0295 -0.0503 0.9983
vn 0.0596 -0.5408 0.8390
vn 0.1105 -0.8836 0.4550
vn 0.1022 -0.9935 -0.0493
vn 0.0666 -0.8386 -0.5406
vn 0.0132 -0.4594 -0.8881
vn -0.0439 0.0434 -0.9981
vn -0.0892 0.5352 -0.8400
vn -0.1105 0.8833 -0.4555
vn -0.1021 0.9934 0.0517
vn -0.0662 0.8360 0.5448
vn -0.0125 0.4541 0.8909
vn 0.0444 -0.0489 0.9978
vn 0.0894 -0.5382 0.8380
vn 0.1469 -0.8792 0.4533
vn 0.1356 -0.9895 -0.0508
vn 0.0881 -0.8360 -0.5416
vn 0.0170 -0.4589 -0.8883
vn -0.0587 0.0416 -0.9974
vn -0.1188 0.5316 -0.8386
vn -0.1469 0.8789 -0.4538
vn -0.1354 0.9894 0.0533
vn -0.0875 0.8334 0.5458
vn -0.0161 0.4537 0.8910
vn 0.0595 -0.0471 0.9971
vn 0.1191 -0.5346 0.8367
vn 0.1829 -0.8735 0.4512
vn 0.1684 -0.9843 -0.0527
vn 0.1090 -0.8327 -0.5429
vn 0.0204 -0.4584 -0.8885
vn -0.0738 0.0393 -0.9965
vn -0.1483 0.5270 -0.8368
vn -0.1829 0.8733 -0.4516
vn -0.1682 0.9842 0.0553
vn -0.1082 0.8301 0.5470
vn -0.0193 0.4532 0.8912
vn 0.0748 -0.0446 0.9962
vn 0.1487 -0.5299 0.8349
vn 0.2184 -0.8666 0.4486
vn 0.2005 -0.9781 -0.0551
vn 0.1291 -0.8288 -0.5444
vn 0.0231 -0.4579 -0.8887
vn -0.0892 0.0364 -0.9953
vn -0.1777 0.5214 -0.8346
vn -0.2184 0.8665 -0.4489
vn -0.2003 0.9780 0.0577
vn -0.1282 0.8263 0.5485
vn -0.0218 0.4527 0.8914
vn 0.0903 -0.0416 0.9950
vn 0.1781 -0.5242 0.8328
vn 0.2534 -0.8587 0.4455
vn 0.2318 -0.9710 -0.0579
vn 0.1484 -0.8245 -0.5461
vn 0.0252 -0.4574 -0.8889
vn -0.1049 0.0329 -0.9939
vn -0.2070 0.5148 -0.8319
vn -0.2534 0.8585 -0.4458
vn -0.2315 0.9709 0.0605
vn -0.1474 0.8219 0.5502
vn -0.0237 0.4523 0.8916
vn 0.1061 -0.0380 0.9936
vn 0.2074 -0.5175 0.8302
vn 0.2877 -0.8496 0.4419
vn 0.2622 -0.9631 -0.0610
vn 0.1667 -0.8197 -0.5480
vn 0.0265 -0.4570 -0.8891
vn -0.1209 0.0287 -0.9922
vn -0.2361 0.5073 -0.8288
vn -0.2877 0.8496 -0.4421
vn -0.2619 0.9630 0.0638
vn -0.1655 0.8171 0.5522
vn -0.0249 0.4520 0.8917
vn 0.1223 -0.0337 0.9919
vn 0.2366 -0.5098 0.8271
vn 0.3214 -0.8396 0.4379
vn 0.2916 -0.9544 -0.0646
vn 0.1840 -0.8146 -0.5501
vn 0.0270 -0.4568 -0.8891
vn -0.1374 0.0239 -0.9902
vn -0.2650 0.4988 -0.8252
vn -0.3214 0.8396 -0.4379
vn -0.2912 0.9543 0.0674
vn -0.1826 0.8121 0.5543
vn -0.0252 0.4520 0.8917
vn 0.1388 -0.0287 0.9899
vn 0.2656 -0.5011 0.8236
vn 0.3543 -0.8287 0.4333
vn 0.3199 -0.9450 -0.0685
vn 0.2000 -0.8092 -0.5524
vn 0.0266 -0.4569 -0.8891
vn -0.1542 0.0184 -0.9879
vn -0.2938 0.4893 -0.8211
vn -0.3543 0.8287 -0.4332
vn -0.3194 0.9449 0.0715
vn -0.1986 0.8068 0.5565
vn -0.0245 0.4522 0.8916
vn 0.1558 -0.0230 0.9875
vn 0.2944 -0.4915 0.8196
vn 0.3865 -0.8168 0.4283
vn 0.3470 -0.9350 -0.0727
vn 0.2149 -0.8038 -0.5547
vn -0.1716 0.0121 -0.9851
vn -0.3224 0.4789 -0.8165
vn -0.3865 0.8170 -0.4280
vn -0.3465 0.9350 0.0758
vn -0.2133 0.8014 0.5589
vn -0.0230 0.4528 0.8913
vn 0.1732 -0.0165 0.9847
vn 0.3229 -0.4809 0.8151
vn 0.4178 -0.8042 0.4227
vn 0.3729 -0.9247 -0.0773
vn 0.2284 -0.7984 -0.5571
vn 0.0227 -0.4584 -0.8885
vn -0.1894 0.0050 -0.9819
vn -0.3508 0.4676 -0.8114
vn -0.4178 0.8045 -0.4223
vn -0.3723 0.9246 0.0805
vn -0.2267 0.7960 0.5613
vn -0.0204 0.4539 0.8908
vn 0.1911 -0.0093 0.9815
vn 0.3513 -0.4694 0.8101
vn 0.4482 -0.7909 0.4167
vn 0.3975 -0.9139 -0.0822
vn 0.2406 -0.7931 -0.5596
vn 0.0192 -0.4599 -0.8878
vn -0.2077 -0.0029 -0.9782
vn -0.3789 0.4554 -0.8056
vn -0.4482 0.7912 -0.4160
vn -0.3968 0.9139 0.0856
vn -0.2387 0.7907 0.5637
vn -0.0167 0.4555 0.8901
vn 0.2094 -0.0012 0.9778
vn 0.3794 -0.4571 0.8044
vn 0.4777 -0.7769 0.4101
vn 0.4208 -0.9029 -0.0874
vn 0.2514 -0.7880 -0.5620
vn 0.0146 -0.4620 -0.8868
vn -0.2265 -0.0116 -0.9740
vn -0.4068 0.4423 -0.7993
vn -0.4777 0.7774 -0.4092
vn -0.4200 0.9030 0.0909
vn -0.2493 0.7857 0.5662
vn -0.0120 0.4578 0.8890
vn 0.2282 0.0078 0.9736
vn 0.4073 -0.4438 0.7982
vn 0.5064 -0.7624 0.4030
vn 0.4427 -0.8918 -0.0928
vn 0.2608 -0.7833 -0.5643
vn 0.0089 -0.4649 -0.8853
vn -0.2458 -0.0213 -0.9691
vn -0.4346 0.4284 -0.7922
vn -0.5064 0.7629 -0.4019
vn -0.4418 0.8919 0.0965
vn -0.2585 0.7810 0.5685
vn -0.0061 0.4608 0.8875
vn 0.2476 0.0177 0.9687
vn 0.4350 -0.4297 0.7913
vn 0.5341 -0.7473 0.3954
vn 0.4633 -0.8807 -0.0985
vn 0.2687 -0.7790 -0.5665
vn 0.0020 -0.4686 -0.8834
vn -0.2656 -0.0320 -0.9635
vn -0.4620 0.4136 -0.7845
vn -0.5341 0.7480 -0.3941
vn -0.4623 0.8808 0.1023
vn -0.2663 0.7768 0.5707
vn 0.0009 0.4646 0.8855
vn 0.2674 0.0286 0.9632
vn 0.4624 -0.4147 0.7837
vn 0.5608 -0.7318 0.3872
vn 0.4825 -0.8697 -0.1044
vn 0.2752 -0.7753 -0.5685
vn -0.0061 -0.4732 -0.8810
vn -0.2860 -0.0436 -0.9572
vn -0.4893 0.3981 -0.7760
vn -0.5608 0.7326 -0.3857
vn -0.4813 0.8698 0.1083
vn -0.2726 0.7731 0.5727
vn 0.0090 0.4693 0.8830
vn 0.2878 0.0404 0.9568
vn 0.4896 -0.3989 0.7753
vn 0.5866 -0.7160 0.3785
vn 0.5003 -0.8588 -0.1103
vn 0.2802 -0.7723 -0.5702
vn -0.0153 -0.4788 -0.8778
vn -0.3070 -0.0563 -0.9500
vn -0.5163 0.3817 -0.7666
vn -0.5866 0.7169 -0.3767
vn -0.4990 0.8590 0.1144
vn -0.2773 0.7702 0.5744
vn 0.0183 0.4751 0.8798
vn 0.3087 0.0533 0.9497
vn 0.5165 -0.3823 0.7662
vn 0.6115 -0.6998 0.3692
vn 0.5167 -0.8482 -0.1164
vn 0.2837 -0.7701 -0.5715
vn -0.0257 -0.4854 -0.8739
vn -0.3285 -0.0700 -0.9419
vn -0.5431 0.3645 -0.7564
vn -0.6114 0.7010 -0.3672
vn -0.5152 0.8485 0.1207
vn -0.2806 0.7680 0.5756
vn 0.0288 0.4819 0.8758
vn 0.3302 0.0673 0.9415
vn 0.5432 -0.3650 0.7561
vn 0.6354 -0.6835 0.3593
vn 0.5317 -0.8380 -0.1226
vn 0.2857 -0.7687 -0.5722
vn -0.0372 -0.4932 -0.8691
vn -0.3505 -0.0849 -0.9327
vn -0.5696 0.3466 -0.7453
vn -0.6353 0.6848 -0.3570
vn -0.5300 0.8384 0.1270
vn -0.2825 0.7668 0.5764
vn 0.0404 0.4898 0.8709
vn 0.3521 0.0824 0.9323
vn 0.5697 -0.3468 0.7451
vn 0.6584 -0.6670 0.3488
vn 0.5453 -0.8283 -0.1287
vn 0.2862 -0.7684 -0.5724
vn -0.0499 -0.5023 -0.8632
vn -0.3731 -0.1009 -0.9223
vn -0.5959 0.3279 -0.7330
vn -0.6582 0.6684 -0.3463
vn -0.5434 0.8288 0.1334
vn -0.2828 0.7665 0.5766
vn 0.0532 0.4990 0.8650
vn 0.3746 0.0986 0.9219
vn 0.5959 -0.3279 0.7331
vn 0.6804 -0.6503 0.3378
vn 0.5575 -0.8192 -0.1348
vn 0.2853 -0.7691 -0.5719
vn -0.0638 -0.5127 -0.8562
vn -0.3962 -0.1181 -0.9106
vn -0.6220 0.3085 -0.7197
vn -0.6802 0.6520 -0.3350
vn -0.5554 0.8198 0.1396
vn -0.2816 0.7673 0.5761
vn 0.0671 0.5095 0.8578
vn 0.3976 0.1160 0.9102
vn 0.6219 -0.3082 0.7199
vn 0.7051 -0.6325 0.3207
vn 0.5742 -0.8056 -0.1460
vn 0.2910 -0.7664 -0.5726
vn -0.0718 -0.5242 -0.8486
vn -0.4174 -0.1378 -0.8982
vn -0.6472 0.2911 -0.7046
vn -0.6954 0.6424 -0.3220
vn -0.5556 0.8192 0.1420
vn -0.2720 0.7776 0.5668
vn 0.0831 0.5291 0.8445
vn 0.4206 0.1379 0.8967
vn 0.6491 -0.2884 0.7039
vn 0.8951 -0.4454 0.0192
vn 0.7878 -0.4953 -0.3661
vn 0.5846 -0.4706 -0.6608
vn 0.2705 -0.3703 -0.8887
vn -0.2354 -0.1410 -0.9616
vn -0.7025 0.2447 -0.6683
vn -0.7908 0.5781 -0.2010
vn -0.6432 0.7307 0.2286
vn -0.3870 0.7006 0.5995
vn -0.0521 0.4920 0.8690
vn 0.3869 0.1191 0.9144
vn 0.7979 -0.2618 0.5429
vn 0.7111 0.4218 0.5625
vn 0.5982 0.7647 -0.2394
vn 0.4943 0.7769 -0.3900
vn -0.2307 0.5449 -0.8062
vn -0.5645 0.0914 -0.8203
vn -0.5071 0.2742 -0.8171
vn -0.3261 0.5801 -0.7464
vn 0.0390 0.9041 -0.4256
vn 0.4745 0.8581 0.1961
vn 0.6271 0.4759 0.6167
vn 0.6083 0.1499 0.7795
vn 0.5759 -0.0396 0.8166
vn -0.3343 0.8004 0.4976
vn -0.2562 0.9340 0.2489
vn -0.2500 0.9339 0.2557
vn -0.5155 0.8245 0.2333
vn -0.8263 0.4095 -0.3867
vn -0.2155 0.0483 -0.9753
vn 0.3748 0.0593 -0.9252
vn 0.7066 0.0878 -0.7021
vn 0.9064 0.0651 -0.4174
vn 0.9993 -0.0118 -0.0364
vn 0.8454 -0.0743 0.5290
vn 0.1155 0.2944 0.9487
vt 0.818182 0.000000
vt 0.636364 0.000000
vt 0.727273 0.000000
vt 0.909091 0.000000
vt 0.545455 0.000000
vt 1.000000 0.000000
vt 0.454545 0.000000
vt 0.363636 0.000000
vt 0.000000 0.000000
vt 0.090909 0.000000
vt 0.272727 0.000000
vt 0.181818 0.000000
vt 0.000000 1.000000
vt 0.019231 1.000000
vt 0.019231 0.916667
vt 0.000000 0.916667
vt 0.000000 0.083333
vt 0.019231 0.083333
vt 0.019231 0.000000
vt 0.000000 0.166667
vt 0.019231 0.166667
vt 0.000000 0.250000
vt 0.019231 0.250000
vt 0.000000 0.333333
vt 0.019231 0.333333
vt 0.000000 0.416667
vt 0.019231 0.416667
vt 0.000000 0.500000
vt 0.019231 0.500000
vt 0.000000 0.583333
vt 0.019231 0.583333
vt 0.000000 0.666667
vt 0.019231 0.666667
vt 0.000000 0.750000
vt 0.019231 0.750000
vt 0.000000 0.833333
vt 0.019231 0.833333
vt 0.038462 1.000000
vt 0.038462 0.916667
vt 0.038462 0.083333
vt 0.038462 0.000000
vt 0.038462 0.166667
vt 0.038462 0.250000
vt 0.038462 0.333333
vt 0.038462 0.416667
vt 0.038462 0.500000
vt 0.038462 0.583333
vt 0.038462 0.666667
vt 0.038462 0.750000
vt 0.038462 0.833333
vt 0.057692 1.000000
vt 0.057692 0.916667
vt 0.057692 0.083333
vt 0.057692 0.000000
vt 0.057692 0.166667
vt 0.057692 0.250000
vt 0.057692 0.333333
vt 0.057692 0.416667
vt 0.057692 0.500000
vt 0.057692 0.583333
vt 0.057692 0.666667
vt 0.057692 0.750000
vt 0.057692 0.833333
vt 0.076923 1.000000
vt 0.076923 0.916667
vt 0.076923 0.083333
vt 0.076923 0.000000
vt 0.076923 0.166667
vt 0.076923 0.250000
vt 0.076923 0.333333
vt 0.076923 0.416667
vt 0.076923 0.500000
vt 0.076923 0.583333
vt 0.076923 0.666667
vt 0.076923 0.750000
vt 0.076923 0.833333
vt 0.096154 1.000000
vt 0.096154 0.916667
vt 0.096154 0.083333
vt 0.096154 0.000000
vt 0.096154 0.166667
vt 0.096154 0.250000
vt 0.096154 0.333333
vt 0.096154 0.416667
vt 0.096154 0.500000
vt 0.096154 0.583333
vt 0.096154 0.666667
vt 0.096154 0.750000
vt 0.096154 0.833333
vt 0.115385 1.000000
vt 0.115385 0.916667
vt 0.115385 0.083333
vt 0.115385 0.000000
vt 0.115385 0.166667
vt 0.115385 0.250000
vt 0.115385 0.333333
vt 0.115385 0.416667
vt 0.115385 0.500000
vt 0.115385 0.583333
vt 0.115385 0.666667
vt 0.115385 0.750000
vt 0.115385 0.833333
vt 0.134615 1.000000
vt 0.134615 0.916667
vt 0.134615 0.083333
vt 0.134615 0.000000
vt 0.134615 0.166667
vt 0.134615 0.250000
vt 0.134615 0.333333
vt 0.134615 0.416667
vt 0.134615 0.500000
vt 0.134615 0.583333
vt 0.134615 0.666667
vt 0.134615 0.750000
vt 0.134615 0.833333
vt 0.153846 1.000000
vt 0.153846 0.916667
vt 0.153846 0.083333
vt 0.153846 0.000000
vt 0.153846 0.166667
vt 0.153846 0.250000
vt 0.153846 0.333333
vt 0.153846 0.416667
vt 0.153846 0.500000
vt 0.153846 0.583333
vt 0.153846 0.666667
vt 0.153846 0.750000
vt 0.153846 0.833333
vt 0.173077 1.000000
vt 0.173077 0.916667
vt 0.173077 0.083333
vt 0.173077 0.000000
vt 0.173077 0.166667
vt 0.173077 0.250000
vt 0.173077 0.333333
vt 0.173077 0.416667
vt 0.173077 0.500000
vt 0.173077 0.583333
vt 0.173077 0.666667
vt 0.173077 0.750000
vt 0.173077 0.833333
vt 0.192308 1.000000
vt 0.192308 0.916667
vt 0.192308 0.083333
vt 0.192308 0.000000
vt 0.192308 0.166667
vt 0.192308 0.250000
vt 0.192308 0.333333
vt 0.192308 0.416667
vt 0.192308 0.500000
vt 0.192308 0.583333
vt 0.192308 0.666667
vt 0.192308 0.750000
vt 0.192308 0.833333
vt 0.211538 1.000000
vt 0.211538 0.916667
vt 0.211538 0.083333
vt 0.211538 0.000000
vt 0.211538 0.166667
vt 0.211538 0.250000
vt 0.211538 0.333333
vt 0.211538 0.416667
vt 0.211538 0.500000
vt 0.211538 0.583333
vt 0.211538 0.666667
vt 0.211538 0.750000
vt 0.211538 0.833333
vt 0.230769 1.000000
vt 0.230769 0.916667
vt 0.230769 0.083333
vt 0.230769 0.000000
vt 0.230769 0.166667
vt 0.230769 0.250000
vt 0.230769 0.333333
vt 0.230769 0.416667
vt 0.230769 0.500000
vt 0.230769 0.583333
vt 0.230769 0.666667
vt 0.230769 0.750000
vt 0.230769 0.833333
vt 0.250000 1.000000
vt 0.250000 0.916667
vt 0.250000 0.083333
vt 0.250000 0.000000
vt 0.250000 0.166667
vt 0.250000 0.250000
vt 0.250000 0.333333
vt 0.250000 0.416667
vt 0.250000 0.500000
vt 0.250000 0.583333
vt 0.250000 0.666667
vt 0.250000 0.750000
vt 0.250000 0.833333
vt 0.269231 1.000000
vt 0.269231 0.916667
vt 0.269231 0.083333
vt 0.269231 0.000000
vt 0.269231 0.166667
vt 0.269231 0.250000
vt 0.269231 0.333333
vt 0.269231 0.416667
vt 0.269231 0.500000
vt 0.269231 0.583333
vt 0.269231 0.666667
vt 0.269231 0.750000
vt 0.269231 0.833333
vt 0.288462 1.000000
vt 0.288462 0.916667
vt 0.288462 0.083333
vt 0.288462 0.000000
vt 0.288462 0.166667
vt 0.288462 0.250000
vt 0.288462 0.333333
vt 0.288462 0.416667
vt 0.288462 0.500000
vt 0.288462 0.583333
vt 0.288462 0.666667
vt 0.288462 0.750000
vt 0.288462 0.833333
vt 0.307692 1.000000
vt 0.307692 0.916667
vt 0.307692 0.083333
vt 0.307692 0.000000
vt 0.307692 0.166667
vt 0.307692 0.250000
vt 0.307692 0.333333
vt 0.307692 0.416667
vt 0.307692 0.500000
vt 0.307692 0.583333
vt 0.307692 0.666667
vt 0.307692 0.750000
vt 0.307692 0.833333
vt 0.326923 1.000000
vt 0.326923 0.916667
vt 0.326923 0.083333
vt 0.326923 0.000000
vt 0.326923 0.166667
vt 0.326923 0.250000
vt 0.326923 0.333333
vt 0.326923 0.416667
vt 0.326923 0.500000
vt 0.326923 0.583333
vt 0.326923 0.666667
vt 0.326923 0.750000
vt 0.326923 0.833333
vt 0.346154 1.000000
vt 0.346154 0.916667
vt 0.346154 0.083333
vt 0.346154 0.000000
vt 0.346154 0.166667
vt 0.346154 0.250000
vt 0.346154 0.333333
vt 0.346154 0.416667
vt 0.346154 0.500000
vt 0.346154 0.583333
vt 0.346154 0.666667
vt 0.346154 0.750000
vt 0.346154 0.833333
vt 0.365385 1.000000
vt 0.365385 0.916667
vt 0.365385 0.083333
vt 0.365385 0.000000
vt 0.365385 0.166667
vt 0.365385 0.250000
vt 0.365385 0.333333
vt 0.365385 0.416667
vt 0.365385 0.500000
vt 0.365385 0.583333
vt 0.365385 0.666667
vt 0.365385 0.750000
vt 0.365385 0.833333
vt 0.384615 1.000000
vt 0.384615 0.916667
vt 0.384615 0.083333
vt 0.384615 0.000000
vt 0.384615 0.166667
vt 0.384615 0.250000
vt 0.384615 0.333333
vt 0.384615 0.416667
vt 0.384615 0.500000
vt 0.384615 0.583333
vt 0.384615 0.666667
vt 0.384615 0.750000
vt 0.384615 0.833333
vt 0.403846 1.000000
vt 0.403846 0.916667
vt 0.403846 0.083333
vt 0.403846 0.000000
vt 0.403846 0.166667
vt 0.403846 0.250000
vt 0.403846 0.333333
vt 0.403846 0.416667
vt 0.403846 0.500000
vt 0.403846 0.583333
vt 0.403846 0.666667
vt 0.403846 0.750000
vt 0.403846 0.833333
vt 0.423077 1.000000
vt 0.423077 0.916667
vt 0.423077 0.083333
vt 0.423077 0.000000
vt 0.423077 0.166667
vt 0.423077 0.250000
vt 0.423077 0.333333
vt 0.423077 0.416667
vt 0.423077 0.500000
vt 0.423077 0.583333
vt 0.423077 0.666667
vt 0.423077 0.750000
vt 0.423077 0.833333
vt 0.442308 1.000000
vt 0.442308 0.916667
vt 0.442308 0.083333
vt 0.442308 0.000000
vt 0.442308 0.166667
vt 0.442308 0.250000
vt 0.442308 0.333333
vt 0.442308 0.416667
vt 0.442308 0.500000
vt 0.442308 0.583333
vt 0.442308 0.666667
vt 0.442308 0.750000
vt 0.442308 0.833333
vt 0.461538 1.000000
vt 0.461538 0.916667
vt 0.461538 0.083333
vt 0.461538 0.000000
vt 0.461538 0.166667
vt 0.461538 0.250000
vt 0.461538 0.333333
vt 0.461538 0.416667
vt 0.461538 0.500000
vt 0.461538 0.583333
vt 0.461538 0.666667
vt 0.461538 0.750000
vt 0.461538 0.833333
vt 0.480769 1.000000
vt 0.480769 0.916667
vt 0.480769 0.083333
vt 0.480769 0.000000
vt 0.480769 0.166667
vt 0.480769 0.250000
vt 0.480769 0.333333
vt 0.480769 0.416667
vt 0.480769 0.500000
vt 0.480769 0.583333
vt 0.480769 0.666667
vt 0.480769 0.750000
vt 0.480769 0.833333
vt 0.500000 1.000000
vt 0.500000 0.916667
vt 0.500000 0.083333
vt 0.500000 0.000000
vt 0.500000 0.166667
vt 0.500000 0.250000
vt 0.500000 0.333333
vt 0.500000 0.416667
vt 0.500000 0.500000
vt 0.500000 0.583333
vt 0.500000 0.666667
vt 0.500000 0.750000
vt 0.500000 0.833333
vt 0.519231 1.000000
vt 0.519231 0.916667
vt 0.519231 0.083333
vt 0.519231 0.000000
vt 0.519231 0.166667
vt 0.519231 0.250000
vt 0.519231 0.333333
vt 0.519231 0.416667
vt 0.519231 0.500000
vt 0.519231 0.583333
vt 0.519231 0.666667
vt 0.519231 0.750000
vt 0.519231 0.833333
vt 0.538462 1.000000
vt 0.538462 0.916667
vt 0.538462 0.083333
vt 0.538462 0.000000
vt 0.538462 0.166667
vt 0.538462 0.250000
vt 0.538462 0.333333
vt 0.538462 0.416667
vt 0.538462 0.500000
vt 0.538462 0.583333
vt 0.538462 0.666667
vt 0.538462 0.750000
vt 0.538462 0.833333
vt 0.557692 1.000000
vt 0.557692 0.916667
vt 0.557692 0.083333
vt 0.557692 0.000000
vt 0.557692 0.166667
vt 0.557692 0.250000
vt 0.557692 0.333333
vt 0.557692 0.416667
vt 0.557692 0.500000
vt 0.557692 0.583333
vt 0.557692 0.666667
vt 0.557692 0.750000
vt 0.557692 0.833333
vt 0.576923 1.000000
vt 0.576923 0.916667
vt 0.576923 0.083333
vt 0.576923 0.000000
vt 0.576923 0.166667
vt 0.576923 0.250000
vt 0.576923 0.333333
vt 0.576923 0.416667
vt 0.576923 0.500000
vt 0.576923 0.583333
vt 0.576923 0.666667
vt 0.576923 0.750000
vt 0.576923 0.833333
vt 0.596154 1.000000
vt 0.596154 0.916667
vt 0.596154 0.083333
vt 0.596154 0.000000
vt 0.596154 0.166667
vt 0.596154 0.250000
vt 0.596154 0.333333
vt 0.596154 0.416667
vt 0.596154 0.500000
vt 0.596154 0.583333
vt 0.596154 0.666667
vt 0.596154 0.750000
vt 0.596154 0.833333
vt 0.615385 1.000000
vt 0.615385 0.916667
vt 0.615385 0.083333
vt 0.615385 0.000000
vt 0.615385 0.166667
vt 0.615385 0.250000
vt 0.615385 0.333333
vt 0.615385 0.416667
vt 0.615385 0.500000
vt 0.615385 0.583333
vt 0.615385 0.666667
vt 0.615385 0.750000
vt 0.615385 0.833333
vt 0.634615 1.000000
vt 0.634615 0.916667
vt 0.634615 0.083333
vt 0.634615 0.000000
vt 0.634615 0.166667
vt 0.634615 0.250000
vt 0.634615 0.333333
vt 0.634615 0.416667
vt 0.634615 0.500000
vt 0.634615 0.583333
vt 0.634615 0.666667
vt 0.634615 0.750000
vt 0.634615 0.833333
vt 0.653846 1.000000
vt 0.653846 0.916667
vt 0.653846 0.083333
vt 0.653846 0.000000
vt 0.653846 0.166667
vt 0.653846 0.250000
vt 0.653846 0.333333
vt 0.653846 0.416667
vt 0.653846 0.500000
vt 0.653846 0.583333
vt 0.653846 0.666667
vt 0.653846 0.750000
vt 0.653846 0.833333
vt 0.673077 1.000000
vt 0.673077 0.916667
vt 0.673077 0.083333
vt 0.673077 0.000000
vt 0.673077 0.166667
vt 0.673077 0.250000
vt 0.673077 0.333333
vt 0.673077 0.416667
vt 0.673077 0.500000
vt 0.673077 0.583333
vt 0.673077 0.666667
vt 0.673077 0.750000
vt 0.673077 0.833333
vt 0.692308 1.000000
vt 0.692308 0.916667
vt 0.692308 0.083333
vt 0.692308 0.000000
vt 0.692308 0.166667
vt 0.692308 0.250000
vt 0.692308 0.333333
vt 0.692308 0.416667
vt 0.692308 0.500000
vt 0.692308 0.583333
vt 0.692308 0.666667
vt 0.692308 0.750000
vt 0.692308 0.833333
vt 0.711538 1.000000
vt 0.711538 0.916667
vt 0.711538 0.083333
vt 0.711538 0.000000
vt 0.711538 0.166667
vt 0.711538 0.250000
vt 0.711538 0.333333
vt 0.711538 0.416667
vt 0.711538 0.500000
vt 0.711538 0.583333
vt 0.711538 0.666667
vt 0.711538 0.750000
vt 0.711538 0.833333
vt 0.730769 1.000000
vt 0.730769 0.916667
vt 0.730769 0.083333
vt 0.730769 0.000000
vt 0.730769 0.166667
vt 0.730769 0.250000
vt 0.730769 0.333333
vt 0.730769 0.416667
vt 0.730769 0.500000
vt 0.730769 0.583333
vt 0.730769 0.666667
vt 0.730769 0.750000
vt 0.730769 0.833333
vt 0.750000 1.000000
vt 0.750000 0.916667
vt 0.750000 0.083333
vt 0.750000 0.000000
vt 0.750000 0.166667
vt 0.750000 0.250000
vt 0.750000 0.333333
vt 0.750000 0.416667
vt 0.750000 0.500000
vt 0.750000 0.583333
vt 0.750000 0.666667
vt 0.750000 0.750000
vt 0.750000 0.833333
vt 0.769231 1.000000
vt 0.769231 0.916667
vt 0.769231 0.083333
vt 0.769231 0.000000
vt 0.769231 0.166667
vt 0.769231 0.250000
vt 0.769231 0.333333
vt 0.769231 0.416667
vt 0.769231 0.500000
vt 0.769231 0.583333
vt 0.769231 0.666667
vt 0.769231 0.750000
vt 0.769231 0.833333
vt 0.788462 1.000000
vt 0.788462 0.916667
vt 0.788462 0.083333
vt 0.788462 0.000000
vt 0.788462 0.166667
vt 0.788462 0.250000
vt 0.788462 0.333333
vt 0.788462 0.416667
vt 0.788462 0.500000
vt 0.788462 0.583333
vt 0.788462 0.666667
vt 0.788462 0.750000
vt 0.788462 0.833333
vt 0.807692 1.000000
vt 0.807692 0.916667
vt 0.807692 0.083333
vt 0.807692 0.000000
vt 0.807692 0.166667
vt 0.807692 0.250000
vt 0.807692 0.333333
vt 0.807692 0.416667
vt 0.807692 0.500000
vt 0.807692 0.583333
vt 0.807692 0.666667
vt 0.807692 0.750000
vt 0.807692 0.833333
vt 0.826923 1.000000
vt 0.826923 0.916667
vt 0.826923 0.083333
vt 0.826923 0.000000
vt 0.826923 0.166667
vt 0.826923 0.250000
vt 0.826923 0.333333
vt 0.826923 0.416667
vt 0.826923 0.500000
vt 0.826923 0.583333
vt 0.826923 0.666667
vt 0.826923 0.750000
vt 0.826923 0.833333
vt 0.846154 1.000000
vt 0.846154 0.916667
vt 0.846154 0.083333
vt 0.846154 0.000000
vt 0.846154 0.166667
vt 0.846154 0.250000
vt 0.846154 0.333333
vt 0.846154 0.416667
vt 0.846154 0.500000
vt 0.846154 0.583333
vt 0.846154 0.666667
vt 0.846154 0.750000
vt 0.846154 0.833333
vt 0.865385 1.000000
vt 0.865385 0.916667
vt 0.865385 0.083333
vt 0.865385 0.000000
vt 0.865385 0.166667
vt 0.865385 0.250000
vt 0.865385 0.333333
vt 0.865385 0.416667
vt 0.865385 0.500000
vt 0.865385 0.583333
vt 0.865385 0.666667
vt 0.865385 0.750000
vt 0.865385 0.833333
vt 0.884615 1.000000
vt 0.884615 0.916667
vt 0.884615 0.083333
vt 0.884615 0.000000
vt 0.884615 0.166667
vt 0.884615 0.250000
vt 0.884615 0.333333
vt 0.884615 0.416667
vt 0.884615 0.500000
vt 0.884615 0.583333
vt 0.884615 0.666667
vt 0.884615 0.750000
vt 0.884615 0.833333
vt 0.903846 1.000000
vt 0.903846 0.916667
vt 0.903846 0.083333
vt 0.903846 0.000000
vt 0.903846 0.166667
vt 0.903846 0.250000
vt 0.903846 0.333333
vt 0.903846 0.416667
vt 0.903846 0.500000
vt 0.903846 0.583333
vt 0.903846 0.666667
vt 0.903846 0.750000
vt 0.903846 0.833333
vt 0.923077 1.000000
vt 0.923077 0.916667
vt 0.923077 0.083333
vt 0.923077 0.000000
vt 0.923077 0.166667
vt 0.923077 0.250000
vt 0.923077 0.333333
vt 0.923077 0.416667
vt 0.923077 0.500000
vt 0.923077 0.583333
vt 0.923077 0.666667
vt 0.923077 0.750000
vt 0.923077 0.833333
vt 0.942308 1.000000
vt 0.942308 0.916667
vt 0.942308 0.083333
vt 0.942308 0.000000
vt 0.942308 0.166667
vt 0.942308 0.250000
vt 0.942308 0.333333
vt 0.942308 0.416667
vt 0.942308 0.500000
vt 0.942308 0.583333
vt 0.942308 0.666667
vt 0.942308 0.750000
vt 0.942308 0.833333
vt 0.961538 1.000000
vt 0.961538 0.916667
vt 0.961538 0.083333
vt 0.961538 0.000000
vt 0.961538 0.166667
vt 0.961538 0.250000
vt 0.961538 0.333333
vt 0.961538 0.416667
vt 0.961538 0.500000
vt 0.961538 0.583333
vt 0.961538 0.666667
vt 0.961538 0.750000
vt 0.961538 0.833333
vt 0.980769 1.000000
vt 0.980769 0.916667
vt 0.980769 0.083333
vt 0.980769 0.000000
vt 0.980769 0.166667
vt 0.980769 0.250000
vt 0.980769 0.333333
vt 0.980769 0.416667
vt 0.980769 0.500000
vt 0.980769 0.583333
vt 0.980769 0.666667
vt 0.980769 0.750000
vt 0.980769 0.833333
vt 1.000000 1.000000
vt 1.000000 0.916667
vt 1.000000 0.083333
vt 1.000000 0.166667
vt 1.000000 0.250000
vt 1.000000 0.333333
vt 1.000000 0.416667
vt 1.000000 0.500000
vt 1.000000 0.583333
vt 1.000000 0.666667
vt 1.000000 0.750000
vt 1.000000 0.833333
s 1
usemtl Smiley_Black
f 2528/2790/2519 2526/2791/2519 2527/2792/2519
f 2529/2793/2519 2526/2791/2519 2528/2790/2519
f 2529/2793/2519 2525/2794/2519 2526/2791/2519
f 2530/2795/2519 2525/2794/2519 2529/2793/2519
f 2530/2795/2519 2524/2796/2519 2525/2794/2519
f 2530/2795/2519 2523/2797/2519 2524/2796/2519
f 2519/2798/2519 2523/2797/2519 2530/2795/2519
f 2520/2799/2519 2523/2797/2519 2519/2798/2519
f 2520/2799/2519 2522/2800/2519 2523/2797/2519
f 2521/2801/2519 2522/2800/2519 2520/2799/2519
f 2542/2795/2520 2532/2799/2520 2531/2798/2520
f 2542/2795/2520 2533/2801/2520 2532/2799/2520
f 2541/2793/2520 2533/2801/2520 2542/2795/2520
f 2541/2793/2520 2534/2800/2520 2533/2801/2520
f 2540/2790/2520 2534/2800/2520 2541/2793/2520
f 2540/2790/2520 2535/2797/2520 2534/2800/2520
f 2539/2792/2520 2535/2797/2520 2540/2790/2520
f 2539/2792/2520 2536/2796/2520 2535/2797/2520
f 2538/2791/2520 2536/2796/2520 2539/2792/2520
f 2538/2791/2520 2537/2794/2520 2536/2796/2520
f 2543/2802/2521 2555/2803/2533 2566/2804/2544 2554/2805/2532
f 2544/2806/2522 2556/2807/2534 2555/2808/2533 2543/2798/2521
f 2545/2809/2523 2557/2810/2535 2556/2807/2534 2544/2806/2522
f 2546/2811/2524 2558/2812/2536 2557/2810/2535 2545/2809/2523
f 2547/2813/2525 2559/2814/2537 2558/2812/2536 2546/2811/2524
f 2548/2815/2526 2560/2816/2538 2559/2814/2537 2547/2813/2525
f 2549/2817/2527 2561/2818/2539 2560/2816/2538 2548/2815/2526
f 2550/2819/2528 2562/2820/2540 2561/2818/2539 2549/2817/2527
f 2551/2821/2529 2563/2822/2541 2562/2820/2540 2550/2819/2528
f 2552/2823/2530 2564/2824/2542 2563/2822/2541 2551/2821/2529
f 2553/2825/2531 2565/2826/2543 2564/2824/2542 2552/2823/2530
f 2554/2805/2532 2566/2804/2544 2565/2826/2543 2553/2825/2531
f 2555/2803/2533 2567/2827/2545 2578/2828/2556 2566/2804/2544
f 2556/2807/2534 2568/2829/2546 2567/2830/2545 2555/2808/2533
f 2557/2810/2535 2569/2831/2547 2568/2829/2546 2556/2807/2534
f 2558/2812/2536 2570/2832/2548 2569/2831/2547 2557/2810/2535
f 2559/2814/2537 2571/2833/2549 2570/2832/2548 2558/2812/2536
f 2560/2816/2538 2572/2834/2550 2571/2833/2549 2559/2814/2537
f 2561/2818/2539 2573/2835/2551 2572/2834/2550 2560/2816/2538
f 2562/2820/2540 2574/2836/2552 2573/2835/2551 2561/2818/2539
f 2563/2822/2541 2575/2837/2553 2574/2836/2552 2562/2820/2540
f 2564/2824/2542 2576/2838/2554 2575/2837/2553 2563/2822/2541
f 2565/2826/2543 2577/2839/2555 2576/2838/2554 2564/2824/2542
f 2566/2804/2544 2578/2828/2556 2577/2839/2555 2565/2826/2543
f 2567/2827/2545 2579/2840/2557 2590/2841/2568 2578/2828/2556
f 2568/2829/2546 2580/2842/2558 2579/2843/2557 2567/2830/2545
f 2569/2831/2547 2581/2844/2559 2580/2842/2558 2568/2829/2546
f 2570/2832/2548 2582/2845/2560 2581/2844/2559 2569/2831/2547
f 2571/2833/2549 2583/2846/2561 2582/2845/2560 2570/2832/2548
f 2572/2834/2550 2584/2847/2562 2583/2846/2561 2571/2833/2549
f 2573/2835/2551 2585/2848/2563 2584/2847/2562 2572/2834/2550
f 2574/2836/2552 2586/2849/2564 2585/2848/2563 2573/2835/2551
f 2575/2837/2553 2587/2850/2565 2586/2849/2564 2574/2836/2552
f 2576/2838/2554 2588/2851/2566 2587/2850/2565 2575/2837/2553
f 2577/2839/2555 2589/2852/2567 2588/2851/2566 2576/2838/2554
f 2578/2828/2556 2590/2841/2568 2589/2852/2567 2577/2839/2555
f 2579/2840/2557 2591/2853/2569 2602/2854/2580 2590/2841/2568
f 2580/2842/2558 2592/2855/2570 2591/2856/2569 2579/2843/2557
f 2581/2844/2559 2593/2857/2571 2592/2855/2570 2580/2842/2558
f 2582/2845/2560 2594/2858/2572 2593/2857/2571 2581/2844/2559
f 2583/2846/2561 2595/2859/2573 2594/2858/2572 2582/2845/2560
f 2584/2847/2562 2596/2860/2574 2595/2859/2573 2583/2846/2561
f 2585/2848/2563 2597/2861/2575 2596/2860/2574 2584/2847/2562
f 2586/2849/2564 2598/2862/2576 2597/2861/2575 2585/2848/2563
f 2587/2850/2565 2599/2863/2577 2598/2862/2576 2586/2849/2564
f 2588/2851/2566 2600/2864/2578 2599/2863/2577 2587/2850/2565
f 2589/2852/2567 2601/2865/2579 2600/2864/2578 2588/2851/2566
f 2590/2841/2568 2602/2854/2580 2601/2865/2579 2589/2852/2567
f 2591/2853/2569 2603/2866/2581 2614/2867/2592 2602/2854/2580
f 2592/2855/2570 2604/2868/2582 2603/2869/2581 2591/2856/2569
f 2593/2857/2571 2605/2870/2583 2604/2868/2582 2592/2855/2570
f 2594/2858/2572 2606/2871/2584 2605/2870/2583 2593/2857/2571
f 2595/2859/2573 2607/2872/2585 2606/2871/2584 2594/2858/2572
f 2596/2860/2574 2608/2873/2586 2607/2872/2585 2595/2859/2573
f 2597/2861/2575 2609/2874/2587 2608/2873/2586 2596/2860/2574
f 2598/2862/2576 2610/2875/2588 2609/2874/2587 2597/2861/2575
f 2599/2863/2577 2611/2876/2589 2610/2875/2588 2598/2862/2576
f 2600/2864/2578 2612/2877/2590 2611/2876/2589 2599/2863/2577
f 2601/2865/2579 2613/2878/2591 2612/2877/2590 2600/2864/2578
f 2602/2854/2580 2614/2867/2592 2613/2878/2591 2601/2865/2579
f 2603/2866/2581 2615/2879/2593 2626/2880/2604 2614/2867/2592
f 2604/2868/2582 2616/2881/2594 2615/2882/2593 2603/2869/2581
f 2605/2870/2583 2617/2883/2595 2616/2881/2594 2604/2868/2582
f 2606/2871/2584 2618/2884/2596 2617/2883/2595 2605/2870/2583
f 2607/2872/2585 2619/2885/2597 2618/2884/2596 2606/2871/2584
f 2608/2873/2586 2620/2886/2598 2619/2885/2597 2607/2872/2585
f 2609/2874/2587 2621/2887/2599 2620/2886/2598 2608/2873/2586
f 2610/2875/2588 2622/2888/2600 2621/2887/2599 2609/2874/2587
f 2611/2876/2589 2623/2889/2601 2622/2888/2600 2610/2875/2588
f 2612/2877/2590 2624/2890/2602 2623/2889/2601 2611/2876/2589
f 2613/2878/2591 2625/2891/2603 2624/2890/2602 2612/2877/2590
f 2614/2867/2592 2626/2880/2604 2625/2891/2603 2613/2878/2591
f 2615/2879/2593 2627/2892/2605 2638/2893/2616 2626/2880/2604
f 2616/2881/2594 2628/2894/2606 2627/2895/2605 2615/2882/2593
f 2617/2883/2595 2629/2896/2607 2628/2894/2606 2616/2881/2594
f 2618/2884/2596 2630/2897/2608 2629/2896/2607 2617/2883/2595
f 2619/2885/2597 2631/2898/2609 2630/2897/2608 2618/2884/2596
f 2620/2886/2598 2632/2899/2610 2631/2898/2609 2619/2885/2597
f 2621/2887/2599 2633/2900/2611 2632/2899/2610 2620/2886/2598
f 2622/2888/2600 2634/2901/2612 2633/2900/2611 2621/2887/2599
f 2623/2889/2601 2635/2902/2613 2634/2901/2612 2622/2888/2600
f 2624/2890/2602 2636/2903/2614 2635/2902/2613 2623/2889/2601
f 2625/2891/2603 2637/2904/2615 2636/2903/2614 2624/2890/2602
f 2626/2880/2604 2638/2893/2616 2637/2904/2615 2625/2891/2603
f 2627/2892/2605 2639/2905/2617 2650/2906/2628 2638/2893/2616
f 2628/2894/2606 2640/2907/2618 2639/2908/2617 2627/2895/2605
f 2629/2896/2607 2641/2909/2619 2640/2907/2618 2628/2894/2606
f 2630/2897/2608 2642/2910/2620 2641/2909/2619 2629/2896/2607
f 2631/2898/2609 2643/2911/2621 2642/2910/2620 2630/2897/2608
f 2632/2899/2610 2644/2912/2622 2643/2911/2621 2631/2898/2609
f 2633/2900/2611 2645/2913/2623 2644/2912/2622 2632/2899/2610
f 2634/2901/2612 2646/2914/2624 2645/2913/2623 2633/2900/2611
f 2635/2902/2613 2647/2915/2625 2646/2914/2624 2634/2901/2612
f 2636/2903/2614 2648/2916/2626 2647/2915/2625 2635/2902/2613
f 2637/2904/2615 2649/2917/2627 2648/2916/2626 2636/2903/2614
f 2638/2893/2616 2650/2906/2628 2649/2917/2627 2637/2904/2615
f 2639/2905/2617 2651/2918/2629 2662/2919/2640 2650/2906/2628
f 2640/2907/2618 2652/2920/2630 2651/2921/2629 2639/2908/2617
f 2641/2909/2619 2653/2922/2631 2652/2920/2630 2640/2907/2618
f 2642/2910/2620 2654/2923/2632 2653/2922/2631 2641/2909/2619
f 2643/2911/2621 2655/2924/2633 2654/2923/2632 2642/2910/2620
f 2644/2912/2622 2656/2925/2634 2655/2924/2633 2643/2911/2621
f 2645/2913/2623 2657/2926/2635 2656/2925/2634 2644/2912/2622
f 2646/2914/2624 2658/2927/2636 2657/2926/2635 2645/2913/2623
f 2647/2915/2625 2659/2928/2637 2658/2927/2636 2646/2914/2624
f 2648/2916/2626 2660/2929/2638 2659/2928/2637 2647/2915/2625
f 2649/2917/2627 2661/2930/2639 2660/2929/2638 2648/2916/2626
f 2650/2906/2628 2662/2919/2640 2661/2930/2639 2649/2917/2627
f 2651/2918/2629 2663/2931/2641 2674/2932/2652 2662/2919/2640
f 2652/2920/2630 2664/2933/2642 2663/2934/2641 2651/2921/2629
f 2653/2922/2631 2665/2935/2643 2664/2933/2642 2652/2920/2630
f 2654/2923/2632 2666/2936/2644 2665/2935/2643 2653/2922/2631
f 2655/2924/2633 2667/2937/2645 2666/2936/2644 2654/2923/2632
f 2656/2925/2634 2668/2938/2646 2667/2937/2645 2655/2924/2633
f 2657/2926/2635 2669/2939/2647 2668/2938/2646 2656/2925/2634
f 2658/2927/2636 2670/2940/2648 2669/2939/2647 2657/2926/2635
f 2659/2928/2637 2671/2941/2649 2670/2940/2648 2658/2927/2636
f 2660/2929/2638 2672/2942/2650 2671/2941/2649 2659/2928/2637
f 2661/2930/2639 2673/2943/2651 2672/2942/2650 2660/2929/2638
f 2662/2919/2640 2674/2932/2652 2673/2943/2651 2661/2930/2639
f 2663/2931/2641 2675/2944/2653 2686/2945/2664 2674/2932/2652
f 2664/2933/2642 2676/2946/2654 2675/2947/2653 2663/2934/2641
f 2665/2935/2643 2677/2948/2655 2676/2946/2654 2664/2933/2642
f 2666/2936/2644 2678/2949/2656 2677/2948/2655 2665/2935/2643
f 2667/2937/2645 2679/2950/2657 2678/2949/2656 2666/2936/2644
f 2668/2938/2646 2680/2951/2658 2679/2950/2657 2667/2937/2645
f 2669/2939/2647 2681/2952/2659 2680/2951/2658 2668/2938/2646
f 2670/2940/2648 2682/2953/2660 2681/2952/2659 2669/2939/2647
f 2671/2941/2649 2683/2954/2661 2682/2953/2660 2670/2940/2648
f 2672/2942/2650 2684/2955/2662 2683/2954/2661 2671/2941/2649
f 2673/2943/2651 2685/2956/2663 2684/2955/2662 2672/2942/2650
f 2674/2932/2652 2686/2945/2664 2685/2956/2663 2673/2943/2651
f 2675/2944/2653 2687/2957/2665 2698/2958/2676 2686/2945/2664
f 2676/2946/2654 2688/2959/2666 2687/2960/2665 2675/2947/2653
f 2677/2948/2655 2689/2961/2667 2688/2959/2666 2676/2946/2654
f 2678/2949/2656 2690/2962/2668 2689/2961/2667 2677/2948/2655
f 2679/2950/2657 2691/2963/2669 2690/2962/2668 2678/2949/2656
f 2680/2951/2658 2692/2964/2670 2691/2963/2669 2679/2950/2657
f 2681/2952/2659 2693/2965/2671 2692/2964/2670 2680/2951/2658
f 2682/2953/2660 2694/2966/2672 2693/2965/2671 2681/2952/2659
f 2683/2954/2661 2695/2967/2673 2694/2966/2672 2682/2953/2660
f 2684/2955/2662 2696/2968/2674 2695/2967/2673 2683/2954/2661
f 2685/2956/2663 2697/2969/2675 2696/2968/2674 2684/2955/2662
f 2686/2945/2664 2698/2958/2676 2697/2969/2675 2685/2956/2663
f 2687/2957/2665 2699/2970/2677 2710/2971/2688 2698/2958/2676
f 2688/2959/2666 2700/2972/2678 2699/2973/2677 2687/2960/2665
f 2689/2961/2667 2701/2974/2679 2700/2972/2678 2688/2959/2666
f 2690/2962/2668 2702/2975/2680 2701/2974/2679 2689/2961/2667
f 2691/2963/2669 2703/2976/2681 2702/2975/2680 2690/2962/2668
f 2692/2964/2670 2704/2977/2682 2703/2976/2681 2691/2963/2669
f 2693/2965/2671 2705/2978/2683 2704/2977/2682 2692/2964/2670
f 2694/2966/2672 2706/2979/2684 2705/2978/2683 2693/2965/2671
f 2695/2967/2673 2707/2980/2685 2706/2979/2684 2694/2966/2672
f 2696/2968/2674 2708/2981/2686 2707/2980/2685 2695/2967/2673
f 2697/2969/2675 2709/2982/2687 2708/2981/2686 2696/2968/2674
f 2698/2958/2676 2710/2971/2688 2709/2982/2687 2697/2969/2675
f 2699/2970/2677 2711/2983/2689 2722/2984/2700 2710/2971/2688
f 2700/2972/2678 2712/2985/2690 2711/2986/2689 2699/2973/2677
f 2701/2974/2679 2713/2987/2691 2712/2985/2690 2700/2972/2678
f 2702/2975/2680 2714/2988/2692 2713/2987/2691 2701/2974/2679
f 2703/2976/2681 2715/2989/2693 2714/2988/2692 2702/2975/2680
f 2704/2977/2682 2716/2990/2694 2715/2989/2693 2703/2976/2681
f 2705/2978/2683 2717/2991/2695 2716/2990/2694 2704/2977/2682
f 2706/2979/2684 2718/2992/2696 2717/2991/2695 2705/2978/2683
f 2707/2980/2685 2719/2993/2697 2718/2992/2696 2706/2979/2684
f 2708/2981/2686 2720/2994/2698 2719/2993/2697 2707/2980/2685
f 2709/2982/2687 2721/2995/2699 2720/2994/2698 2708/2981/2686
f 2710/2971/2688 2722/2984/2700 2721/2995/2699 2709/2982/2687
f 2711/2983/2689 2723/2996/2701 2734/2997/2712 2722/2984/2700
f 2712/2985/2690 2724/2998/2702 2723/2999/2701 2711/2986/2689
f 2713/2987/2691 2725/3000/2703 2724/2998/2702 2712/2985/2690
f 2714/2988/2692 2726/3001/2704 2725/3000/2703 2713/2987/2691
f 2715/2989/2693 2727/3002/2705 2726/3001/2704 2714/2988/2692
f 2716/2990/2694 2728/3003/2706 2727/3002/2705 2715/2989/2693
f 2717/2991/2695 2729/3004/2707 2728/3003/2706 2716/2990/2694
f 2718/2992/2696 2730/3005/2708 2729/3004/2707 2717/2991/2695
f 2719/2993/2697 2731/3006/2709 2730/3005/2708 2718/2992/2696
f 2720/2994/2698 2732/3007/2710 2731/3006/2709 2719/2993/2697
f 2721/2995/2699 2733/3008/2711 2732/3007/2710 2720/2994/2698
f 2722/2984/2700 2734/2997/2712 2733/3008/2711 2721/2995/2699
f 2723/2996/2701 2735/3009/2713 2746/3010/2724 2734/2997/2712
f 2724/2998/2702 2736/3011/2714 2735/3012/2713 2723/2999/2701
f 2725/3000/2703 2737/3013/2715 2736/3011/2714 2724/2998/2702
f 2726/3001/2704 2738/3014/2716 2737/3013/2715 2725/3000/2703
f 2727/3002/2705 2739/3015/2717 2738/3014/2716 2726/3001/2704
f 2728/3003/2706 2740/3016/2718 2739/3015/2717 2727/3002/2705
f 2729/3004/2707 2741/3017/2719 2740/3016/2718 2728/3003/2706
f 2730/3005/2708 2742/3018/2720 2741/3017/2719 2729/3004/2707
f 2731/3006/2709 2743/3019/2721 2742/3018/2720 2730/3005/2708
f 2732/3007/2710 2744/3020/2722 2743/3019/2721 2731/3006/2709
f 2733/3008/2711 2745/3021/2723 2744/3020/2722 2732/3007/2710
f 2734/2997/2712 2746/3010/2724 2745/3021/2723 2733/3008/2711
f 2735/3009/2713 2747/3022/2725 2758/3023/2736 2746/3010/2724
f 2736/3011/2714 2748/3024/2726 2747/3025/2725 2735/3012/2713
f 2737/3013/2715 2749/3026/2727 2748/3024/2726 2736/3011/2714
f 2738/3014/2716 2750/3027/2728 2749/3026/2727 2737/3013/2715
f 2739/3015/2717 2751/3028/2729 2750/3027/2728 2738/3014/2716
f 2740/3016/2718 2752/3029/2730 2751/3028/2729 2739/3015/2717
f 2741/3017/2719 2753/3030/2731 2752/3029/2730 2740/3016/2718
f 2742/3018/2720 2754/3031/2732 2753/3030/2731 2741/3017/2719
f 2743/3019/2721 2755/3032/2733 2754/3031/2732 2742/3018/2720
f 2744/3020/2722 2756/3033/2734 2755/3032/2733 2743/3019/2721
f 2745/3021/2723 2757/3034/2735 2756/3033/2734 2744/3020/2722
f 2746/3010/2724 2758/3023/2736 2757/3034/2735 2745/3021/2723
f 2747/3022/2725 2759/3035/2737 2770/3036/2748 2758/3023/2736
f 2748/3024/2726 2760/3037/2738 2759/3038/2737 2747/3025/2725
f 2749/3026/2727 2761/3039/2739 2760/3037/2738 2748/3024/2726
f 2750/3027/2728 2762/3040/2740 2761/3039/2739 2749/3026/2727
f 2751/3028/2729 2763/3041/2741 2762/3040/2740 2750/3027/2728
f 2752/3029/2730 2764/3042/2742 2763/3041/2741 2751/3028/2729
f 2753/3030/2731 2765/3043/2743 2764/3042/2742 2752/3029/2730
f 2754/3031/2732 2766/3044/2744 2765/3043/2743 2753/3030/2731
f 2755/3032/2733 2767/3045/2745 2766/3044/2744 2754/3031/2732
f 2756/3033/2734 2768/3046/2746 2767/3045/2745 2755/3032/2733
f 2757/3034/2735 2769/3047/2747 2768/3046/2746 2756/3033/2734
f 2758/3023/2736 2770/3036/2748 2769/3047/2747 2757/3034/2735
f 2759/3035/2737 2771/3048/2749 2782/3049/2759 2770/3036/2748
f 2760/3037/2738 2772/3050/2750 2771/3051/2749 2759/3038/2737
f 2761/3039/2739 2773/3052/2751 2772/3050/2750 2760/3037/2738
f 2762/3040/2740 2774/3053/2704 2773/3052/2751 2761/3039/2739
f 2763/3041/2741 2775/3054/2752 2774/3053/2704 2762/3040/2740
f 2764/3042/2742 2776/3055/2753 2775/3054/2752 2763/3041/2741
f 2765/3043/2743 2777/3056/2754 2776/3055/2753 2764/3042/2742
f 2766/3044/2744 2778/3057/2755 2777/3056/2754 2765/3043/2743
f 2767/3045/2745 2779/3058/2756 2778/3057/2755 2766/3044/2744
f 2768/3046/2746 2780/3059/2757 2779/3058/2756 2767/3045/2745
f 2769/3047/2747 2781/3060/2758 2780/3059/2757 2768/3046/2746
f 2770/3036/2748 2782/3049/2759 2781/3060/2758 2769/3047/2747
f 2771/3048/2749 2783/3061/2760 2794/3062/2771 2782/3049/2759
f 2772/3050/2750 2784/3063/2761 2783/3064/2760 2771/3051/2749
f 2773/3052/2751 2785/3065/2762 2784/3063/2761 2772/3050/2750
f 2774/3053/2704 2786/3066/2763 2785/3065/2762 2773/3052/2751
f 2775/3054/2752 2787/3067/2764 2786/3066/2763 2774/3053/2704
f 2776/3055/2753 2788/3068/2765 2787/3067/2764 2775/3054/2752
f 2777/3056/2754 2789/3069/2766 2788/3068/2765 2776/3055/2753
f 2778/3057/2755 2790/3070/2767 2789/3069/2766 2777/3056/2754
f 2779/3058/2756 2791/3071/2768 2790/3070/2767 2778/3057/2755
f 2780/3059/2757 2792/3072/2769 2791/3071/2768 2779/3058/2756
f 2781/3060/2758 2793/3073/2770 2792/3072/2769 2780/3059/2757
f 2782/3049/2759 2794/3062/2771 2793/3073/2770 2781/3060/2758
f 2783/3061/2760 2795/3074/2772 2806/3075/2783 2794/3062/2771
f 2784/3063/2761 2796/3076/2773 2795/3077/2772 2783/3064/2760
f 2785/3065/2762 2797/3078/2774 2796/3076/2773 2784/3063/2761
f 2786/3066/2763 2798/3079/2775 2797/3078/2774 2785/3065/2762
f 2787/3067/2764 2799/3080/2776 2798/3079/2775 2786/3066/2763
f 2788/3068/2765 2800/3081/2777 2799/3080/2776 2787/3067/2764
f 2789/3069/2766 2801/3082/2778 2800/3081/2777 2788/3068/2765
f 2790/3070/2767 2802/3083/2779 2801/3082/2778 2789/3069/2766
f 2791/3071/2768 2803/3084/2780 2802/3083/2779 2790/3070/2767
f 2792/3072/2769 2804/3085/2781 2803/3084/2780 2791/3071/2768
f 2793/3073/2770 2805/3086/2782 2804/3085/2781 2792/3072/2769
f 2794/3062/2771 2806/3075/2783 2805/3086/2782 2793/3073/2770
f 2795/3074/2772 2807/3087/2784 2818/3088/2795 2806/3075/2783
f 2796/3076/2773 2808/3089/2785 2807/3090/2784 2795/3077/2772
f 2797/3078/2774 2809/3091/2786 2808/3089/2785 2796/3076/2773
f 2798/3079/2775 2810/3092/2787 2809/3091/2786 2797/3078/2774
f 2799/3080/2776 2811/3093/2788 2810/3092/2787 2798/3079/2775
f 2800/3081/2777 2812/3094/2789 2811/3093/2788 2799/3080/2776
f 2801/3082/2778 2813/3095/2790 2812/3094/2789 2800/3081/2777
f 2802/3083/2779 2814/3096/2791 2813/3095/2790 2801/3082/2778
f 2803/3084/2780 2815/3097/2792 2814/3096/2791 2802/3083/2779
f 2804/3085/2781 2816/3098/2793 2815/3097/2792 2803/3084/2780
f 2805/3086/2782 2817/3099/2794 2816/3098/2793 2804/3085/2781
f 2806/3075/2783 2818/3088/2795 2817/3099/2794 2805/3086/2782
f 2807/3087/2784 2819/3100/2796 2830/3101/2807 2818/3088/2795
f 2808/3089/2785 2820/3102/2797 2819/3103/2796 2807/3090/2784
f 2809/3091/2786 2821/3104/2798 2820/3102/2797 2808/3089/2785
f 2810/3092/2787 2822/3105/2799 2821/3104/2798 2809/3091/2786
f 2811/3093/2788 2823/3106/2800 2822/3105/2799 2810/3092/2787
f 2812/3094/2789 2824/3107/2801 2823/3106/2800 2811/3093/2788
f 2813/3095/2790 2825/3108/2802 2824/3107/2801 2812/3094/2789
f 2814/3096/2791 2826/3109/2803 2825/3108/2802 2813/3095/2790
f 2815/3097/2792 2827/3110/2804 2826/3109/2803 2814/3096/2791
f 2816/3098/2793 2828/3111/2805 2827/3110/2804 2815/3097/2792
f 2817/3099/2794 2829/3112/2806 2828/3111/2805 2816/3098/2793
f 2818/3088/2795 2830/3101/2807 2829/3112/2806 2817/3099/2794
f 2819/3100/2796 2831/3113/2808 2842/3114/2819 2830/3101/2807
f 2820/3102/2797 2832/3115/2809 2831/3116/2808 2819/3103/2796
f 2821/3104/2798 2833/3117/2810 2832/3115/2809 2820/3102/2797
f 2822/3105/2799 2834/3118/2811 2833/3117/2810 2821/3104/2798
f 2823/3106/2800 2835/3119/2812 2834/3118/2811 2822/3105/2799
f 2824/3107/2801 2836/3120/2813 2835/3119/2812 2823/3106/2800
f 2825/3108/2802 2837/3121/2814 2836/3120/2813 2824/3107/2801
f 2826/3109/2803 2838/3122/2815 2837/3121/2814 2825/3108/2802
f 2827/3110/2804 2839/3123/2816 2838/3122/2815 2826/3109/2803
f 2828/3111/2805 2840/3124/2817 2839/3123/2816 2827/3110/2804
f 2829/3112/2806 2841/3125/2818 2840/3124/2817 2828/3111/2805
f 2830/3101/2807 2842/3114/2819 2841/3125/2818 2829/3112/2806
f 2831/3113/2808 2843/3126/2820 2854/3127/2831 2842/3114/2819
f 2832/3115/2809 2844/3128/2821 2843/3129/2820 2831/3116/2808
f 2833/3117/2810 2845/3130/2822 2844/3128/2821 2832/3115/2809
f 2834/3118/2811 2846/3131/2823 2845/3130/2822 2833/3117/2810
f 2835/3119/2812 2847/3132/2824 2846/3131/2823 2834/3118/2811
f 2836/3120/2813 2848/3133/2825 2847/3132/2824 2835/3119/2812
f 2837/3121/2814 2849/3134/2826 2848/3133/2825 2836/3120/2813
f 2838/3122/2815 2850/3135/2827 2849/3134/2826 2837/3121/2814
f 2839/3123/2816 2851/3136/2828 2850/3135/2827 2838/3122/2815
f 2840/3124/2817 2852/3137/2829 2851/3136/2828 2839/3123/2816
f 2841/3125/2818 2853/3138/2830 2852/3137/2829 2840/3124/2817
f 2842/3114/2819 2854/3127/2831 2853/3138/2830 2841/3125/2818
f 2843/3126/2820 2855/3139/2832 2866/3140/2843 2854/3127/2831
f 2844/3128/2821 2856/3141/2833 2855/3142/2832 2843/3129/2820
f 2845/3130/2822 2857/3143/2834 2856/3141/2833 2844/3128/2821
f 2846/3131/2823 2858/3144/2835 2857/3143/2834 2845/3130/2822
f 2847/3132/2824 2859/3145/2836 2858/3144/2835 2846/3131/2823
f 2848/3133/2825 2860/3146/2837 2859/3145/2836 2847/3132/2824
f 2849/3134/2826 2861/3147/2838 2860/3146/2837 2848/3133/2825
f 2850/3135/2827 2862/3148/2839 2861/3147/2838 2849/3134/2826
f 2851/3136/2828 2863/3149/2840 2862/3148/2839 2850/3135/2827
f 2852/3137/2829 2864/3150/2841 2863/3149/2840 2851/3136/2828
f 2853/3138/2830 2865/3151/2842 2864/3150/2841 2852/3137/2829
f 2854/3127/2831 2866/3140/2843 2865/3151/2842 2853/3138/2830
f 2855/3139/2832 2867/3152/2844 2878/3153/2855 2866/3140/2843
f 2856/3141/2833 2868/3154/2845 2867/3155/2844 2855/3142/2832
f 2857/3143/2834 2869/3156/2846 2868/3154/2845 2856/3141/2833
f 2858/3144/2835 2870/3157/2847 2869/3156/2846 2857/3143/2834
f 2859/3145/2836 2871/3158/2848 2870/3157/2847 2858/3144/2835
f 2860/3146/2837 2872/3159/2849 2871/3158/2848 2859/3145/2836
f 2861/3147/2838 2873/3160/2850 2872/3159/2849 2860/3146/2837
f 2862/3148/2839 2874/3161/2851 2873/3160/2850 2861/3147/2838
f 2863/3149/2840 2875/3162/2852 2874/3161/2851 2862/3148/2839
f 2864/3150/2841 2876/3163/2853 2875/3162/2852 2863/3149/2840
f 2865/3151/2842 2877/3164/2854 2876/3163/2853 2864/3150/2841
f 2866/3140/2843 2878/3153/2855 2877/3164/2854 2865/3151/2842
f 2867/3152/2844 2879/3165/2856 2890/3166/2867 2878/3153/2855
f 2868/3154/2845 2880/3167/2857 2879/3168/2856 2867/3155/2844
f 2869/3156/2846 2881/3169/2858 2880/3167/2857 2868/3154/2845
f 2870/3157/2847 2882/3170/2859 2881/3169/2858 2869/3156/2846
f 2871/3158/2848 2883/3171/2860 2882/3170/2859 2870/3157/2847
f 2872/3159/2849 2884/3172/2861 2883/3171/2860 2871/3158/2848
f 2873/3160/2850 2885/3173/2862 2884/3172/2861 2872/3159/2849
f 2874/3161/2851 2886/3174/2863 2885/3173/2862 2873/3160/2850
f 2875/3162/2852 2887/3175/2864 2886/3174/2863 2874/3161/2851
f 2876/3163/2853 2888/3176/2865 2887/3175/2864 2875/3162/2852
f 2877/3164/2854 2889/3177/2866 2888/3176/2865 2876/3163/2853
f 2878/3153/2855 2890/3166/2867 2889/3177/2866 2877/3164/2854
f 2879/3165/2856 2891/3178/2868 2902/3179/2879 2890/3166/2867
f 2880/3167/2857 2892/3180/2869 2891/3181/2868 2879/3168/2856
f 2881/3169/2858 2893/3182/2870 2892/3180/2869 2880/3167/2857
f 2882/3170/2859 2894/3183/2871 2893/3182/2870 2881/3169/2858
f 2883/3171/2860 2895/3184/2872 2894/3183/2871 2882/3170/2859
f 2884/3172/2861 2896/3185/2873 2895/3184/2872 2883/3171/2860
f 2885/3173/2862 2897/3186/2874 2896/3185/2873 2884/3172/2861
f 2886/3174/2863 2898/3187/2875 2897/3186/2874 2885/3173/2862
f 2887/3175/2864 2899/3188/2876 2898/3187/2875 2886/3174/2863
f 2888/3176/2865 2900/3189/2877 2899/3188/2876 2887/3175/2864
f 2889/3177/2866 2901/3190/2878 2900/3189/2877 2888/3176/2865
f 2890/3166/2867 2902/3179/2879 2901/3190/2878 2889/3177/2866
f 2891/3178/2868 2903/3191/2880 2914/3192/2891 2902/3179/2879
f 2892/3180/2869 2904/3193/2881 2903/3194/2880 2891/3181/2868
f 2893/3182/2870 2905/3195/2882 2904/3193/2881 2892/3180/2869
f 2894/3183/2871 2906/3196/2883 2905/3195/2882 2893/3182/2870
f 2895/3184/2872 2907/3197/2884 2906/3196/2883 2894/3183/2871
f 2896/3185/2873 2908/3198/2885 2907/3197/2884 2895/3184/2872
f 2897/3186/2874 2909/3199/2886 2908/3198/2885 2896/3185/2873
f 2898/3187/2875 2910/3200/2887 2909/3199/2886 2897/3186/2874
f 2899/3188/2876 2911/3201/2888 2910/3200/2887 2898/3187/2875
f 2900/3189/2877 2912/3202/2889 2911/3201/2888 2899/3188/2876
f 2901/3190/2878 2913/3203/2890 2912/3202/2889 2900/3189/2877
f 2902/3179/2879 2914/3192/2891 2913/3203/2890 2901/3190/2878
f 2903/3191/2880 2915/3204/2892 2926/3205/2903 2914/3192/2891
f 2904/3193/2881 2916/3206/2893 2915/3207/2892 2903/3194/2880
f 2905/3195/2882 2917/3208/2894 2916/3206/2893 2904/3193/2881
f 2906/3196/2883 2918/3209/2895 2917/3208/2894 2905/3195/2882
f 2907/3197/2884 2919/3210/2896 2918/3209/2895 2906/3196/2883
f 2908/3198/2885 2920/3211/2897 2919/3210/2896 2907/3197/2884
f 2909/3199/2886 2921/3212/2898 2920/3211/2897 2908/3198/2885
f 2910/3200/2887 2922/3213/2899 2921/3212/2898 2909/3199/2886
f 2911/3201/2888 2923/3214/2900 2922/3213/2899 2910/3200/2887
f 2912/3202/2889 2924/3215/2901 2923/3214/2900 2911/3201/2888
f 2913/3203/2890 2925/3216/2902 2924/3215/2901 2912/3202/2889
f 2914/3192/2891 2926/3205/2903 2925/3216/2902 2913/3203/2890
f 2915/3204/2892 2927/3217/2904 2938/3218/2915 2926/3205/2903
f 2916/3206/2893 2928/3219/2905 2927/3220/2904 2915/3207/2892
f 2917/3208/2894 2929/3221/2906 2928/3219/2905 2916/3206/2893
f 2918/3209/2895 2930/3222/2907 2929/3221/2906 2917/3208/2894
f 2919/3210/2896 2931/3223/2908 2930/3222/2907 2918/3209/2895
f 2920/3211/2897 2932/3224/2909 2931/3223/2908 2919/3210/2896
f 2921/3212/2898 2933/3225/2910 2932/3224/2909 2920/3211/2897
f 2922/3213/2899 2934/3226/2911 2933/3225/2910 2921/3212/2898
f 2923/3214/2900 2935/3227/2912 2934/3226/2911 2922/3213/2899
f 2924/3215/2901 2936/3228/2913 2935/3227/2912 2923/3214/2900
f 2925/3216/2902 2937/3229/2914 2936/3228/2913 2924/3215/2901
f 2926/3205/2903 2938/3218/2915 2937/3229/2914 2925/3216/2902
f 2927/3217/2904 2939/3230/2916 2950/3231/2927 2938/3218/2915
f 2928/3219/2905 2940/3232/2917 2939/3233/2916 2927/3220/2904
f 2929/3221/2906 2941/3234/2918 2940/3232/2917 2928/3219/2905
f 2930/3222/2907 2942/3235/2919 2941/3234/2918 2929/3221/2906
f 2931/3223/2908 2943/3236/2920 2942/3235/2919 2930/3222/2907
f 2932/3224/2909 2944/3237/2921 2943/3236/2920 2931/3223/2908
f 2933/3225/2910 2945/3238/2922 2944/3237/2921 2932/3224/2909
f 2934/3226/2911 2946/3239/2923 2945/3238/2922 2933/3225/2910
f 2935/3227/2912 2947/3240/2924 2946/3239/2923 2934/3226/2911
f 2936/3228/2913 2948/3241/2925 2947/3240/2924 2935/3227/2912
f 2937/3229/2914 2949/3242/2926 2948/3241/2925 2936/3228/2913
f 2938/3218/2915 2950/3231/2927 2949/3242/2926 2937/3229/2914
f 2939/3230/2916 2951/3243/2928 2962/3244/2939 2950/3231/2927
f 2940/3232/2917 2952/3245/2929 2951/3246/2928 2939/3233/2916
f 2941/3234/2918 2953/3247/2930 2952/3245/2929 2940/3232/2917
f 2942/3235/2919 2954/3248/2931 2953/3247/2930 2941/3234/2918
f 2943/3236/2920 2955/3249/2932 2954/3248/2931 2942/3235/2919
f 2944/3237/2921 2956/3250/2933 2955/3249/2932 2943/3236/2920
f 2945/3238/2922 2957/3251/2934 2956/3250/2933 2944/3237/2921
f 2946/3239/2923 2958/3252/2935 2957/3251/2934 2945/3238/2922
f 2947/3240/2924 2959/3253/2936 2958/3252/2935 2946/3239/2923
f 2948/3241/2925 2960/3254/2937 2959/3253/2936 2947/3240/2924
f 2949/3242/2926 2961/3255/2938 2960/3254/2937 2948/3241/2925
f 2950/3231/2927 2962/3244/2939 2961/3255/2938 2949/3242/2926
f 2951/3243/2928 2963/3256/2940 2974/3257/2951 2962/3244/2939
f 2952/3245/2929 2964/3258/2941 2963/3259/2940 2951/3246/2928
f 2953/3247/2930 2965/3260/2942 2964/3258/2941 2952/3245/2929
f 2954/3248/2931 2966/3261/2943 2965/3260/2942 2953/3247/2930
f 2955/3249/2932 2967/3262/2944 2966/3261/2943 2954/3248/2931
f 2956/3250/2933 2968/3263/2945 2967/3262/2944 2955/3249/2932
f 2957/3251/2934 2969/3264/2946 2968/3263/2945 2956/3250/2933
f 2958/3252/2935 2970/3265/2947 2969/3264/2946 2957/3251/2934
f 2959/3253/2936 2971/3266/2948 2970/3265/2947 2958/3252/2935
f 2960/3254/2937 2972/3267/2949 2971/3266/2948 2959/3253/2936
f 2961/3255/2938 2973/3268/2950 2972/3267/2949 2960/3254/2937
f 2962/3244/2939 2974/3257/2951 2973/3268/2950 2961/3255/2938
f 2963/3256/2940 2975/3269/2952 2986/3270/2963 2974/3257/2951
f 2964/3258/2941 2976/3271/2953 2975/3272/2952 2963/3259/2940
f 2965/3260/2942 2977/3273/2954 2976/3271/2953 2964/3258/2941
f 2966/3261/2943 2978/3274/2955 2977/3273/2954 2965/3260/2942
f 2967/3262/2944 2979/3275/2956 2978/3274/2955 2966/3261/2943
f 2968/3263/2945 2980/3276/2957 2979/3275/2956 2967/3262/2944
f 2969/3264/2946 2981/3277/2958 2980/3276/2957 2968/3263/2945
f 2970/3265/2947 2982/3278/2959 2981/3277/2958 2969/3264/2946
f 2971/3266/2948 2983/3279/2960 2982/3278/2959 2970/3265/2947
f 2972/3267/2949 2984/3280/2961 2983/3279/2960 2971/3266/2948
f 2973/3268/2950 2985/3281/2962 2984/3280/2961 2972/3267/2949
f 2974/3257/2951 2986/3270/2963 2985/3281/2962 2973/3268/2950
f 2975/3269/2952 2987/3282/2964 2998/3283/2974 2986/3270/2963
f 2976/3271/2953 2988/3284/2965 2987/3285/2964 2975/3272/2952
f 2977/3273/2954 2989/3286/2966 2988/3284/2965 2976/3271/2953
f 2978/3274/2955 2990/3287/2919 2989/3286/2966 2977/3273/2954
f 2979/3275/2956 2991/3288/2967 2990/3287/2919 2978/3274/2955
f 2980/3276/2957 2992/3289/2968 2991/3288/2967 2979/3275/2956
f 2981/3277/2958 2993/3290/2969 2992/3289/2968 2980/3276/2957
f 2982/3278/2959 2994/3291/2970 2993/3290/2969 2981/3277/2958
f 2983/3279/2960 2995/3292/2971 2994/3291/2970 2982/3278/2959
f 2984/3280/2961 2996/3293/2972 2995/3292/2971 2983/3279/2960
f 2985/3281/2962 2997/3294/2973 2996/3293/2972 2984/3280/2961
f 2986/3270/2963 2998/3283/2974 2997/3294/2973 2985/3281/2962
f 2987/3282/2964 2999/3295/2975 3010/3296/2986 2998/3283/2974
f 2988/3284/2965 3000/3297/2976 2999/3298/2975 2987/3285/2964
f 2989/3286/2966 3001/3299/2977 3000/3297/2976 2988/3284/2965
f 2990/3287/2919 3002/3300/2978 3001/3299/2977 2989/3286/2966
f 2991/3288/2967 3003/3301/2979 3002/3300/2978 2990/3287/2919
f 2992/3289/2968 3004/3302/2980 3003/3301/2979 2991/3288/2967
f 2993/3290/2969 3005/3303/2981 3004/3302/2980 2992/3289/2968
f 2994/3291/2970 3006/3304/2982 3005/3303/2981 2993/3290/2969
f 2995/3292/2971 3007/3305/2983 3006/3304/2982 2994/3291/2970
f 2996/3293/2972 3008/3306/2984 3007/3305/2983 2995/3292/2971
f 2997/3294/2973 3009/3307/2985 3008/3306/2984 2996/3293/2972
f 2998/3283/2974 3010/3296/2986 3009/3307/2985 2997/3294/2973
f 2999/3295/2975 3011/3308/2987 3022/3309/2998 3010/3296/2986
f 3000/3297/2976 3012/3310/2988 3011/3311/2987 2999/3298/2975
f 3001/3299/2977 3013/3312/2989 3012/3310/2988 3000/3297/2976
f 3002/3300/2978 3014/3313/2990 3013/3312/2989 3001/3299/2977
f 3003/3301/2979 3015/3314/2991 3014/3313/2990 3002/3300/2978
f 3004/3302/2980 3016/3315/2992 3015/3314/2991 3003/3301/2979
f 3005/3303/2981 3017/3316/2993 3016/3315/2992 3004/3302/2980
f 3006/3304/2982 3018/3317/2994 3017/3316/2993 3005/3303/2981
f 3007/3305/2983 3019/3318/2995 3018/3317/2994 3006/3304/2982
f 3008/3306/2984 3020/3319/2996 3019/3318/2995 3007/3305/2983
f 3009/3307/2985 3021/3320/2997 3020/3319/2996 3008/3306/2984
f 3010/3296/2986 3022/3309/2998 3021/3320/2997 3009/3307/2985
f 3011/3308/2987 3023/3321/2999 3034/3322/3010 3022/3309/2998
f 3012/3310/2988 3024/3323/3000 3023/3324/2999 3011/3311/2987
f 3013/3312/2989 3025/3325/3001 3024/3323/3000 3012/3310/2988
f 3014/3313/2990 3026/3326/3002 3025/3325/3001 3013/3312/2989
f 3015/3314/2991 3027/3327/3003 3026/3326/3002 3014/3313/2990
f 3016/3315/2992 3028/3328/3004 3027/3327/3003 3015/3314/2991
f 3017/3316/2993 3029/3329/3005 3028/3328/3004 3016/3315/2992
f 3018/3317/2994 3030/3330/3006 3029/3329/3005 3017/3316/2993
f 3019/3318/2995 3031/3331/3007 3030/3330/3006 3018/3317/2994
f 3020/3319/2996 3032/3332/3008 3031/3331/3007 3019/3318/2995
f 3021/3320/2997 3033/3333/3009 3032/3332/3008 3020/3319/2996
f 3022/3309/2998 3034/3322/3010 3033/3333/3009 3021/3320/2997
f 3023/3321/2999 3035/3334/3011 3046/3335/3022 3034/3322/3010
f 3024/3323/3000 3036/3336/3012 3035/3337/3011 3023/3324/2999
f 3025/3325/3001 3037/3338/3013 3036/3336/3012 3024/3323/3000
f 3026/3326/3002 3038/3339/3014 3037/3338/3013 3025/3325/3001
f 3027/3327/3003 3039/3340/3015 3038/3339/3014 3026/3326/3002
f 3028/3328/3004 3040/3341/3016 3039/3340/3015 3027/3327/3003
f 3029/3329/3005 3041/3342/3017 3040/3341/3016 3028/3328/3004
f 3030/3330/3006 3042/3343/3018 3041/3342/3017 3029/3329/3005
f 3031/3331/3007 3043/3344/3019 3042/3343/3018 3030/3330/3006
f 3032/3332/3008 3044/3345/3020 3043/3344/3019 3031/3331/3007
f 3033/3333/3009 3045/3346/3021 3044/3345/3020 3032/3332/3008
f 3034/3322/3010 3046/3335/3022 3045/3346/3021 3033/3333/3009
f 3035/3334/3011 3047/3347/3023 3058/3348/3034 3046/3335/3022
f 3036/3336/3012 3048/3349/3024 3047/3350/3023 3035/3337/3011
f 3037/3338/3013 3049/3351/3025 3048/3349/3024 3036/3336/3012
f 3038/3339/3014 3050/3352/3026 3049/3351/3025 3037/3338/3013
f 3039/3340/3015 3051/3353/3027 3050/3352/3026 3038/3339/3014
f 3040/3341/3016 3052/3354/3028 3051/3353/3027 3039/3340/3015
f 3041/3342/3017 3053/3355/3029 3052/3354/3028 3040/3341/3016
f 3042/3343/3018 3054/3356/3030 3053/3355/3029 3041/3342/3017
f 3043/3344/3019 3055/3357/3031 3054/3356/3030 3042/3343/3018
f 3044/3345/3020 3056/3358/3032 3055/3357/3031 3043/3344/3019
f 3045/3346/3021 3057/3359/3033 3056/3358/3032 3044/3345/3020
f 3046/3335/3022 3058/3348/3034 3057/3359/3033 3045/3346/3021
f 3047/3347/3023 3059/3360/3035 3070/3361/3046 3058/3348/3034
f 3048/3349/3024 3060/3362/3036 3059/3363/3035 3047/3350/3023
f 3049/3351/3025 3061/3364/3037 3060/3362/3036 3048/3349/3024
f 3050/3352/3026 3062/3365/3038 3061/3364/3037 3049/3351/3025
f 3051/3353/3027 3063/3366/3039 3062/3365/3038 3050/3352/3026
f 3052/3354/3028 3064/3367/3040 3063/3366/3039 3051/3353/3027
f 3053/3355/3029 3065/3368/3041 3064/3367/3040 3052/3354/3028
f 3054/3356/3030 3066/3369/3042 3065/3368/3041 3053/3355/3029
f 3055/3357/3031 3067/3370/3043 3066/3369/3042 3054/3356/3030
f 3056/3358/3032 3068/3371/3044 3067/3370/3043 3055/3357/3031
f 3057/3359/3033 3069/3372/3045 3068/3371/3044 3056/3358/3032
f 3058/3348/3034 3070/3361/3046 3069/3372/3045 3057/3359/3033
f 3059/3360/3035 3071/3373/3047 3082/3374/3058 3070/3361/3046
f 3060/3362/3036 3072/3375/3048 3071/3376/3047 3059/3363/3035
f 3061/3364/3037 3073/3377/3049 3072/3375/3048 3060/3362/3036
f 3062/3365/3038 3074/3378/3050 3073/3377/3049 3061/3364/3037
f 3063/3366/3039 3075/3379/3051 3074/3378/3050 3062/3365/3038
f 3064/3367/3040 3076/3380/3052 3075/3379/3051 3063/3366/3039
f 3065/3368/3041 3077/3381/3053 3076/3380/3052 3064/3367/3040
f 3066/3369/3042 3078/3382/3054 3077/3381/3053 3065/3368/3041
f 3067/3370/3043 3079/3383/3055 3078/3382/3054 3066/3369/3042
f 3068/3371/3044 3080/3384/3056 3079/3383/3055 3067/3370/3043
f 3069/3372/3045 3081/3385/3057 3080/3384/3056 3068/3371/3044
f 3070/3361/3046 3082/3374/3058 3081/3385/3057 3069/3372/3045
f 3071/3373/3047 3083/3386/3059 3094/3387/3070 3082/3374/3058
f 3072/3375/3048 3084/3388/3060 3083/3389/3059 3071/3376/3047
f 3073/3377/3049 3085/3390/3061 3084/3388/3060 3072/3375/3048
f 3074/3378/3050 3086/3391/3062 3085/3390/3061 3073/3377/3049
f 3075/3379/3051 3087/3392/3063 3086/3391/3062 3074/3378/3050
f 3076/3380/3052 3088/3393/3064 3087/3392/3063 3075/3379/3051
f 3077/3381/3053 3089/3394/3065 3088/3393/3064 3076/3380/3052
f 3078/3382/3054 3090/3395/3066 3089/3394/3065 3077/3381/3053
f 3079/3383/3055 3091/3396/3067 3090/3395/3066 3078/3382/3054
f 3080/3384/3056 3092/3397/3068 3091/3396/3067 3079/3383/3055
f 3081/3385/3057 3093/3398/3069 3092/3397/3068 3080/3384/3056
f 3082/3374/3058 3094/3387/3070 3093/3398/3069 3081/3385/3057
f 3083/3386/3059 3095/3399/3071 3106/3400/3082 3094/3387/3070
f 3084/3388/3060 3096/3401/3072 3095/3402/3071 3083/3389/3059
f 3085/3390/3061 3097/3403/3073 3096/3401/3072 3084/3388/3060
f 3086/3391/3062 3098/3404/3074 3097/3403/3073 3085/3390/3061
f 3087/3392/3063 3099/3405/3075 3098/3404/3074 3086/3391/3062
f 3088/3393/3064 3100/3406/3076 3099/3405/3075 3087/3392/3063
f 3089/3394/3065 3101/3407/3077 3100/3406/3076 3088/3393/3064
f 3090/3395/3066 3102/3408/3078 3101/3407/3077 3089/3394/3065
f 3091/3396/3067 3103/3409/3079 3102/3408/3078 3090/3395/3066
f 3092/3397/3068 3104/3410/3080 3103/3409/3079 3091/3396/3067
f 3093/3398/3069 3105/3411/3081 3104/3410/3080 3092/3397/3068
f 3094/3387/3070 3106/3400/3082 3105/3411/3081 3093/3398/3069
f 3095/3399/3071 3107/3412/3083 3118/3413/3094 3106/3400/3082
f 3096/3401/3072 3108/3414/3084 3107/3415/3083 3095/3402/3071
f 3097/3403/3073 3109/3416/3085 3108/3414/3084 3096/3401/3072
f 3098/3404/3074 3110/3417/3086 3109/3416/3085 3097/3403/3073
f 3099/3405/3075 3111/3418/3087 3110/3417/3086 3098/3404/3074
f 3100/3406/3076 3112/3419/3088 3111/3418/3087 3099/3405/3075
f 3101/3407/3077 3113/3420/3089 3112/3419/3088 3100/3406/3076
f 3102/3408/3078 3114/3421/3090 3113/3420/3089 3101/3407/3077
f 3103/3409/3079 3115/3422/3091 3114/3421/3090 3102/3408/3078
f 3104/3410/3080 3116/3423/3092 3115/3422/3091 3103/3409/3079
f 3105/3411/3081 3117/3424/3093 3116/3423/3092 3104/3410/3080
f 3106/3400/3082 3118/3413/3094 3117/3424/3093 3105/3411/3081
f 3107/3412/3083 3119/3425/3095 3130/3426/3106 3118/3413/3094
f 3108/3414/3084 3120/3427/3096 3119/3428/3095 3107/3415/3083
f 3109/3416/3085 3121/3429/3097 3120/3427/3096 3108/3414/3084
f 3110/3417/3086 3122/3430/3098 3121/3429/3097 3109/3416/3085
f 3111/3418/3087 3123/3431/3099 3122/3430/3098 3110/3417/3086
f 3112/3419/3088 3124/3432/3100 3123/3431/3099 3111/3418/3087
f 3113/3420/3089 3125/3433/3101 3124/3432/3100 3112/3419/3088
f 3114/3421/3090 3126/3434/3102 3125/3433/3101 3113/3420/3089
f 3115/3422/3091 3127/3435/3103 3126/3434/3102 3114/3421/3090
f 3116/3423/3092 3128/3436/3104 3127/3435/3103 3115/3422/3091
f 3117/3424/3093 3129/3437/3105 3128/3436/3104 3116/3423/3092
f 3118/3413/3094 3130/3426/3106 3129/3437/3105 3117/3424/3093
f 3119/3425/3095 3131/3438/3107 3142/3439/3118 3130/3426/3106
f 3120/3427/3096 3132/3440/3108 3131/3441/3107 3119/3428/3095
f 3121/3429/3097 3133/3442/3109 3132/3440/3108 3120/3427/3096
f 3122/3430/3098 3134/3443/3110 3133/3442/3109 3121/3429/3097
f 3123/3431/3099 3135/3444/3111 3134/3443/3110 3122/3430/3098
f 3124/3432/3100 3136/3445/3112 3135/3444/3111 3123/3431/3099
f 3125/3433/3101 3137/3446/3113 3136/3445/3112 3124/3432/3100
f 3126/3434/3102 3138/3447/3114 3137/3446/3113 3125/3433/3101
f 3127/3435/3103 3139/3448/3115 3138/3447/3114 3126/3434/3102
f 3128/3436/3104 3140/3449/3116 3139/3448/3115 3127/3435/3103
f 3129/3437/3105 3141/3450/3117 3140/3449/3116 3128/3436/3104
f 3130/3426/3106 3142/3439/3118 3141/3450/3117 3129/3437/3105
f 3131/3438/3107 3143/3451/3119 3154/3452/3130 3142/3439/3118
f 3132/3440/3108 3144/3453/3120 3143/3454/3119 3131/3441/3107
f 3133/3442/3109 3145/3455/3121 3144/3453/3120 3132/3440/3108
f 3134/3443/3110 3146/3456/3122 3145/3455/3121 3133/3442/3109
f 3135/3444/3111 3147/3457/3123 3146/3456/3122 3134/3443/3110
f 3136/3445/3112 3148/3458/3124 3147/3457/3123 3135/3444/3111
f 3137/3446/3113 3149/3459/3125 3148/3458/3124 3136/3445/3112
f 3138/3447/3114 3150/3460/3126 3149/3459/3125 3137/3446/3113
f 3139/3448/3115 3151/3461/3127 3150/3460/3126 3138/3447/3114
f 3140/3449/3116 3152/3462/3128 3151/3461/3127 3139/3448/3115
f 3141/3450/3117 3153/3463/3129 3152/3462/3128 3140/3449/3116
f 3142/3439/3118 3154/3452/3130 3153/3463/3129 3141/3450/3117
f 3143/3451/3119 3155/3464/3131 3166/3465/3142 3154/3452/3130
f 3144/3453/3120 3156/3466/3132 3155/3467/3131 3143/3454/3119
f 3145/3455/3121 3157/3468/3133 3156/3466/3132 3144/3453/3120
f 3146/3456/3122 3158/3469/3134 3157/3468/3133 3145/3455/3121
f 3147/3457/3123 3159/3470/3135 3158/3469/3134 3146/3456/3122
f 3148/3458/3124 3160/3471/3136 3159/3470/3135 3147/3457/3123
f 3149/3459/3125 3161/3472/3137 3160/3471/3136 3148/3458/3124
f 3150/3460/3126 3162/3473/3138 3161/3472/3137 3149/3459/3125
f 3151/3461/3127 3163/3474/3139 3162/3473/3138 3150/3460/3126
f 3152/3462/3128 3164/3475/3140 3163/3474/3139 3151/3461/3127
f 3153/3463/3129 3165/3476/3141 3164/3475/3140 3152/3462/3128
f 3154/3452/3130 3166/3465/3142 3165/3476/3141 3153/3463/3129
f 3155/3464/3131 3167/3477/3143 3178/3478/3154 3166/3465/3142
f 3156/3466/3132 3168/3479/3144 3167/2795/3143 3155/3467/3131
f 3157/3468/3133 3169/3480/3145 3168/3479/3144 3156/3466/3132
f 3158/3469/3134 3170/3481/3146 3169/3480/3145 3157/3468/3133
f 3159/3470/3135 3171/3482/3147 3170/3481/3146 3158/3469/3134
f 3160/3471/3136 3172/3483/3148 3171/3482/3147 3159/3470/3135
f 3161/3472/3137 3173/3484/3149 3172/3483/3148 3160/3471/3136
f 3162/3473/3138 3174/3485/3150 3173/3484/3149 3161/3472/3137
f 3163/3474/3139 3175/3486/3151 3174/3485/3150 3162/3473/3138
f 3164/3475/3140 3176/3487/3152 3175/3486/3151 3163/3474/3139
f 3165/3476/3141 3177/3488/3153 3176/3487/3152 3164/3475/3140
f 3166/3465/3142 3178/3478/3154 3177/3488/3153 3165/3476/3141
